symbol,date,next_day_high,next_day_low,next_day_close,next_day_volume,feature_close,feature_volume,feature_daily_range,feature_body_ratio,feature_return_1d,feature_return_5d,feature_ma_5_ratio,feature_ma_10_ratio,feature_ma_20_ratio,feature_volume_ratio,feature_rsi
AAPL,2020-01-29,81.0225,79.6875,80.9675,126551232,81.085,216599620,0.01994820250354575,0.017001545489946115,0.020932355440838483,0.020900220333648054,1.0208873668572003,1.0890031993580358,1.074254524957528,1.2698710050018573,51.66836786504733
AAPL,2020-01-30,80.67,77.0725,77.3775,199588384,80.9675,126551232,0.016488097075987203,0.6229213436485281,-0.0014490966269962709,0.014534974783071723,1.01643902683974,1.0842833019214473,1.0685358166772168,0.7439227914135436,51.536471280051884
AAPL,2020-01-31,78.3725,75.555,77.165,173985604,77.3775,199588384,0.046492843526865,0.7936066690935205,-0.044338777904714896,-0.0276460054663693,0.9767666439445581,1.0394159337197555,1.0191273667444327,1.155252415911656,49.16917589671727
AAPL,2020-02-03,79.91,78.4086,79.7125,136616536,77.165,173985604,0.03651266766020858,0.38686778922141163,-0.0027462763723303477,-0.0009386632141121982,0.9742625010258387,0.9752814527162597,1.0148482311205853,0.9911485026465182,49.54823340651863
AAPL,2020-02-04,81.19,79.7375,80.3625,118746872,79.7125,136616536,0.01883518896032604,0.5894498428836504,0.0330136720015551,0.003651358242311766,1.005690026053002,1.0067537913113218,1.0448377459487268,0.7727411886509683,50.827511705841765
AAPL,2020-02-05,81.305,80.0662,81.3025,105392140,80.3625,118746872,0.018074350598848973,0.3562822694920313,0.00815430453191145,-0.008910402663871204,1.0157425079312916,1.0137628277502004,1.0502156312731517,0.6742620089467681,50.686233317170796
AAPL,2020-02-06,80.85,79.5,80.0075,117684048,81.3025,105392140,0.015236923833830596,0.5327736476204826,0.011696997977912555,0.004137462562139053,1.0267541422509598,1.023690207879528,1.0598027120727145,0.6096995533893936,50.71564250684657
AAPL,2020-02-07,80.3875,78.4625,80.3875,109346860,80.0075,117684048,0.016873418117051456,0.43333333012346453,-0.015928169490483094,0.033989208749313375,1.0037322795132353,1.0068395751535288,1.041276226041538,0.6854055054133416,88.05752673265499
AAPL,2020-02-10,80.975,79.6775,79.9025,94323120,80.3875,109346860,0.023946509096563484,0.9571428521706885,0.004749554729244255,0.0417611611481889,1.0004106801734813,1.0076273204728061,1.0454411723317403,0.6392202461490276,53.7020517395183
AAPL,2020-02-11,81.805,80.3675,81.8,113730292,79.9025,94323120,0.016238540721504324,0.7687861212424983,-0.006033276317835477,0.0023835659400971957,0.9939049040644339,1.0009457952822978,1.0379644076876648,0.5626248021338645,51.40296753342149
AAPL,2020-02-12,81.555,80.8375,81.2175,94451512,81.8,113730292,0.017573349633251835,0.996521732198103,0.02374769250023458,0.01788769637579717,1.0138820029747149,1.0237989449113565,1.0598841008443236,0.6800477384632972,55.37569135302845
AAPL,2020-02-13,81.495,80.7125,81.2375,80113788,81.2175,94451512,0.008834302951950024,0.2369337946071965,-0.007121026894865478,-0.001045478306325067,1.0068742794093948,1.0161904821485548,1.0506978630612094,0.5669092586005606,54.342070426264236
AAPL,2020-02-14,24.311896,23.723504,24.163328,114644889,81.2375,80113788,0.009632251115556226,0.06709265089976799,0.00024625234709263423,0.01537355872886922,1.0040601169214796,1.0115552954507252,1.0499005685519651,0.48932614753881004,62.073649260489006
AAPL,2020-02-17,79.9375,78.6525,79.75,152762180,24.163328,114644889,0.02435061925244745,0.7475016528521515,-0.7025594337590398,-0.6994143616855855,0.3468544809499592,0.32213762072017793,0.3135446054532321,0.8854931443248182,11.332438363431024
AAPL,2020-02-18,81.1425,80.0,80.905,93983964,79.75,152762180,0.01611285266457676,0.7081712007146203,2.300455963681824,-0.0019085760770940008,1.1452793603902995,1.0631478806520935,1.0344324438981822,1.1610181367076784,49.4676114082349
AAPL,2020-02-19,81.1625,79.5525,80.075,100565956,80.905,93983964,0.014121500525307439,0.79212253135998,0.01448275862068967,-0.010941320293398485,1.1648605504192364,1.0777657468602642,1.0484075657723906,0.716430607154396,49.97527999733958
AAPL,2020-02-20,80.1125,77.625,78.2625,129705660,80.075,100565956,0.020106150483921316,0.36180123998880986,-0.010258945677028593,-0.014067165327669507,1.1567158068913759,1.0684561446381151,1.03747219487063,0.7677474822993584,51.090728878127265
AAPL,2020-02-21,76.045,72.3075,74.545,222149312,78.2625,129705660,0.03178406005430438,0.5597989927244261,-0.022635029659694036,-0.036621018618248895,1.140334705316443,1.046708751270769,1.014853508111892,0.9966109709676031,50.43810331117165
AAPL,2020-02-24,75.6325,71.5325,72.02,230623456,74.545,222149312,0.05013750083841971,0.06153846137381125,-0.04750039929723687,2.085046894202653,0.9471143156624209,1.004841452693108,0.9683380112760399,1.668303703976914,47.956311843961274
AAPL,2020-02-25,74.47,71.625,73.1625,198153724,72.02,230623456,0.05692863093585108,0.7847560956469377,-0.03387215775705957,-0.09692789968652042,0.9333670288939431,0.9812312238707676,0.9400580335598733,1.6885808693379547,46.748852252289154
AAPL,2020-02-26,71.5,68.24,68.38,318605524,73.1625,198153724,0.038886041346318116,0.5377855868619142,0.015863648986392646,-0.09569865892095676,0.9675915517172974,1.0086672270819252,0.9599341380675896,1.4607076605506975,46.83276724689748
AAPL,2020-02-27,69.6025,64.0925,68.34,426884920,68.38,318605524,0.04767475870137475,0.5812883417751914,-0.06536818725439944,-0.14605057758351553,0.9332095968556376,0.9597181829520623,0.9046554131149426,2.193366343156236,45.59533841604953
AAPL,2020-02-28,75.36,69.43,74.7025,341329356,68.34,426884920,0.08062628036289149,0.7304900168230675,-0.0005849663644339287,-0.12678485864877814,0.958626445689758,0.9768392639778867,0.9095637990222083,2.725548026630536,45.42445014632796
AAPL,2020-03-02,76.0,71.45,72.33,319474208,74.7025,341329356,0.07938154680231575,0.6968802686393272,0.09310067310506287,0.0021128177610838937,1.047412403079037,0.9958441229499729,0.9958767629165034,2.068779299228095,48.10948061731914
AAPL,2020-03-03,75.85,73.2825,75.685,219178272,72.33,319474208,0.06290612470620763,0.7884615367286577,-0.03175931193735152,0.004304359900027802,1.0132664640040345,0.9738495871607497,0.9690168302990847,1.8346501082468787,46.56892372115273
AAPL,2020-03-04,74.8875,72.8525,73.23,187572876,75.685,219178272,0.03392349871176581,0.6134371933264396,0.046384626019632294,0.03447804544677954,1.0528255955486003,1.0262338093769172,1.0171513147302647,1.2233991650713782,48.03499668593712
AAPL,2020-03-05,72.705,70.3075,72.2575,226176984,73.23,187572876,0.02778915744913282,0.31941031784073187,-0.032437074717579416,0.07092717168762809,1.0051127200356862,1.0022479752825366,0.9895255096676603,1.0235107579525606,47.204296903661856
AAPL,2020-03-06,69.5225,65.75,66.5425,286744832,72.2575,226176984,0.03317994671833365,0.7330552628443984,-0.013280076471391653,0.05732367573895215,0.9812129112858327,0.9971331086279285,0.9815239131242008,1.1986770432395781,77.60568772252822
AAPL,2020-03-09,71.61,67.3425,71.335,285290080,66.5425,286744832,0.056693090881767196,0.16037110626806997,-0.07909213576445337,-0.10923329205849866,0.9240858781541197,0.9285215935254308,0.9124733636762614,1.451440873664708,32.26586102719034
AAPL,2020-03-10,70.305,67.965,68.8575,256379880,71.335,285290080,0.05982336861288286,0.48037492564645545,0.07202164030506804,-0.013756394303885035,0.9933853223784987,0.9963475868233779,0.9839711886504653,1.377500311713738,38.29357798165137
AAPL,2020-03-11,67.5,62.0,62.0575,418474068,68.8575,256379880,0.033983226228079776,0.20940170850682782,-0.03473049695100571,-0.09020942062495872,0.9774716265996635,0.9675617570188012,0.9583518457649869,1.196697144302246,36.8099241577988
AAPL,2020-03-12,69.98,63.2375,69.4925,368732128,62.0575,418474068,0.08862748257664263,0.3504545448173557,-0.0987546745089497,-0.15256725385770867,0.9098006157454918,0.8798270331578854,0.8753818933296605,1.8159729355391818,32.94569564302252
AAPL,2020-03-13,64.77,60.0,60.5525,322423460,69.4925,368732128,0.09702485879771207,0.4849833140749238,0.11980824235587978,-0.038265923952530694,1.027129491405176,0.9836303415476512,0.988447901944671,1.5058181828629595,45.06856668781417
AAPL,2020-03-16,64.4025,59.6,63.215,323855860,60.5525,322423460,0.07877461706783363,0.0136268343529846,-0.1286469762924057,-0.09001765788781609,0.9111256564197475,0.8746064072565501,0.8395595787123934,1.2631151586287863,40.05291234766015
AAPL,2020-03-17,62.5,59.28,61.6675,300233624,63.215,323855860,0.07597089298426009,0.2785007802634039,0.043970108583460656,-0.11382911614214608,0.9750134957970233,0.9252442460390061,0.8866385333260867,1.2275859316778024,41.59306993450243
AAPL,2020-03-18,63.21,60.6525,61.195,271857020,61.6675,300233624,0.052215510601208076,0.5357142840505752,-0.024479949379103163,-0.104418545546963,0.9727195293152672,0.9215004314805196,0.8767620902673614,1.0952326749281664,43.99892718251308
AAPL,2020-03-19,62.9575,57.0,57.31,401693384,61.195,271857020,0.04179263011683957,0.2546627556024916,-0.007662058620829393,-0.01389840067679164,0.9679001020174142,0.9311862562721355,0.881880345575467,0.9616712459135714,43.661284599006386
AAPL,2020-03-20,57.1249,53.1525,56.0925,336752832,57.31,401693384,0.10395218984470429,0.752832562731292,-0.06348557888716395,-0.1753066877720618,0.9427847601500297,0.8923663824983454,0.8385535646025342,1.3557364379629946,33.860715445645624
AAPL,2020-03-23,61.9225,58.575,61.72,287531092,56.0925,336752832,0.07081873690778613,0.2334860531832502,-0.021244110975396982,-0.07365509268816317,0.9364982636570055,0.887855644810257,0.8319706324044721,1.1149950261673873,34.602437058460964
AAPL,2020-03-24,64.5625,61.075,61.38,303602040,61.72,287531092,0.05423687621516521,0.7856609386537382,0.1003253554396755,-0.023649450288697374,1.0356225984529421,0.9920277742059919,0.9224848201774873,0.9431355231148506,37.304545454545455
AAPL,2020-03-25,64.67,61.59,64.61,252560596,61.38,303602040,0.05681818181818177,0.3749103931902207,-0.005508749189889766,-0.004662099160822059,1.0309122515304967,0.99856429945541,0.9255527889666507,0.9789205198683063,38.79644511676278
AAPL,2020-03-26,63.9675,61.7625,61.935,204216612,64.61,252560596,0.04767063921993497,0.9675324643911279,0.052623004235907406,0.0558052128441866,1.0728548300053966,1.0467650084651712,0.9770352854002332,0.8231089693885388,43.065693430656935
AAPL,2020-03-27,63.88,62.35,63.7025,167976440,61.935,204216612,0.03560184063937997,0.568027208308266,-0.041402259712118826,0.0807014482638283,1.0128786949589108,1.0158649449914094,0.9411416100154426,0.690611691036798,45.57842713881292
AAPL,2020-03-30,65.6225,63.0,63.5725,197002004,63.7025,167976440,0.024017895686982475,0.6650326753919417,0.028537983369661714,0.1356687614208673,1.0164832972977287,1.0394850100558477,0.9761582325640196,0.5852097158895238,42.22403341653508
AAPL,2020-03-31,62.18,59.7825,60.2275,176046552,63.5725,197002004,0.041252113728420345,0.12488083841799501,-0.002040736234841687,0.030014581983149696,1.0084470177664975,1.0367588900576499,0.9807468316350535,0.7012926117422639,44.34517440616306
AAPL,2020-04-01,61.2875,59.225,61.2325,165933972,60.2275,176046552,0.03980739695321906,0.582898850540568,-0.05261709072319004,-0.018776474421635766,0.9588915689505568,0.9845196936632093,0.9403549311937794,0.6315432756661196,47.88561525129983
AAPL,2020-04-02,61.425,59.7435,60.3525,129880068,61.2325,165933972,0.033683093128649,0.5563636336661162,0.016686729484039726,-0.05227518959913323,0.9854910355039109,1.0008867530535772,0.9650854443222967,0.5975851848490065,38.790880716515126
AAPL,2020-04-03,65.7775,62.345,65.6175,201820284,60.3525,129880068,0.0278613147756928,0.20666071836657543,-0.014371453068223615,-0.025550980867038074,0.9763012092045131,0.981620786402635,0.9602243347519988,0.47599643865133745,49.652596838631226
AAPL,2020-04-06,67.925,64.75,64.8575,202887324,65.6175,201820284,0.05231074027507912,0.8426802597445591,0.08723747980613906,0.03006161453632128,1.0549352497166422,1.05097301193241,1.0447606727037517,0.751341926921168,53.827160493827165
AAPL,2020-04-07,66.8425,65.3075,66.5175,168895284,64.8575,202887324,0.04895347492579882,0.8952755877314167,-0.011582276069646132,0.020213142475126882,1.0384261297682424,1.0336062471363974,1.0380127195869233,0.7670802370915261,55.2124183006536
AAPL,2020-04-08,67.5175,66.175,66.9975,162116492,66.5175,168895284,0.023076633968504477,0.5423452733397688,0.025594572717110534,0.1044373417458802,1.043976740353603,1.0514522821576762,1.0665774077362637,0.6493007349818231,58.37200157294534
AAPL,2020-04-09,30.153974,29.44806,29.618156,200573709,66.9975,162116492,0.020038061121683663,0.13221601391272597,0.007216146126959131,0.09414934879353286,1.0328202440321574,1.0550579712997774,1.0700360751369038,0.6555436011285515,67.06597375143133
AAPL,2020-04-10,68.425,66.4575,68.3125,131022924,29.618156,200573709,0.023833826791917766,0.7590414588881762,-0.5579214746818911,-0.5092472391367383,0.5043823782606366,0.4914280649801132,0.4885980170943343,0.8395966634215093,29.491352487833794
AAPL,2020-04-13,72.0625,69.5125,71.7625,194994688,68.3125,131022924,0.028801463860933227,0.6277001238744587,1.306440009297,0.04107136053644215,1.1527467496836248,1.1248454435603017,1.11975483436498,0.5713468684195525,53.376918227857246
AAPL,2020-04-14,71.5825,70.1575,71.1075,131154564,71.7625,194994688,0.035533879115136696,0.6911764678777412,0.05050320219579144,0.10646417145280039,1.183386702829986,1.165930243380954,1.1681228909979682,0.8748870325465345,55.15407939787207
AAPL,2020-04-15,72.0494,70.5875,71.6725,157125160,71.1075,131154564,0.020040080160320602,0.3561403483779684,-0.009127329733495922,0.06900439733904618,1.1550995126819408,1.1352213215642595,1.148636034063549,0.611654504606693,53.31011327714531
AAPL,2020-04-16,71.7363,69.215,70.7,215249912,71.6725,157125160,0.020396944434755312,0.11799712621932291,0.007945715993390258,0.06977872308668229,1.1468585160640168,1.125482693848846,1.1480475068073062,0.752914304707716,55.06970351634532
AAPL,2020-04-17,70.42,69.2125,69.2325,130015000,70.7,215249912,0.03566195190947661,0.1874033229389458,-0.013568663015800992,1.3870493490546814,0.9998444372162748,1.0924602141596578,1.1204542556736958,1.079666014920054,53.67356820454613
AAPL,2020-04-20,69.3125,66.3575,67.0925,180991572,69.2325,130015000,0.017441230635900713,0.21118012247469573,-0.02075671852899577,0.013467520585544398,0.976549827209253,1.063841792501714,1.0858908522132893,0.6878000200093386,52.93025310097399
AAPL,2020-04-21,69.475,68.05,69.025,117055368,67.0925,180991572,0.044043671051160686,0.669204735468002,-0.030910338352652302,-0.06507577077164259,0.9589985849258871,1.0274295300721326,1.0479104354320612,0.985238760312614,53.59900101587767
AAPL,2020-04-22,70.4375,68.7175,68.7575,124801712,69.025,117055368,0.020644693951466817,0.4368421021976018,0.028803517531765913,-0.029286643462363267,0.9925299628295553,1.0529797858879373,1.071695575395396,0.6712816987832344,54.04590024372285
AAPL,2020-04-23,70.7525,69.25,70.7425,126508732,68.7575,124801712,0.02501545285968802,0.12209302254597551,-0.0038754074610650125,-0.04067110816561451,0.9970418276864627,1.0460904238143287,1.0641161361996718,0.7429204784593101,54.391846191892604
AAPL,2020-04-24,71.135,69.9875,70.7925,117087572,70.7425,126508732,0.021239000600770365,0.9600665493506465,0.028869577864233192,0.0006011315417256574,1.025699579527331,1.0129151423600922,1.0874254758657196,0.7709124731259837,52.77300766352185
AAPL,2020-04-27,71.4575,69.55,69.645,112004748,70.7925,117087572,0.016209344210191868,0.2984749429326792,0.0007067887055164456,0.022532770014083013,1.021802199705551,1.0100444438103255,1.0822963713325895,0.7247395187265787,53.236142266288475
AAPL,2020-04-28,72.4175,70.9725,71.9325,137280816,69.645,112004748,0.02738890085433267,0.8519003887187403,-0.016209344210191868,0.038044490814919625,0.9978865923988968,0.9966834462106496,1.0598334082797645,0.7120079545894551,51.71489787466496
AAPL,2020-04-29,73.6325,72.0875,73.45,183063872,71.9325,137280816,0.020088277204323598,0.5190311382765985,0.03284514322636239,0.04212241941325605,1.022145962997698,1.0282057054642526,1.0849808070353084,0.8835735365494561,52.653405895677565
AAPL,2020-04-30,74.75,71.4625,72.2675,240616692,73.45,183063872,0.021034717494894314,0.6213592192792385,0.021096166545024823,0.06824710031632927,1.029973707274321,1.0472361235866947,1.0977550038841546,1.1717850918970958,88.36025667226842
AAPL,2020-05-01,73.4225,71.5793,73.29,133446864,72.2675,240616692,0.0454907115923478,0.21444866854920544,-0.016099387338325454,0.021557055518252696,1.0090759939958809,1.0280785987374408,1.070549809435838,1.4874613734477833,60.079001019367965
AAPL,2020-05-04,75.25,73.615,74.39,147751180,73.29,133446864,0.025149406467457985,0.5411783824805885,0.014148822084616293,0.03527916092806444,1.0162652356587214,1.036640994632211,1.0795617762235388,0.8427620623071855,54.44234404536862
AAPL,2020-05-05,75.81,74.7175,75.1575,142333256,74.39,147751180,0.021978760586100352,0.3822629946038949,0.01500886887706364,0.06813123698757993,1.018120603290176,1.041450106223991,1.0881253898652783,0.9496319063470685,59.305457122608054
AAPL,2020-05-06,76.2925,75.4925,75.935,115215056,75.1575,142333256,0.014536140771047482,0.03890160147458849,0.010317246941793229,0.044833698258784194,1.019623936725862,1.0432383662421487,1.092448668626779,0.9226856889397623,59.76737668161432
AAPL,2020-05-07,77.5875,76.0725,77.5325,134047940,75.935,115215056,0.01053532626588526,0.1624999979687449,0.010344942287862202,0.033832539142273646,1.0232724234583872,1.0436330276490255,1.0966268117423763,0.7584195529882857,64.83423066024366
AAPL,2020-05-08,79.2625,76.81,78.7525,145945400,77.5325,134047940,0.019540192822364823,0.7409240875186541,0.021037729637189657,0.07285432594181342,1.030181634578334,1.0557365441504374,1.082253423809017,0.9021428104741438,73.34739803094226
AAPL,2020-05-11,79.922,77.7275,77.8525,162100936,78.7525,145945400,0.031141868512110735,0.7043832794928273,0.01573533679424756,0.07453267840087312,1.031419646774542,1.0608504719792822,1.091331121870101,0.9773052771999274,84.58914268762967
AAPL,2020-05-12,78.9875,75.8025,76.9125,200622556,77.8525,162100936,0.028187919463087126,0.7313738859358659,-0.011428208628297406,0.046545234574539664,1.0104677724995457,1.0372588467277768,1.0743258511275058,1.0975769259803054,77.89540211723805
AAPL,2020-05-13,77.4475,75.3825,77.385,158600728,76.9125,200622556,0.041410693970420964,0.3532182092520619,-0.01207411451141597,0.02335096297774667,0.9937400674444744,1.0179805172459433,1.0571202278830278,1.3271916258209937,74.71961200363742
AAPL,2020-05-14,76.975,75.0525,76.9275,165283688,77.385,158600728,0.026684758028041763,0.6089588348234439,0.006143344709897752,0.019095278856917138,0.9961126057126678,1.0189275486355707,1.0594553152456285,1.0486900203933964,72.16752878358079
AAPL,2020-05-15,79.125,77.581,78.74,135369872,76.9275,165283688,0.024991063013876696,0.9570871211594895,-0.005911998449312014,-0.007803179311901512,0.9917683005440527,1.006726560097365,1.0487211777195742,1.111235376773307,69.93177387914221
AAPL,2020-05-18,79.63,78.2525,78.285,101729540,78.74,135369872,0.0196088392176784,0.28983160434046357,0.02356114523414904,-0.00015872511983750157,1.015168217009289,1.0231488399591988,1.0665185767110483,0.9084834380433574,78.3245094985985
AAPL,2020-05-19,79.88,79.05,79.8075,111504860,78.285,101729540,0.017595963466819926,0.3430127016841164,-0.005778511557023093,0.005555377155518324,1.0081777205408884,1.0121140818120702,1.052378639879417,0.7013734621574426,72.33257162946029
AAPL,2020-05-20,80.2225,78.9675,79.2125,102688844,79.8075,111504860,0.010400025060301328,0.7680722799027486,0.019448170147537944,0.037640175524134706,1.0201779391274337,1.0256319638106743,1.0651260714488289,0.7702431045851775,72.3422948515199
AAPL,2020-05-21,79.8075,78.8375,79.7225,81803016,79.2125,102688844,0.01584345905002361,0.3605577660513343,-0.007455439651661797,0.023615687794792277,1.0078631456399623,1.0137156349279985,1.0498605045692209,0.7148039213901016,75.458211143695
AAPL,2020-05-22,49.276998,46.300679,47.380109,253993018,79.7225,81803016,0.012167204992317087,0.8041237030502731,0.006438377781284404,0.03633291085762571,1.0071885639927485,1.0173909436923931,1.0503692382690266,0.5784202945270055,74.50009521995804
AAPL,2020-05-25,81.06,79.125,79.1825,125519176,47.380109,253993018,0.0628179010732119,0.18886987520870638,-0.40568711467904295,-0.3982714122428245,0.6500976904683677,0.6298660923853846,0.6340267472854935,1.713042228034093,19.562815694093104
AAPL,2020-05-26,79.6775,78.2725,79.5275,112941436,79.1825,125519176,0.024437217819594004,0.8746769980636814,0.6712181898948356,0.011464520661684971,1.0837858279173425,1.0507857893111305,1.0528781943111245,0.8427167520135025,52.66892887509442
AAPL,2020-05-27,80.86,78.9075,79.5625,133795408,79.5275,112941436,0.017666844802112492,0.3505338053342836,0.004357023332175656,-0.003508442189017337,1.0893428703831987,1.0517144099384126,1.052152784142029,0.7645182403430463,52.39588545537403
AAPL,2020-05-28,80.2875,79.1175,79.485,153598128,79.5625,133795408,0.02454045561665358,0.18950063923431398,0.00044009933670738534,0.004418494555783421,1.0887783272614775,1.0491560737550898,1.0483767935492654,0.921040664106658,51.3826495221032
AAPL,2020-05-29,80.5875,79.3025,80.4625,81000752,79.485,153598128,0.014719758444989463,0.27991452752210155,-0.0009740769835035421,-0.0029790836965724503,1.0884252681843025,1.044611201316037,1.0423988133940945,1.0900090398120301,50.50679919026151
AAPL,2020-06-01,80.86,79.7325,80.835,87642632,80.4625,81000752,0.01597017244057804,0.7976653634422907,0.012297917846134569,0.6982337461486213,1.0102769825724474,1.0550693293874704,1.0502785256742397,0.5857216015364333,51.803861956484994
AAPL,2020-06-02,81.55,80.575,81.28,104490584,80.835,87642632,0.013948166017195495,0.5753436756067012,0.004629485785303564,0.020869510308464484,1.0107596796478877,1.0564213987605062,1.0507210899575774,0.6478283480818305,52.73241051395622
AAPL,2020-06-03,81.405,80.195,80.58,87560364,81.28,104490584,0.011995570866141662,0.11794871673898295,0.005505041133172604,0.022036402502279055,1.0118892001244941,1.0601968100678898,1.0523180551905982,0.7833189837479162,52.714293961199765
AAPL,2020-06-04,82.9375,80.8075,82.875,137248048,80.58,87560364,0.015016133035492776,0.4276859468786243,-0.008612204724409484,0.012788688138256066,1.0006395251370632,1.0491946936596865,1.0401277161695976,0.6632760749764249,52.536730256723914
AAPL,2020-06-05,83.4,81.83,83.365,95650900,82.875,137248048,0.025701357466063293,0.9565727654620991,0.02848101265822787,0.042649556520098136,1.0205463848337264,1.0746656157026957,1.0660757211594316,1.0384052647092192,52.852716411068336
AAPL,2020-06-08,86.4025,83.0025,85.9975,147712228,83.365,95650900,0.018832843519462693,0.5111464935595709,0.005912518853695262,0.03607270467609121,1.0192940198320024,1.0328251698868245,1.0692069177855599,0.7377213303493495,53.50297563989367
AAPL,2020-06-09,88.6925,86.5225,88.21,166646980,85.9975,147712228,0.039536033024215884,0.8713235268490487,0.03157800035986334,0.06386466258427673,1.038372605485423,1.0565192820374214,1.097239202182375,1.1456085082594432,54.20403309534385
AAPL,2020-06-10,87.765,83.87,83.975,201659684,88.21,166646980,0.02460038544382725,0.5691244213404397,0.025727492078257988,0.08526082677165345,1.0475562760152246,1.0722631974010897,1.1174149584274162,1.3097160994024426,55.97941589649662
AAPL,2020-06-11,86.95,83.5558,84.7,200145124,83.975,201659684,0.046382852039297366,0.8607188681367962,-0.04801042965650153,0.04213204269049387,0.9892854408048583,1.0153373676796864,1.0593456810333721,1.55851791156798,52.692741326802086
AAPL,2020-06-12,86.42,83.145,85.7475,138808720,84.7,200145124,0.040073199527744956,0.4360379458015513,0.008633521881512457,0.02202111613876323,0.9935542143942194,1.0176863555534195,1.0632788308342143,1.5262521727251341,89.41279640922608
AAPL,2020-06-15,88.3,86.18,88.02,165428728,85.7475,138808720,0.03819353333916447,0.7435114481114149,0.012367178276269179,0.028579139926827896,1.0002507990574623,1.023771289392465,1.0717147363102213,1.0571313752805667,69.78601567209161
AAPL,2020-06-16,88.85,87.7725,87.8975,114388504,88.02,165428728,0.024085435128379806,0.07311320720229707,0.026502230385725457,0.023518125526904778,1.021937641137576,1.0419650784255696,1.093465314936406,1.2300271559413214,72.93101120561629
AAPL,2020-06-17,88.3625,87.305,87.9325,96820384,87.8975,114388504,0.012258596660883423,0.825986071220547,-0.0013917291524653747,-0.0035426822355741983,1.0212564483896454,1.0324272420546943,1.086483849261989,0.8496123429029132,72.39989250201558
AAPL,2020-06-18,89.14,86.2875,87.43,264475808,87.9325,96820384,0.012026270150399344,0.07565011748794123,0.00039819107483160277,0.04712712116701412,1.0123532831757034,1.0239950158375257,1.0810901464810236,0.7206970732498512,72.75420875420875
AAPL,2020-06-19,89.865,87.7875,89.7175,135445064,87.43,264475808,0.03262610088070463,0.43078001601829613,-0.0057146106388422675,0.03223140495867773,1.0002803027269453,1.0127711331846745,1.0698432087877476,1.8433410406232,69.2605390463027
AAPL,2020-06-22,93.095,90.5675,91.6325,212155476,89.7175,135445064,0.023156017499373037,0.9061371797538557,0.02616378817339579,0.046298725910376384,1.0172109819216661,1.0316773561093686,1.0701149373875265,0.9847045806882547,72.2034745656793
AAPL,2020-06-23,92.1975,89.63,90.015,192623396,91.6325,212155476,0.02758300821215184,0.25024727893076937,0.021344776660071802,0.04104180867984546,1.0304817705404736,1.0469144970794477,1.0849009831387924,1.495308416319622,74.10641518220979
AAPL,2020-06-24,91.25,89.3925,91.21,137522512,90.015,192623396,0.028523023940454476,0.48101265635437906,-0.017652033939922984,0.02409056002730461,1.007493382431124,1.026317814763402,1.0591744522627256,1.3205607917909454,71.06967396159001
AAPL,2020-06-25,91.33,88.255,88.4075,205256844,91.21,137522512,0.02036509154697952,0.5572005353582721,0.013275565183580439,0.03727290819662797,1.0134331840757325,1.031434379072772,1.065931192452819,0.9416048019236826,69.57491780178488
AAPL,2020-06-26,90.5434,87.82,90.445,130646076,88.4075,205256844,0.03478211690184659,0.8764227613774885,-0.03072579760991114,0.011180372869724259,0.9801655274872086,0.9955687435952297,1.0278208906637833,1.38095358640513,60.682131130176906
AAPL,2020-06-29,91.495,90.0,91.2,140217996,90.445,130646076,0.03011111725357966,0.7830285643569428,0.023046687215451115,0.008108785911332706,1.001140112018773,1.0131538045776471,1.0454422641520338,0.8645393456917305,59.66532652395957
AAPL,2020-06-30,91.84,90.9775,91.0275,110737236,91.2,140217996,0.016392543859649174,0.7892976535832955,0.008347614572392168,-0.004719941068943774,1.0104647362210615,1.0179849590489878,1.0478919361440853,0.9120156105585911,56.93735498839909
AAPL,2020-07-01,92.6175,90.91,91.0275,114041468,91.0275,110737236,0.009475158605915763,0.29275361979415926,-0.0018914473684210464,0.011248125312447958,1.0062957394591965,1.0125220031868123,1.0400854669115653,0.7188045594164749,70.16440314510369
AAPL,2020-07-02,49.288314,47.085623,47.763188,253488917,91.0275,114041468,0.018758067616929063,0.5475841842015549,0.0,-0.0020008770968094544,1.0067019458867636,1.009048206293561,1.0339143558515649,0.7339446770951045,68.87397464578676
AAPL,2020-07-03,93.945,92.4675,93.4625,118655652,47.763188,253488917,0.04611691748884102,0.6923921662530412,-0.47528836889950843,-0.4597382801232927,0.5804065757639538,0.5538109664709693,0.5535448271800519,1.572574304821704,17.79861385972083
AAPL,2020-07-06,94.655,93.0575,93.1725,112419852,93.4625,118655652,0.015808479336632254,0.6514382358616775,0.9567894002385269,0.03336281718171279,1.1274650750434965,1.0790060583057204,1.0768696934520197,0.7308910033767444,52.6573117834242
AAPL,2020-07-07,95.375,94.09,95.3425,117091880,93.1725,112419852,0.017145617000724426,0.42566509905687466,-0.0031028487361241808,0.021628289473684174,1.1186431354680852,1.0737490478151672,1.0691091696911441,0.700089658331295,52.57132379372693
AAPL,2020-07-08,96.3175,94.6725,95.6825,125632928,95.3425,117091880,0.013477725043920566,0.9046692536601595,0.023290133891437942,0.04740325725742218,1.1329575609456484,1.0920520683553798,1.0895503180569281,0.7406122341899687,53.53839049589649
AAPL,2020-07-09,95.98,94.7052,95.92,90257320,95.6825,125632928,0.017192276539597064,0.3525835844827744,0.0035660906730996503,0.05113839224410207,1.1245567084603767,1.090360728216493,1.0861697991807837,0.8142114295358662,53.94682255269455
AAPL,2020-07-10,99.955,95.2575,95.4775,191649140,95.92,90257320,0.01329024186822351,0.45889550942191193,0.0024821675855041113,1.0082411584419366,1.01271168545969,1.083788919010357,1.0819754381784514,0.6065446210795498,53.02572417275018
AAPL,2020-07-13,97.255,93.8775,97.0575,170984564,95.4775,191649140,0.049200073315702704,0.38052155320804193,-0.004613219349457834,0.02155944897686238,1.003768963088342,1.0726896744538428,1.0711061293674258,1.2654471825940166,51.90302022821909
AAPL,2020-07-14,99.2475,96.49,97.725,153175132,97.0575,170984564,0.03479895937974909,0.6565507012389329,0.016548401455840363,0.04169685261209053,1.0121120797530658,1.083311806058467,1.0833394284372726,1.1269332227967324,53.48686518555758
AAPL,2020-07-15,97.405,95.905,96.5225,110572372,97.725,153175132,0.02821693527756467,0.4587488650634664,0.0068773665095432064,0.024988855966646493,1.0140340864873276,1.0826687071379517,1.084839988749235,0.9968128680878223,53.24262852734275
AAPL,2020-07-16,97.1475,95.84,96.3275,92164500,96.5225,110572372,0.015540418037245204,0.02666666648889306,-0.012304937324123823,0.008779034828730324,0.9998135497537302,1.0628760013668943,1.0664066269272627,0.7163627744627195,54.10434602043419
AAPL,2020-07-17,98.5,96.0625,98.3575,90317908,96.3275,92164500,0.013573486283771408,0.5047801108621035,-0.0020202543448418057,0.00424833194328606,0.9969520399080957,1.0068831073806563,1.0590468939225164,0.632403253557933,53.031712542958324
AAPL,2020-07-20,99.25,96.7425,97.0,103644436,98.3575,90317908,0.024782045090613325,0.7963897403225015,0.02107394046352289,0.03016417480558242,1.0119292578036585,1.0228684931649308,1.0762535101626758,0.6294783695832487,53.64096965662942
AAPL,2020-07-21,97.975,96.6025,97.2725,88994732,97.0,103644436,0.025850515463917454,0.8664007941519432,-0.013801692804310822,-0.000592432321046849,0.9980810091936638,1.004751854777103,1.0582915795664511,0.7507473916749073,53.00197663511698
AAPL,2020-07-22,97.0775,92.0098,92.845,197003632,97.2725,88994732,0.014109846051042053,0.42258651786822454,0.0028092783505153994,-0.004630340240470715,1.001817788580374,1.0055642132957043,1.057079587442536,0.6697699913026159,53.130368996368304
AAPL,2020-07-23,92.97,89.145,92.615,185433708,92.845,197003632,0.054582368463568336,0.8195828466176323,-0.0455164614870595,-0.03809992488797943,0.9635172088148152,0.9626181305436466,1.0080695027229025,1.4501808613638356,87.00580439143725
AAPL,2020-07-24,94.905,93.48,94.81,121199392,92.615,185433708,0.04130000539869355,0.4254901949660378,-0.0024772470246109536,-0.038540396044743255,0.9685937794139178,0.9635351643778609,1.0032806144062532,1.3750449246605665,47.255949490043676
AAPL,2020-07-27,94.5497,93.2475,93.2525,103581500,94.81,121199392,0.015030060120240451,0.7719298191443597,0.02370026453598237,-0.03606740716264646,0.9989621582892998,0.9870566586763071,1.0246361235704204,0.9018876303282765,54.71970024499208
AAPL,2020-07-28,95.23,93.7125,95.04,90329256,93.2525,103581500,0.01396423688372965,0.8562432740267064,-0.016427592026157626,-0.038634020618556725,0.990372667509213,0.974702828130267,1.006687307654471,0.7814386433856693,43.755602031670136
AAPL,2020-07-29,96.2975,93.7675,96.19,158116020,95.04,90329256,0.01596696127946126,0.8500823667210439,0.019168386906517343,-0.022950988203243337,1.0141656662665066,0.9961820359155907,1.023766601621222,0.686747823733208,48.233191255327924
AAPL,2020-07-30,106.415,100.825,106.26,374295468,96.19,158116020,0.026302110406487174,0.7915019731561175,0.01210016835016826,0.03602778824923258,1.0191615941683487,1.0085875161212527,1.0332812999554017,1.182302769675154,50.706991358994486
AAPL,2020-07-31,111.6364,107.8925,108.9375,308150416,106.26,374295468,0.05260681347637872,0.6039713763793015,0.10468863707246083,0.1473303460562545,1.0942174121233028,1.1026910913538992,1.1066833478056535,2.6778241572648693,68.77012794847245
AAPL,2020-08-03,110.79,108.3875,109.665,172688068,108.9375,308150416,0.03436741250717151,0.19698709848824136,0.025197628458497975,0.14900854340259465,1.090072646493756,1.1181993846374931,1.1254993071366857,2.0646496123350375,69.91951710261569
AAPL,2020-08-04,110.3925,108.8975,110.0625,121991952,109.665,172688068,0.021907627775498137,0.22164411978504522,0.006678141135972518,0.17600064341438576,1.0624548893851395,1.1112208838393434,1.1234441428059214,1.1341350121603764,69.97991967871488
AAPL,2020-08-05,114.4125,109.7975,113.9025,202411900,110.0625,121991952,0.013583191368540644,0.45819397686826785,0.0036246751470386516,0.15806502525252517,1.0361456558372482,1.100980066071308,1.1190786062165103,0.7998993780845459,73.28460877042133
AAPL,2020-08-06,113.675,110.2925,111.1125,198019812,113.9025,202411900,0.040517108930883824,0.7578548195929486,0.03488926746166954,0.18414076307308458,1.03768943793815,1.1158870813678379,1.1474935020450927,1.2946235854673558,76.85666259168704
AAPL,2020-08-07,113.775,110.0,112.7275,212402024,111.1125,198019812,0.03044211947350652,0.6186252753329645,-0.02449463356818337,0.04566629023150755,1.0033999783268315,1.0691784562164866,1.1108847711682348,1.2243382596595938,69.04868578255673
AAPL,2020-08-10,112.4825,109.1067,109.375,187902376,112.7275,212402024,0.0334878357100087,0.033774834347619444,0.014534818314771148,0.034790590935169306,1.0110633756076561,1.0663340112566808,1.1173958241695612,1.3048904204874454,73.30863282697294
AAPL,2020-08-11,113.275,110.2975,113.01,165942820,109.375,187902376,0.030864457142857127,0.7683512033640888,-0.02973985939544482,-0.0026444170884056557,0.9815050791485695,1.0190794975181046,1.0775862068965518,1.148409032152285,66.43579819379372
AAPL,2020-08-12,116.0425,113.9275,115.01,210082064,113.01,165942820,0.026347225909211628,0.8438287125312209,0.03323428571428576,0.026780238500851834,1.0087881776916863,1.0356084921545852,1.1050782653762192,1.0102564515859846,77.98750867453154
AAPL,2020-08-13,115.0,113.045,114.9075,165423808,115.01,210082064,0.018389705243022424,0.274231677190392,0.017697548889478807,0.009723228199556653,1.0246153572033105,1.036067788975846,1.1145608345881148,1.2413732556247614,79.62693477973275
AAPL,2020-08-14,116.0875,113.9625,114.6075,119561044,114.9075,165423808,0.017013684920479503,0.04025575426979044,-0.0008912268498391988,0.03415457306783667,1.016826540183707,1.0271428699126672,1.1036315897524553,0.9567790336535119,78.14578811007628
AAPL,2020-08-17,116.0,114.0075,115.5625,105633540,114.6075,119561044,0.01854154396527278,0.6847058791307951,-0.0026107956399712565,0.016677385731077115,1.0108085939567129,1.0192950781764172,1.0922268509639153,0.685718747189666,80.99869356945854
AAPL,2020-08-18,117.1625,115.61,115.7075,145538008,115.5625,105633540,0.01724175229853981,0.6072772867890673,0.008332787993804928,0.05657142857142857,1.0082272213715815,1.0224259086817173,1.0916721181391154,0.6054949218126816,80.5280773521755
AAPL,2020-08-19,118.392,115.7334,118.275,126871188,115.7075,145538008,0.013417453492643044,0.1776489521568536,0.001254732287723059,0.02386956906468446,1.0047629798799917,1.0186214288386752,1.083606480614347,0.820925225242143,79.92793069079197
AAPL,2020-08-20,124.868,119.25,124.37,337454640,118.275,126871188,0.022478123018389286,0.949747984090323,0.022189572845321262,0.02838883575341275,1.0212672261941769,1.0372315935788545,1.0946169187840984,0.7300732179068404,73.92949611631147
AAPL,2020-08-21,128.785,123.9363,125.8575,345905768,124.37,337454640,0.045171665192570515,0.9091313618562998,0.05153244557176072,0.08234884581076088,1.056629100841514,1.078147721928564,1.1343565374626332,1.8604866996718037,77.05320361118413
AAPL,2020-08-24,125.1793,123.0525,124.825,211234408,125.8575,345905768,0.038525316329976314,0.5857240072891193,0.011960279810243604,0.09816111511026765,1.0492103255817833,1.0787639310609354,1.1318972989197702,1.7958394614532671,77.64876632801158
AAPL,2020-08-25,126.9925,125.0825,126.5225,162473268,124.825,211234408,0.01703825355497699,0.05994921920279545,-0.008203722463897653,0.08015143320713902,1.0247769011633157,1.0559307015076569,1.1068965440796665,1.0668526809214058,74.6720147071112
AAPL,2020-08-26,127.485,123.8325,125.01,155516384,126.5225,162473268,0.015096129146989752,0.17979057497491135,0.01359903865411569,0.09346844413715617,1.0205896587884165,1.0581945309853675,1.1065039272810753,0.8058992819389869,72.71827182718269
AAPL,2020-08-27,126.4425,124.5775,124.8075,187529916,125.01,155516384,0.029217662586993067,0.5838466787574331,-0.011954395463257434,0.0569435637285986,0.9975502126606924,1.0368723795146997,1.0796700360472986,0.7718894368662543,76.22417209170678
AAPL,2020-08-28,131.0,126.0,129.04,225631664,124.8075,187529916,0.014943012238847784,0.6461125970717831,-0.0016198704103671752,0.0035177293559540083,0.9952394052844993,1.0267616583507808,1.0693561757391545,0.9760235555492625,74.07813434323302
AAPL,2020-08-31,134.8,130.53,134.18,152050116,129.04,225631664,0.038747675139491636,0.29199999941599875,0.033912224826232296,0.025286534374192957,1.0237938448600057,1.0491248823657342,1.0961801680500942,1.2000999138705553,87.86828422876953
AAPL,2020-09-01,137.98,127.0,131.4,200117202,134.18,152050116,0.0318229244298704,0.33255269242962193,0.03983261004339751,0.0749449228920489,1.0490024391769344,1.0746479042443708,1.1280974495270344,0.8131942634041976,88.53294503094287
AAPL,2020-09-02,128.84,120.5,120.88,257589206,131.4,200117202,0.08356164383561636,0.5637522763535957,-0.020718437919213004,0.03855045545258758,1.0194937445446612,1.039320565931404,1.0949041958828603,1.0483647210856784,79.00884955752214
AAPL,2020-09-03,123.7,110.89,120.96,332549990,120.88,257589206,0.06899404367968236,0.7230215818668804,-0.0800608828006089,-0.03303735701143916,0.9439214752286987,0.9541456753434092,1.0043255874334673,1.3302206909804057,57.72289390314864
AAPL,2020-09-04,98.755013,94.892226,95.282199,129676386,120.96,332549990,0.1059027777777778,0.0694769710620789,0.0006618133686300322,-0.03082747431043816,0.9502561040756685,0.9573539799720217,1.000895725548037,1.6596756357289146,58.26126536185708
AAPL,2020-09-07,118.99,112.68,112.82,231349531,95.282199,129676386,0.040540489624929954,0.8990436156613225,-0.21228340773809515,-0.26160726131432105,0.7904583653261235,0.7728253925135853,0.7941540925909766,0.660824630672998,33.94791485954768
AAPL,2020-09-08,119.14,115.26,117.32,176833475,112.82,231349531,0.05592979968090754,0.1790808238049451,0.1840616734716627,-0.1591891489044568,0.9703407063349965,0.9240707412306004,0.938979366772764,1.1660377838170795,48.20792650213494
AAPL,2020-09-09,120.5,112.5,113.49,182274291,117.32,176833475,0.033071939993181004,0.01546391748591468,0.03988654493884063,-0.10715372907153738,1.0340897049619904,0.9682266992128715,0.9746838502083573,0.8888289258512762,49.42118126491154
AAPL,2020-09-10,115.23,110.0,112.0,180846525,113.49,182274291,0.07049079214027668,0.858749998926563,-0.03264575519945447,-0.061135009927200536,1.013534876376314,0.9456083959307163,0.9434602616489306,0.9226242805573818,43.21954483153448
AAPL,2020-09-11,115.93,112.8,115.355,140112337,112.0,180846525,0.046696428571428604,0.491395792559471,-0.013128910036126486,-0.07407407407407403,1.0164959153500248,0.9432594101017857,0.9322002443247733,0.911838141561016,41.364225204704155
AAPL,2020-09-14,118.829,113.61,115.54,183786539,115.355,140112337,0.027133630965281173,0.20287539871285917,0.02995535714285718,0.21066685289242745,1.0101403714633483,0.9828427889328969,0.9598260526769088,0.7028128220544436,44.264471598184215
AAPL,2020-09-15,116.0,112.04,112.13,154719375,115.54,183786539,0.045170503721654785,0.5345851685484084,0.0016037449612067293,0.02410920049636601,1.006963509120541,1.00030544292935,0.9613743680159113,0.9041630020354392,43.22428452948408
AAPL,2020-09-16,112.2,108.71,110.34,177056468,112.13,154719375,0.03531615089628105,0.7828282808514472,-0.029513588367664968,-0.044237981588816894,0.9861657124262331,0.9872534868522219,0.9343914774190842,0.7594479404640301,42.23540721346584
AAPL,2020-09-17,110.88,106.09,106.84,287076882,110.34,177056468,0.03162950879100969,0.17765042929040076,-0.01596361366271285,-0.027755749405233867,0.9758297736860259,0.9805932482329889,0.9225252296823726,0.8585164813368418,41.442195164869545
AAPL,2020-09-18,110.19,103.1,110.08,195547704,106.84,287076882,0.04483339573193553,0.7432150297636446,-0.03172013775602683,-0.04607142857142854,0.9535794932212315,0.9615547315454704,0.899856932054635,1.4091980814205731,36.753481405861855
AAPL,2020-09-21,112.86,109.16,111.81,183053939,110.08,195547704,0.06440770348837213,0.7813822273887401,0.030325720703856186,-0.04572840362359677,0.9918368082460849,0.9776936980145038,0.9333471598382221,0.9966825481668291,35.28614515831997
AAPL,2020-09-22,112.11,106.77,107.12,150718671,111.81,183053939,0.0330918522493516,0.23513513449963583,0.01571584302325585,-0.03228319196814959,1.0142416545718431,0.9939506002729117,0.9532752738389052,0.9397523106165199,37.88431311328475
AAPL,2020-09-23,110.25,105.0,108.22,167743149,107.12,150718671,0.04985063480209114,0.8426966276353991,-0.0419461586620159,-0.0446802818157495,0.98061114264267,0.9609717369169423,0.9209059803399238,0.7760929490787772,40.82857456772793
AAPL,2020-09-24,112.44,107.67,112.28,149981441,108.22,167743149,0.04851228978007762,0.5809523798458045,0.010268857356235943,-0.019213340583650575,0.9945411436028452,0.975451468540293,0.9371260067478469,0.8610462550544125,41.622345542815594
AAPL,2020-09-25,115.32,112.78,114.96,137668917,112.28,149981441,0.042483078019237584,0.8071278809074882,0.03751617076326005,0.05091725945338822,1.021637458826955,1.0117913157882878,0.9775858752674195,0.7773647197921469,65.61786831481854
AAPL,2020-09-28,115.31,113.57,114.09,100060326,114.96,137668917,0.022094641614474532,0.019685039292583122,0.023868899180619813,0.04433139534883717,1.0368152383701004,1.0363105325785167,1.0070927507399419,0.7301934030273405,52.70475227502528
AAPL,2020-09-29,117.26,113.62,115.81,142675133,114.09,100060326,0.015251117538785249,0.2643678145725938,-0.007567849686847515,0.020391735980681523,1.0247543427883667,1.029813967342739,1.0083444506976855,0.5381377806644323,45.50514890064015
AAPL,2020-09-30,117.72,115.83,116.79,115886840,115.81,142675133,0.0314307918141784,0.5549450534204795,0.015075817337189927,0.08112397311426435,1.0242146596858641,1.0418784580090863,1.0306465391557789,0.7793643925909639,53.42992312241279
AAPL,2020-10-01,115.37,112.22,113.02,144707196,116.79,115886840,0.016182892370922172,0.449735447355894,0.008462136257663448,0.07919053779338392,1.0174585750875542,1.0446332737030413,1.0412630465655897,0.6585194340238271,57.19003302311619
AAPL,2020-10-02,116.65,113.55,116.5,105793839,113.02,144707196,0.027871173243673737,0.041269841138824384,-0.0322801609726861,0.006590666191663652,0.9833469643447542,1.00535501432155,1.0112301849665584,0.8686492369439249,46.538176426982936
AAPL,2020-10-05,116.12,112.25,113.16,161498212,116.5,105793839,0.02660944206008591,0.8354838682726315,0.030791010440630012,0.013395963813500403,1.010916159039239,1.0304263223067398,1.0325657041942997,0.6396449491958078,51.29659643435979
AAPL,2020-10-06,115.55,114.13,115.08,96848985,113.16,161498212,0.0341993637327678,0.656330747658061,-0.02866952789699574,-0.00815145937417834,0.9835210680016687,0.9996907990635627,1.0028114344962349,0.9975055849033578,51.39377537212449
AAPL,2020-10-07,116.4,114.5901,114.97,83477028,115.08,96848985,0.01233924226624958,0.32394365969053285,0.016967126193001076,-0.006303428028667679,1.001479418675485,1.0095533857936152,1.0208394781370655,0.613345434133328,56.39158576051779
AAPL,2020-10-08,117.0,114.92,116.97,100506865,114.97,83477028,0.01574236757414977,0.7072213895396364,-0.0009558567952728487,-0.015583525986814001,1.0037015696750653,1.0026511782045244,1.0191946704371937,0.5457335530789718,62.06589492430988
AAPL,2020-10-09,125.18,119.2845,124.4,239983770,116.97,100506865,0.017782337351457626,0.8124999960937496,0.017395842393667912,0.034949566448416236,1.0141673024901157,1.015937812133582,1.0346451782677635,0.674787306781399,60.61633281972265
AAPL,2020-10-12,125.39,119.65,121.1,262330451,124.4,239983770,0.04739147909967856,0.7361546930096594,0.06352056082756269,0.06781115879828331,1.0640117691333948,1.0716839393861075,1.0959821330243908,1.558947965306355,66.50065530799476
AAPL,2020-10-13,123.03,119.62,121.19,151057198,121.1,262330451,0.0473988439306358,0.7264808349712887,-0.0265273311897107,0.07016613644397311,1.0219064335381085,1.0369926357252954,1.064301941845698,1.6617206291417792,69.01523394994557
AAPL,2020-10-14,121.2,118.15,120.71,112382719,121.19,151057198,0.028137635118409082,0.05571847490991588,0.0007431874483897887,0.05309350017379214,1.0122279204182882,1.0330043130636388,1.0608693368581845,0.9579762856162741,68.13986013986013
AAPL,2020-10-15,121.548,118.81,119.02,115328808,120.71,112382719,0.025267169248612355,0.6524590142542317,-0.003960722831916857,0.049926067669826865,0.9986432152489368,1.0254863647948347,1.0518931636965707,0.7276318921364328,63.10226919490206
AAPL,2020-10-16,120.419,115.66,115.98,120639037,119.02,115328808,0.0230045370525962,0.8254200115945235,-0.014000497059067168,0.017525861331965438,0.9813330694897926,1.0060011833319247,1.0316909954578553,0.7906676556053893,56.51058370750481
AAPL,2020-10-19,118.98,115.63,117.51,124423228,115.98,120639037,0.04103293671322642,0.836310147433681,-0.025541925726768545,-0.06768488745980708,0.969732441471572,0.9807370325897614,1.0027754000985654,0.8488705072056264,52.83358320839581
AAPL,2020-10-20,118.705,116.45,116.87,89945980,117.51,124423228,0.028508212067058194,0.3910447749521048,0.013191929643041913,-0.029644921552435914,0.9884591443616361,0.9900331106299444,1.0135065203891533,0.8939375650808433,52.563329312424614
AAPL,2020-10-21,118.04,114.59,115.75,101987951,116.87,89945980,0.01929494309916998,0.08869179561555889,-0.005446344991915587,-0.035646505487251366,0.9902726702706368,0.9831583552055995,1.0037661629370058,0.6606536244110712,50.12187690432663
AAPL,2020-10-22,116.55,114.28,115.04,82304645,115.75,101987951,0.029805615550755966,0.4927536217601349,-0.009583297681184261,-0.04109021622069418,0.9890964401073266,0.973097940311055,0.990942401205397,0.7676393800130488,54.52436194895592
AAPL,2020-10-23,116.55,112.88,115.05,111849857,115.04,82304645,0.01973226703755212,0.5947136537677798,-0.0061339092872569655,-0.033439758023861454,0.9897616794287191,0.9687007923743444,0.9837018794999403,0.635678072557134,47.33576642335768
AAPL,2020-10-26,117.28,114.5399,116.6,92168772,115.05,111849857,0.031899174272055644,0.28337874582185396,8.692628650896126e-05,-0.008018623900672588,0.9914342835476198,0.976472984671793,0.9837495350597046,0.8725699385671127,53.92604902368093
AAPL,2020-10-27,115.43,111.1,111.2,143937823,116.6,92168772,0.023499999999999986,0.405094703094432,0.013472403302911754,-0.007744021785380059,1.006369646648599,0.9934226220904475,0.995934264921931,0.7212528187993295,53.20675105485232
AAPL,2020-10-28,116.93,112.2,115.32,146124673,111.2,143937823,0.03893884892086342,0.8891454944823391,-0.04631217838765001,-0.04851544451099513,0.969249006345443,0.9555481082381652,0.9516840614315486,1.1258075118076147,43.497757847533634
AAPL,2020-10-29,111.99,107.72,108.86,190547476,115.32,146124673,0.04101630246271249,0.6236786456158985,0.03705035971223013,-0.0037149028077754368,1.0059140629088814,0.9955626154669613,0.9875655122803411,1.1295546735479063,47.348119575699116
AAPL,2020-10-30,110.68,107.32,108.77,122712099,108.86,190547476,0.03922469226529484,0.5152224812289883,-0.05601803676725628,-0.05372044506258698,0.9599139375341693,0.9481091814872233,0.9339075529322947,1.4473037525980268,24.22030524220301
AAPL,2020-11-02,111.49,108.73,110.44,107414082,108.77,122712099,0.030890870644479304,0.10119047588931467,-0.0008267499540694784,-0.05458496305953934,0.9698617922425322,0.9533116558717584,0.936239805470078,0.9261096262661513,27.107315261789793
AAPL,2020-11-03,115.59,112.35,114.95,138217782,110.44,107414082,0.024990945309670328,0.28260869462823074,0.015353498207226273,-0.05283018867924526,0.9956905101065654,0.9739835964370754,0.9517284764502355,0.8275444024943469,31.146965976850197
AAPL,2020-11-04,119.62,116.8686,119.03,126261074,114.95,138217782,0.028186167899086637,0.24999999922839508,0.04083665338645423,0.03372302158273381,1.0293906938424615,1.015477305252743,0.9906493730339985,1.048160413237906,41.14935464044253
AAPL,2020-11-05,119.2,116.13,118.69,113892922,119.03,126261074,0.02311518104679496,0.3925274391490595,0.035493692909960836,0.03217134928893521,1.058891557690597,1.0484822859961596,1.0240196837523012,0.9422031244677835,50.01431434297166
AAPL,2020-11-06,121.99,116.05,116.32,154497315,118.69,113892922,0.02586570056449581,0.12052117224586056,-0.0028564227505671128,0.09029946720558514,1.0377177030146187,1.042136779903592,1.020339740724184,0.8456839390043747,54.204157617126896
AAPL,2020-11-09,117.59,114.13,115.97,135838990,116.32,154497315,0.05106602475928471,0.7037037025190188,-0.01996798382340555,0.06941252183506479,1.0037450598001485,1.020189794593836,1.0034506556245686,1.184784506567703,48.20078621106742
AAPL,2020-11-10,119.63,116.44,119.49,112294954,115.97,135838990,0.029835302233336275,0.12138728288616414,-0.0030089408528197587,0.05007243752263674,0.9912643599562363,1.01768241849853,1.0026499284562547,1.0947992321443087,48.62721171446003
AAPL,2020-11-11,120.53,118.57,119.21,103350674,119.49,112294954,0.026696794710854448,0.72100313253604,0.03035267741657322,0.03949543279686813,1.0134860050890584,1.040998745469752,1.0338427994826027,0.919406619563431,55.31552018192155
AAPL,2020-11-12,119.6717,117.87,119.26,81688586,119.21,103350674,0.016441573693482158,0.2091836724021288,-0.002343292325717643,0.0015122238091236882,1.0108024691358024,1.0350516180007467,1.0320899366685858,0.8493163024931546,55.999999999999986
AAPL,2020-11-13,120.99,118.146,120.3,91179618,119.26,81688586,0.01510732852590975,0.09990564411441222,0.00041942790034402627,0.00480242648917354,1.0102498941126643,1.0262190976913084,1.0324155632793868,0.6807104436805645,56.05058924978443
AAPL,2020-11-16,120.6741,118.96,119.39,74270973,120.3,91179618,0.023640897755610926,0.4852320658043874,0.00872044273016931,0.03421595598349385,1.0122343200444275,1.0249987219467307,1.039474991683336,0.7692410121706701,55.39673278879814
AAPL,2020-11-17,119.82,118.0,118.03,74755911,119.39,74270973,0.01435714883993636,0.09334344499536898,-0.007564422277639207,0.029490385444511526,0.9988287459215259,1.0095466806470432,1.0307747430401768,0.6401328439505002,63.74622356495468
AAPL,2020-11-18,119.06,116.81,118.64,73687972,118.03,74755911,0.015419808523256742,0.3186813169303227,-0.011391238797219193,-0.01221859569838475,0.9898690014928129,0.9954541237591613,1.0185229130980684,0.6485579748566945,55.01294857565669
AAPL,2020-11-19,118.77,117.29,117.34,73534287,118.64,73687972,0.018964935940660822,0.4666666645925914,0.00516817758197068,-0.0047814780639207554,0.9959370068164266,1.0009280350966,1.0225118074947428,0.6472384281073797,73.08781869688386
AAPL,2020-11-20,117.6202,113.75,113.85,127932918,117.34,73534287,0.01261291972047034,0.8783783724433936,-0.010957518543492896,-0.016099278886466558,0.9882095334343944,0.9910891507242704,1.0103062603859037,0.6483859385007271,69.13800803930329
AAPL,2020-11-23,115.85,112.59,115.17,113874218,113.85,127932918,0.03399385155906893,0.8604206478724119,-0.029742628259758045,-0.05361596009975065,0.9693486590038314,0.9636218979584928,0.9807637638586184,1.1201017335614716,57.04254440313919
AAPL,2020-11-24,116.75,115.17,116.03,76499234,115.17,113874218,0.028305982460710175,0.386503066299073,0.01159420289855079,-0.035346343914900734,0.9876850247843165,0.9754548226445776,0.9927464087612005,0.9876280097575647,50.523311132254996
AAPL,2020-11-25,140.699385,133.371387,137.743512,101539600,116.03,76499234,0.013617167973799865,0.30379746643166444,0.007467222366935829,-0.01694484453105143,0.9984854482556837,0.9856271555019452,0.9980817699328189,0.6834634363086853,41.57303370786517
AAPL,2020-11-26,117.49,116.22,116.59,46691331,137.743512,101539600,0.05320031334760803,0.4033670582287718,0.18713705076273385,0.16102083614295354,1.147607234438193,1.1519390126616664,1.173541891100618,0.9256155980443463,74.31938193338397
AAPL,2020-11-27,120.97,116.81,119.05,169391476,116.59,46691331,0.010892872459044481,0.015748031372070852,-0.15357174862798623,-0.006391682290778933,0.9725826425468974,0.9772157508451095,0.9900588579843371,0.45549528666543027,50.23293121468763
AAPL,2020-11-30,123.4693,120.01,122.72,128166803,119.05,169391476,0.03494330113397729,0.49999999879807694,0.021099579723818453,0.045674132630654396,0.9845620798206618,0.9988811256047313,1.006555286633143,1.6157034692172927,52.5638027280992
AAPL,2020-12-01,123.37,120.89,123.08,89004195,122.72,128166803,0.02818855932203389,0.49431965861787003,0.030827383452330968,0.065555266128332,1.002395699583917,1.0268051088226329,1.0322261508984294,1.210510221496982,52.68196581750702
AAPL,2020-12-02,123.78,122.21,122.94,78944630,123.08,89004195,0.020149496262593467,0.42741935311524476,0.0029335071707953016,0.06076014823752475,0.9938895142931389,1.0254842056802307,1.0317265503903583,0.8606286528981942,53.209113604014696
AAPL,2020-12-03,122.8608,121.52,122.25,76401421,122.94,78944630,0.012770457133561147,0.36942674923931723,-0.0011374715632109244,-0.10747157368834918,1.0170753499453986,1.0206610284999442,1.0288668917694195,0.7812290952728894,53.04701221904891
AAPL,2020-12-04,124.57,122.25,123.75,86711490,122.25,76401421,0.010967689161554205,0.2610381842106295,-0.005612493899463135,0.048546187494639306,1.0019834764933446,1.0108121661851732,1.021570593867256,0.7703522422443969,51.62399788503841
AAPL,2020-12-07,124.98,123.09,124.38,82139512,123.75,86711490,0.018747474747474693,0.6206896524970282,0.012269938650306749,0.03947921041579171,1.0065230829293685,1.0149070265775373,1.0309048564903966,0.9052441072318627,53.59575624229881
AAPL,2020-12-08,125.95,121.0,121.78,115005193,124.38,82139512,0.015195369030390744,0.005291005263005741,0.005090909090909054,0.01352672750977833,1.0089227774172616,1.0124265946764015,1.0325361316502526,0.8822435441403489,55.30076419155649
AAPL,2020-12-09,123.87,120.15,123.24,81295670,121.78,115005193,0.04064706848415177,0.5555555544332208,-0.02090368226402954,-0.010562235944101375,0.9899203381563972,0.9866452789494932,1.0099923088977858,1.2334517437512544,52.53688075225592
AAPL,2020-12-10,122.76,120.55,122.41,86561586,123.24,81295670,0.030185004868549165,0.7365591378049474,0.01198883232057804,0.002440214738897,1.0012999675008125,1.0103461279902934,1.020395696335924,0.8823466279217502,54.75445848941924
AAPL,2020-12-11,123.35,121.54,121.78,79055188,122.41,86561586,0.018054080548974824,0.009049773714711504,-0.006734826355079506,0.001308793456032692,0.994297875105595,0.9987761096605745,1.0122035346309501,0.9370225853345776,57.20696157463623
AAPL,2020-12-14,127.9,124.13,127.88,157572262,121.78,79055188,0.014862867465922056,0.4530386715301723,-0.0051466383465402785,-0.01591919191919191,0.9923564595250901,0.9914273851489421,1.0063782830885024,0.8614192910764591,55.630609142978024
AAPL,2020-12-15,128.37,126.56,127.81,95913591,127.88,157572262,0.029480763215514627,0.9389920399496186,0.05009032681885362,0.02813957227850137,1.0361535594483788,1.0367331717322397,1.0530938181847982,1.6424342789089497,59.26693116026169
AAPL,2020-12-16,129.58,128.045,128.7,94359811,127.81,95913591,0.014161646193568595,0.22099447391716048,-0.0005473881764153361,0.04951551978978486,1.0255648992168445,1.032207523703381,1.0482959602631972,0.9888393705724681,38.2564588157162
AAPL,2020-12-17,129.1,126.12,126.655,191108396,128.7,94359811,0.011926961926962123,0.13029315876031414,0.006963461387997702,0.04430379746835438,1.0237360399630915,1.0345825495586745,1.0512586565514248,0.9625632943759236,77.48524738992288
AAPL,2020-12-18,128.31,123.449,128.23,121250643,126.655,191108396,0.02352848288658158,0.7734899302903072,-0.015889665889665793,0.034678539335021685,1.0007110970647493,1.014550799633126,1.0306335858275357,1.8392001774735762,67.59195003469819
AAPL,2020-12-21,134.405,129.65,131.88,169351825,128.23,121250643,0.0379084457615223,0.6603579496803973,0.01243535588804223,0.05296436196419764,1.0029330100504479,1.0234941514049796,1.0373804374348616,1.1706632665314578,64.11372950819674
AAPL,2020-12-22,132.43,130.78,130.96,88223692,131.88,169351825,0.03605550500454956,0.05678233426543822,0.028464477891289138,0.03127932436659368,1.025067039757491,1.0463635534150824,1.0597459025681637,1.5924278585425913,69.2897851819378
AAPL,2020-12-23,133.46,131.1,131.97,54930064,130.96,88223692,0.012599266951741033,0.7272727228650044,-0.006976038823172486,0.02464595884516083,1.0129558726843795,1.0315506736665498,1.0460780310820263,0.8250261749805278,66.99872827469275
AAPL,2020-12-24,131.285974,126.847109,128.506299,69107373,131.97,54930064,0.017882852163370568,0.27542372764651046,0.007712278558338354,0.02540792540792549,1.0156304111929442,1.0324069546850245,1.0565820208121919,0.525124240553276,70.32622333751576
AAPL,2020-12-25,137.34,133.51,136.69,124486237,128.506299,69107373,0.03454200326787099,0.37534054228875413,-0.026246124119117878,0.014616864711223494,0.9861639855619839,1.000538544422893,1.0239662824128575,0.6536537456953175,59.19137737581499
AAPL,2020-12-28,138.789,134.3409,134.87,121047324,136.69,124486237,0.028019606408662027,0.7049608336685043,0.06368326738598226,0.06597520081104273,1.0355204200861725,1.052043157283987,1.0815745289165206,1.2030040939778948,68.41303730394608
AAPL,2020-12-29,135.99,133.4,133.72,95452124,134.87,121047324,0.03298064803143755,0.7149119832852003,-0.013314799912210061,0.022672126175310958,1.017124833150841,1.032480772587196,1.062068313688404,1.1738092476970077,70.0475370138182
AAPL,2020-12-30,134.74,131.72,132.69,99089086,133.72,95452124,0.01936883039186362,0.7181467153739552,-0.008526729443167536,0.021075137446548493,1.0042713842952313,1.019066497151778,1.0486192902460565,0.9227250429803399,66.20414651739809
AAPL,2020-12-31,136.387827,131.771409,134.328783,202513887,132.69,99089086,0.022759816112744066,0.46026489913819907,-0.0077026622793897786,0.005455785405774031,0.9954592548834208,1.0081514473140016,1.0365793619449677,0.9486464533175801,65.797204706141
AAPL,2021-01-01,133.6116,126.76,129.41,143285672,134.328783,202513887,0.03436655865481921,0.32260986695179855,0.012350463486321421,0.045308938513589705,0.9990259271375179,1.0146865734249106,1.0444538685711553,1.8284234085828328,68.70374082775734
AAPL,2021-01-04,131.74,128.43,131.01,97664898,129.41,143285672,0.052944903794142684,0.5998598858662811,-0.0366174909810654,-0.053259199648840454,0.9729800368661166,0.976660757279159,1.0039993629177555,1.2614568195878473,52.36366678935077
AAPL,2021-01-05,131.0499,126.382,126.6,155087970,131.01,97664898,0.02526524692771546,0.6404833817508064,0.012363804960976697,-0.028620152739675345,0.9907604902830127,0.9893856224311947,1.0138052392196502,0.8539849245083315,54.72046470142707
AAPL,2021-01-06,131.63,127.86,130.92,109578157,126.6,155087970,0.036871248025276485,0.23993658767339446,-0.03366155255324019,-0.053245587795393394,0.9678325146048716,0.9592398223529673,0.9778553298585213,1.3327388112400012,47.19363651466975
AAPL,2021-01-07,132.63,130.23,132.05,105158245,130.92,109578157,0.028796211426825515,0.6790450910370095,0.034123222748815116,-0.013339362423694403,1.0035740128314556,0.9927619961353532,1.0082324808145247,0.930347310749658,55.37289422858694
AAPL,2021-01-08,130.17,128.5,128.98,100617160,132.05,105158245,0.018174933737220792,0.15833333267360886,0.008631225175679987,-0.016964219797926526,1.0157848582285882,0.9986472070072759,1.0131739148641326,0.8858279066641149,54.86686598903587
AAPL,2021-01-11,129.69,126.86,128.8,91851145,128.98,100617160,0.012947743836253587,0.12574850224103265,-0.02324876940552837,-0.003322772583262552,0.9928259129256729,0.9811507812841369,0.9868929166347015,0.8399467942381565,46.2498352513831
AAPL,2021-01-12,131.45,128.49,130.89,88636831,128.8,91851145,0.021972049689440977,0.10600706676322999,-0.0013955652039074151,-0.016868941302190518,0.9948250559975287,0.9843265988991073,0.985168893450367,0.78839568970523,47.152271822615646
AAPL,2021-01-13,131.0,128.76,128.91,89671755,130.89,88636831,0.022614409045763464,0.7195945921635353,0.016226708074533965,0.03388625592417056,1.0043121969185438,1.0024670822884927,0.9999770491935709,0.7631893438426702,48.615560971617754
AAPL,2021-01-14,130.2242,127.0,127.14,111196831,128.91,89671755,0.017376464199829408,0.8437499962332622,-0.015127206050882344,-0.015352887259394982,0.992180164093407,0.9901691412826217,0.98477119376058,0.7736618099331197,50.5379629104742
AAPL,2021-01-15,140.325625,135.657579,136.843913,187911217,127.14,111196831,0.02535944627969165,0.5086533077704453,-0.013730509657900831,-0.03718288527073086,0.9860094304504282,0.981995968209097,0.971069891742686,0.9936268907411703,34.650036585954666
AAPL,2021-01-18,128.71,126.938,127.83,90750329,136.843913,187911217,0.03411219321096149,0.09494850715920561,0.07632462639609867,0.06097001860753603,1.0484775235334372,1.0509123579491786,1.0417595005151163,1.6305640713830085,52.531210729400634
AAPL,2021-01-19,132.49,128.55,132.03,104134039,127.83,90750329,0.013862160682156031,0.02821670412970088,-0.06587003252384334,-0.007531055900621219,0.980872242364168,0.9840920037937961,0.9746412590786794,0.8152716135787441,43.71470416894601
AAPL,2021-01-20,139.67,133.59,136.87,120256319,132.03,104134039,0.029841702643338616,0.8553299470676922,0.03285613705702889,0.008709603483841507,1.0113305900626597,1.012194235837407,1.0062537435494427,0.9288682216198288,49.34033500427143
AAPL,2021-01-21,139.85,135.02,139.07,114234010,136.87,120256319,0.04442171403521578,0.5049342096958321,0.03665833522684241,0.06174850671010789,1.035773557261235,1.0445349395842158,1.0411971619089295,1.0423098266070294,52.38716785433393
AAPL,2021-01-22,145.09,136.54,142.92,157588183,139.07,114234010,0.03473071115265682,0.5776397503568538,0.016073646525900407,0.09383356929369194,1.033756474356143,1.055668814270913,1.0536992249831945,0.9711203073401933,59.56287447414586
AAPL,2021-01-25,144.3,141.37,143.16,98390205,142.92,157588183,0.05982367758186406,0.017543859628604313,0.027683900194146793,0.04440158766871861,1.052864214992928,1.0735339887790145,1.0803200022137338,1.3210925062868368,61.2874249215652
AAPL,2021-01-26,144.3,140.41,142.06,140613944,143.16,98390205,0.02046661078513556,0.1501706479516349,0.0016792611251050175,0.11992490025815535,1.0313377998703264,1.0638614784641252,1.0787542213492802,0.8327327218420454,67.04130577894144
AAPL,2021-01-27,141.99,136.7,137.09,142508399,142.06,140613944,0.02738279600168953,0.35218508906893276,-0.007683710533668583,0.07596758312504734,1.0088342233837067,1.0469962361561345,1.0671122824197041,1.1677784167750067,62.2774232117713
AAPL,2021-01-28,136.74,130.21,131.96,177506312,137.09,142508399,0.038587789043694073,0.459357277014447,-0.03498521751372659,0.0016073646525900406,0.9732358370012778,1.0043121076964439,1.028080148297438,1.162551308176637,55.121136625706654
AAPL,2021-01-29,135.38,130.93,134.14,106239823,131.96,177506312,0.049484692331009404,0.5926493099653156,-0.03742067255087895,-0.0511253325663334,0.946370429868472,0.9633284644778686,0.9904884611297454,1.4629792093226444,52.90630618899271
AAPL,2021-02-01,136.31,134.61,134.99,83259967,134.14,106239823,0.033174295512151404,0.08764044924125458,0.016520157623522116,-0.06143296949342291,0.9742740518005256,0.981179551322844,1.0050673282101639,0.8891865665721475,55.012406551001334
AAPL,2021-02-02,135.77,133.61,133.94,85880937,134.99,83259967,0.012593525446329273,0.43529411508649674,0.006336663187714499,-0.05706901369097505,0.9922233329413149,0.9822526540977525,1.0099302527421383,0.7010802295359643,53.94019923108071
AAPL,2021-02-03,137.4,134.59,137.39,84141061,133.94,85880937,0.016126623861430465,0.8425925886916992,-0.007778353952144687,-0.05715894692383503,0.9963994524787237,0.9732597006249091,0.9993307777834978,0.7448529057494578,54.92193151231131
AAPL,2021-02-04,137.42,135.86,136.76,75303830,137.39,84141061,0.020452725817017268,0.3879003544914486,0.02575780200089584,0.0021883434240278863,1.0216085184854704,0.9979516532047181,1.0226031419298063,0.7379025437826683,59.710517443443
AAPL,2021-02-05,136.96,134.92,136.91,71297214,136.76,75303830,0.011406844106463688,0.3782051257807449,-0.004585486571075009,0.03637465898757186,1.009716192670033,0.995045146644742,1.0161328879778024,0.6691614851161505,49.903998298733576
AAPL,2021-02-08,137.877,135.85,136.01,76774213,136.91,71297214,0.01490029946680316,0.43137254690503,0.001096811933313876,0.02065006709408089,1.0067059809703085,1.000511546331482,1.0142593737093273,0.6419204233626477,63.03099885189438
AAPL,2021-02-09,136.99,134.4,135.39,72546563,136.01,76774213,0.014903315932652124,0.3009373443466382,-0.006573661529471957,0.007556115267797479,0.9985903290700576,0.9991551882460973,1.0049082044819355,0.6959558755263862,56.30944831959416
AAPL,2021-02-10,136.39,133.77,135.13,64280029,135.39,72546563,0.019129920969052396,0.4208494192245204,-0.004558488346445148,0.01082574286994168,0.9919262667409079,0.9994979993798815,0.9986671481684617,0.6624636323850925,47.291361639824274
AAPL,2021-02-11,135.53,133.6921,135.37,60136930,135.13,64280029,0.01938873677199716,0.2938931286492695,-0.0019203781667773907,-0.016449523254967544,0.9933107909438401,0.9990241161597492,0.9944680139116293,0.5938620691988733,42.23798266351458
AAPL,2021-02-12,130.38957,125.617224,127.76279,51100542,135.37,60136930,0.013576863411390932,0.554981225556452,0.0017760674905647087,-0.010163790582041433,0.997112594098496,0.9982817489288587,0.9932263995601752,0.5690060767936537,32.659623334864534
AAPL,2021-02-15,136.01,132.79,133.19,80576316,127.76279,51100542,0.037353176147765704,0.1294005084094888,-0.0561956858979095,-0.06681184719888979,0.9539337701591573,0.9466345044194664,0.9405447536716763,0.5169652934160263,23.57809824619447
AAPL,2021-02-16,132.22,129.47,130.84,97991849,133.19,80576316,0.024175989188377496,0.7142857120674395,0.0424787999698504,-0.02073376957576644,0.9986611686991473,0.9881642935205112,0.9785673293060426,0.8193775956291388,36.74711828264169
AAPL,2021-02-17,129.995,127.41,129.71,96156748,130.84,97991849,0.021018037297462547,0.1490909085487591,-0.01764396726480963,-0.033606617918605385,0.9877806460795081,0.9729669346884198,0.9617219415262255,0.9995972379536864,39.86850782086355
AAPL,2021-02-18,130.71,128.8,129.87,87340834,129.71,96156748,0.019929072546449832,0.19729206886928322,-0.008636502598593667,-0.04010952416191806,0.9873296776381923,0.970104252888132,0.955931495418263,0.9930844679772939,45.80918492558231
AAPL,2021-02-19,129.72,125.6,126.0,103295419,129.87,87340834,0.01470701470701468,0.19371727647268716,0.0012335209313082767,-0.04062938612691143,0.9968945739965588,0.9763319821631433,0.9603663847672979,0.9147390402499342,41.39959765424534
AAPL,2021-02-22,126.71,118.39,125.86,158252662,126.0,103295419,0.032698412698412734,0.4878640764857641,-0.029799029799029833,-0.013797366197153299,0.9698126568248642,0.9550716194184525,0.9376141356850213,1.1134924683271252,33.8567296427794
AAPL,2021-02-23,125.56,122.23,125.35,110789904,125.86,158252662,0.06610519624980131,0.25240384585047565,-0.0011111111111111157,-0.05503416172385313,0.9797907454692656,0.9614071419534299,0.9426399225705112,1.6525936214931662,35.00060517360315
AAPL,2021-02-24,126.4585,120.54,120.99,148199540,125.35,110789904,0.02656561627443158,0.12312312275338305,-0.004052121404735461,-0.04195964536838894,0.9842334207509538,0.9649115588699316,0.9447319416194551,1.1752530558897247,24.910833435440438
AAPL,2021-02-25,124.85,121.2,121.26,164559569,120.99,148199540,0.04891726588974291,0.6234687832669304,-0.034782608695652174,-0.06722689075630262,0.9631888165331889,0.9415983415105976,0.917437874531131,1.5673611837841537,21.559368960649167
AAPL,2021-02-26,127.93,122.79,127.79,116307892,121.26,164559569,0.030100610258947644,0.3643835606455249,0.002231589387552775,-0.06629706629706629,0.9787556904400606,0.9541774571302966,0.9232305582279766,1.7523824133119648,21.89742145823118
AAPL,2021-03-01,128.72,125.01,125.12,102260945,127.79,116307892,0.04022223961186321,0.7859922163696661,0.05385122876463797,0.014206349206349255,1.0284909456740443,1.0055395558912863,0.9753052951136331,1.231949831687113,37.72196799825063
AAPL,2021-03-02,125.71,121.84,122.06,112966340,125.12,102260945,0.029651534526854168,0.886792450439912,-0.020893653650520396,-0.005879548704910177,1.0082029298480282,0.9908219102146835,0.9585378779453776,1.072371229978882,35.54515457254479
AAPL,2021-03-03,123.6,118.62,120.13,178049975,122.06,112966340,0.03170571849909872,0.7105943134093188,-0.024456521739130453,-0.026246509772636557,0.9887884384822268,0.9733574692386824,0.9393700761738242,1.1680463370732983,32.94820900094511
AAPL,2021-03-04,121.935,117.57,121.42,153592201,120.13,178049975,0.04145509031882119,0.32530120416606345,-0.015811895788956306,-0.007108025456649306,0.9745116490362774,0.9653415620002733,0.9306982000201518,1.755754744849962,30.956865050149432
AAPL,2021-03-05,121.0,116.21,116.36,154376610,121.42,153592201,0.03594959644210187,0.10080183252966289,0.010738366769333275,0.0013194788058716524,0.9847206903263479,0.9823783556368226,0.9463156466390819,1.4582860091261864,40.588553176954434
AAPL,2021-03-08,122.06,118.79,121.085,129272780,116.36,154376610,0.04116534891715371,0.9540709792190588,-0.04167352989622799,-0.08944361843649742,0.9615098580376473,0.9488396366423668,0.9142003093094138,1.410118533574356,24.752475247524785
AAPL,2021-03-09,122.17,119.45,119.98,111886327,121.085,129272780,0.02700582235619603,0.6284403650506396,0.040606737710553405,-0.0322490409207162,1.0072705492841751,0.9912284651246556,0.9569335299159916,1.1531640209886718,36.339448256546696
AAPL,2021-03-10,123.21,121.26,121.96,102991014,119.98,111886327,0.022670445074179018,0.6286764682769227,-0.009125820704463723,-0.017040799606750763,1.0015443048541257,0.9865194315056384,0.9540099346243581,0.9808595607533911,36.36491031390134
AAPL,2021-03-11,121.17,119.16,121.03,87955050,121.96,102991014,0.0159888488028861,0.29743589591059333,0.01650275045840965,0.015233497044868045,1.0149715797971053,1.0020005504594693,0.9748580815537127,0.8878136185007196,39.45333333333332
AAPL,2021-03-12,124.0,120.42,123.99,92568955,121.03,87955050,0.016607452697678302,0.31343283426152513,-0.007625450967530278,-0.0032119914346895122,1.0078862120366747,0.9945477778188646,0.9730007799481959,0.749215950383085,42.80960648148149
AAPL,2021-03-15,127.22,124.715,125.57,115226936,123.99,92568955,0.02887329623356721,0.7206703890484066,0.02445674626125749,0.06557236163630109,1.0195791429910614,1.022062672332428,0.9983111882270295,0.7748330659311576,47.498662386302826
AAPL,2021-03-16,125.8599,122.336,124.76,111632636,125.57,115226936,0.01994903241220033,0.0518962073776638,0.012742963142188873,0.03704009580047074,1.0250110198684146,1.034702966829682,1.0141436575639795,0.9507009976788557,50.286085825747726
AAPL,2021-03-17,123.18,120.32,120.53,121367255,124.76,111632636,0.028245431227957658,0.20148131274587683,-0.006450585330891042,0.039839973328888154,1.0105133563363624,1.0257464327850794,1.0100817918507707,0.9158915770574417,55.40114613180518
AAPL,2021-03-18,121.43,119.675,119.99,184668022,120.53,121367255,0.023728532315606187,0.8216783188053147,-0.03390509778775252,-0.011725155788783147,0.9785185425732286,0.9906426067552407,0.9794747502656315,0.9855666704758999,49.06073082861554
AAPL,2021-03-19,123.87,120.26,123.39,111816184,119.99,184668022,0.014626218851571046,0.05128205098983943,-0.004480212395254346,-0.008592910848549998,0.9757823173508554,0.9873647917515254,0.9790166997452304,1.4425949308406942,38.13507757833889
AAPL,2021-03-22,124.24,122.14,122.54,95051142,123.39,111816184,0.029256827943917655,0.8476454270148334,0.02833569464122015,-0.004839099927413455,1.0044119562386038,1.0095026937252767,1.0078309255194242,0.8705914129645834,47.425595238095234
AAPL,2021-03-23,122.9,120.065,120.09,88525685,122.54,95051142,0.017137261302431813,0.3761904743990902,-0.006888726801199403,-0.02412996734888896,1.0024377873398669,1.0013564972951772,1.0022471634417793,0.7587280141447968,50.76457470532018
AAPL,2021-03-24,121.66,119.0,120.59,98809281,120.09,88525685,0.023607294529103238,0.9629629595662619,-0.01999347151950386,-0.03743186918884259,0.9899594420813138,0.9812477019242555,0.9843261087397981,0.7129752680019065,49.937323722970866
AAPL,2021-03-25,121.48,118.92,121.21,94071234,120.59,98809281,0.022058213782237303,0.3947368406212895,0.0041635440086601715,0.0004978013772504959,0.9939828552588196,0.9864374059289316,0.9885864541767346,0.8119470653713549,48.66645244215938
AAPL,2021-03-26,122.58,120.7299,121.39,80819203,121.21,94071234,0.021120369606468133,0.33593749868774364,0.005141388174807118,0.010167513959496615,0.9970879536704944,0.9913630935828439,0.9936895263353137,0.7960681623495904,59.08920539730136
AAPL,2021-03-29,120.4031,118.86,119.9,84507919,121.39,80819203,0.015240958892824761,0.14053294340558672,0.0014850259879548456,-0.016208768943998704,1.0018652405004786,0.9949510679802631,0.9977827506632226,0.6943505569072641,50.688954145019224
AAPL,2021-03-30,123.52,121.15,122.15,118323826,119.9,84507919,0.012869891576313556,0.1360896887039709,-0.01227448719004856,-0.021543985637342913,0.9938990019562983,0.9873269707425127,0.9876543209876544,0.7316212823974763,49.82238010657194
AAPL,2021-03-31,124.18,122.49,123.0,75089134,122.15,118323826,0.019402374130167748,0.21097046324485122,0.018765638031693076,0.017153801315679926,1.009103826581191,1.0080212579841223,1.006150988544376,1.022009939843829,50.416849495392746
AAPL,2021-04-01,118.848892,112.091479,115.012898,84136470,123.0,75089134,0.013739837398374082,0.39053254206785004,0.0069586573884567685,0.019985073389169886,1.0120957788200444,1.012970969734404,1.0119563048785756,0.6787560659935568,54.33729634522237
AAPL,2021-04-02,126.1601,123.07,125.9,88251175,115.012898,84136470,0.058753523452647886,0.12675930844132366,-0.06493578861788613,-0.05112698622225878,0.9561255618058391,0.9510913391858717,0.9487446862943874,0.7851863213816788,33.81751994134068
AAPL,2021-04-05,127.13,125.65,126.21,80171253,125.9,88251175,0.02454408260524231,0.6569366665902819,0.09465983545601989,0.03715297800477803,1.038842480418661,1.0389649846337408,1.034482235302049,0.8498068370000728,50.445413808864686
AAPL,2021-04-06,127.92,125.14,127.9,83256716,126.21,80171253,0.011726487600031612,0.19594594462199244,0.0024622716441619385,0.05262718932443693,1.0306678640543059,1.0383783707922838,1.0348505040621023,0.790694712734264,51.98389873261433
AAPL,2021-04-07,130.39,128.52,130.36,88844591,127.9,83256716,0.02173573103987491,0.7446043138683321,0.013390381110847097,0.04707327056897257,1.0347513046353178,1.0455642871954414,1.045313439396534,0.8328840348954961,60.83689534388161
AAPL,2021-04-08,133.04,129.47,132.995,106615653,130.36,88844591,0.014344891070880453,0.754010691155046,0.019233776387803034,0.05983739837398385,1.0422414845121013,1.0572305103249566,1.0617741010945405,0.8951178197062979,64.43316600696292
AAPL,2021-04-09,132.85,130.63,131.24,91388983,132.995,106615653,0.026843114402797047,0.894957980686392,0.020213255599877192,0.1563485688361665,1.033589020229574,1.0683892014541068,1.0779833133078787,1.0641594910535068,63.65929672355497
AAPL,2021-04-12,134.66,131.93,134.43,90761995,131.24,91388983,0.016915574519963415,0.5765765739793857,-0.013195984811459043,0.04241461477362989,1.01155378793134,1.046013851228702,1.0606418597055796,0.9127154855332541,62.0618217443535
AAPL,2021-04-13,135.0,131.655,132.03,86222782,134.43,90761995,0.020307966971658035,0.7289377262676334,0.024306613837244723,0.06512954599477072,1.0231761616622903,1.059172885582576,1.0825467470529606,0.9176645422766394,69.48147010596944
AAPL,2021-04-14,135.0,133.64,134.5,89347102,132.03,86222782,0.02533515110202226,0.8699551543499091,-0.017853157777281897,0.03229085222830332,0.9986309762425213,1.0322279839753747,1.0601166779205804,0.8831141301899179,64.77875633354972
AAPL,2021-04-15,134.67,133.28,134.16,84360386,134.5,89347102,0.010111524163568874,0.4999999963235295,0.018707869423615835,0.031758208039275745,1.0109817421958973,1.0421687850724373,1.0739260777747852,0.9303702725654194,66.38547756972373
AAPL,2021-04-16,135.47,133.34,134.84,94264215,134.16,84360386,0.01036076326773991,0.10071942373584311,-0.0025278810408922185,0.00875972780931608,1.0066630650099047,1.0243371700166064,1.0651854859150025,0.9268484199532118,65.68248761537865
AAPL,2021-04-19,135.53,131.81,133.11,94812249,134.84,94264215,0.015796499555028147,0.6244131426083962,0.005068574836016747,0.02743066138372443,1.0063287360439428,1.0225493207145104,1.0657401806737377,1.0457425657619286,68.71983212595846
AAPL,2021-04-20,133.75,131.3001,133.5,68826135,133.11,94812249,0.027946810908271343,0.5134408588348357,-0.012830020765351452,-0.00981923677750497,0.9953786791098349,1.004175577961096,1.0476903771891495,1.0519617080464294,63.91420783824908
AAPL,2021-04-21,134.15,131.41,131.94,84566456,133.5,68826135,0.018351310861423324,0.46532511341145716,0.002929907595221894,0.01113383321972278,0.9961051170703318,1.0028809351207402,1.0452438301705393,0.7720780236653263,63.48775173411382
AAPL,2021-04-22,135.12,132.16,134.32,78666779,131.94,84566456,0.020767015309989457,0.4014598525494132,-0.011685393258426983,-0.01903345724907065,0.9882405812298705,0.9899868316894829,1.0284600245628899,0.9562893142289781,76.04401770964068
AAPL,2021-04-23,135.06,133.56,134.72,66888509,134.32,78666779,0.02203692674210846,0.7297297272644235,0.018038502349552794,0.001192605843768609,1.005825882493897,1.006843718845338,1.0416893274358214,0.8973910257549325,67.54897874114212
AAPL,2021-04-26,135.41,134.11,134.39,66015804,134.72,66888509,0.011134204275534442,0.07333333284445355,0.002977963073257934,-0.0008899436369030298,1.0090025314938809,1.0072146835632312,1.0394187934890957,0.7691418325980646,67.67026578073092
AAPL,2021-04-27,135.02,133.08,133.58,107746597,134.39,66015804,0.009673338790088422,0.47692307325444766,-0.00244952494061767,0.009616106979189937,1.00460478119814,1.0047775343735745,1.0311090099746956,0.7672642049806336,64.28257042253517
AAPL,2021-04-28,137.07,132.45,133.48,151100953,133.58,107746597,0.014523132205419955,0.37628865785417737,-0.006027234169208824,0.0005992509363296817,0.998430375962329,0.9975654563649128,1.0204198953923858,1.260022441480406,57.64119601328905
AAPL,2021-04-29,133.56,131.065,131.46,109425466,133.48,151100953,0.03461192688043156,0.6471861457853127,-0.0007486150621352203,0.011671972108534122,0.9953914301481005,0.9975785477265253,1.0155907414429393,1.6918280489463233,51.30833558133258
AAPL,2021-04-30,134.07,131.83,132.54,75135100,131.46,109425466,0.018979157158070928,0.128256512511995,-0.015133353311357371,-0.021292435973793815,0.9845273579677366,0.9844683750954812,0.9940020377571064,1.2080974261744921,50.585106382978715
AAPL,2021-05-03,131.4899,126.7,127.85,137544918,132.54,75135100,0.01690055832201585,0.2232142847177953,0.008215426745778062,-0.016181710213776773,0.9958674581110526,0.9942687391226069,0.9996587101506387,0.8355689448265246,44.337926902336676
AAPL,2021-05-04,130.45,127.97,128.1,84000900,127.85,137544918,0.037464998044583524,0.6973005684934959,-0.035385543986720974,-0.048664335143983876,0.970162844698062,0.9628854177649913,0.9636892300096668,1.4823316760200786,38.98840885142251
AAPL,2021-05-05,129.75,127.13,129.74,78064334,128.1,84000900,0.019359875097579936,0.4435483853082722,0.0019554165037152915,-0.04102410540500088,0.9802121114733023,0.9687079356917075,0.9655008677071616,0.904920985319574,30.906921241050057
AAPL,2021-05-06,131.2582,129.475,130.21,77691273,129.74,78064334,0.02019423462309237,0.7061068675339452,0.012802498048399804,-0.02801917890320633,0.9984761963397928,0.9827447772273481,0.9780902211709721,0.8458795521085202,37.763012181616844
AAPL,2021-05-07,129.54,126.81,126.85,88071229,130.21,77691273,0.013694800706550906,0.35890533670420327,0.003622629875134876,-0.0095085957705766,1.004025044722719,0.989385063104546,0.9826650667511905,0.8552394332413548,37.03081232492996
AAPL,2021-05-10,126.27,122.77,125.91,126142826,126.85,88071229,0.021521482065431533,0.9377289342940376,-0.025804469702787908,-0.04293043609476383,0.9867755737067287,0.9696529582632625,0.9588963431919113,0.9712775167464981,33.93223819301842
AAPL,2021-05-11,124.64,122.25,122.77,112172282,125.91,126142826,0.02779763323008498,0.6885714266040807,-0.007410327158060684,-0.015174032068830643,0.9824284889436806,0.9687471147631797,0.9548655217785331,1.3645219803088842,31.053419870194702
AAPL,2021-05-12,126.15,124.26,124.97,105850339,122.77,112172282,0.019467296570823495,0.26359832525691473,-0.024938448097847673,-0.04160811865729897,0.9659627368288537,0.9525102606078002,0.9343333447489889,1.196604209601572,28.782970846830167
AAPL,2021-05-13,127.89,125.85,127.45,81872951,124.97,105850339,0.015123629671121073,0.20634920525741185,0.01791968722000491,-0.036765839371049866,0.9907088836390734,0.976023117775695,0.954537816409771,1.1193118237044581,28.1847876808213
AAPL,2021-05-14,126.93,125.17,126.27,74216624,127.45,81872951,0.016006276971361366,0.5882352912341403,0.019844762743058367,-0.021196528684432878,1.0148100963452504,0.9985192613542883,0.9759814375911754,0.8669036423181151,34.538494257762665
AAPL,2021-05-17,126.99,124.78,124.85,63342929,126.27,74216624,0.013938385998257743,0.3124999982244293,-0.009258532757944346,-0.004572329523058718,1.0063439437652422,0.9941580323119074,0.9701286129166093,0.7942653938530193,33.33333333333336
AAPL,2021-05-18,124.915,122.86,124.69,92593489,124.85,63342929,0.017701241489787696,0.7737556526074463,-0.011245743248594295,-0.008418711778254326,0.9967108939662468,0.985305259170402,0.9622721492157695,0.689505982794484,32.51902282739286
AAPL,2021-05-19,127.72,125.1,127.31,76852123,124.69,92593489,0.016480872563958672,0.7445255438222582,-0.0012815378454144701,0.015638999755640644,0.9923913216497142,0.9866978974606515,0.96431292027733,0.9950352320918839,32.44107071514185
AAPL,2021-05-20,128.0,125.21,125.43,79295436,127.31,76852123,0.020579687377268122,0.7938931267408639,0.021012110032881583,0.018724493878530875,1.0094834831977417,1.0093714321958644,0.9863410628094181,0.8293116726561468,41.90401872805305
AAPL,2021-05-21,127.94,125.94,127.1,63067944,125.43,79295436,0.02224348242047362,0.8566308213023917,-0.014767103919566376,-0.015849352687328334,0.9977726513403867,0.9982491046557899,0.975133815600742,0.8553873357940558,36.54937570942116
AAPL,2021-05-24,128.32,126.32,126.9,72009482,127.1,63067944,0.015735641227380016,0.5449999972749946,0.013314199154907018,0.006573216124178335,1.0097238552226,1.0113387706385517,0.9910524571629076,0.6817406130787287,48.39812046134131
AAPL,2021-05-25,127.39,126.42,126.85,56443920,126.9,72009482,0.015760441292356184,0.4599999976999938,-0.0015735641227379122,0.01641970364437334,1.0048619799502718,1.0089525657131044,0.9923908878340229,0.7758818103375057,47.43150684931509
AAPL,2021-05-26,127.64,125.08,125.28,94625601,126.85,56443920,0.007646826960977524,0.10824742156446379,-0.00039401103230899423,0.017322960943138958,1.0010416831073723,1.005293940498645,0.9946172272251474,0.6254539468882137,43.36242535599446
AAPL,2021-05-27,125.8,124.55,124.61,71238509,125.28,94625601,0.020434227330779074,0.45312499822997876,-0.012376823019314098,-0.01594533029612757,0.9918297548926469,0.9926077345439852,0.9854750976389659,1.082413220354735,39.22168780061215
AAPL,2021-05-28,125.402742,124.148795,124.494203,56534044,124.61,71238509,0.01003129764866383,0.767999993855995,-0.005348020434227344,-0.0065375109622897816,0.9878079715889273,0.9895258439279276,0.9828527258960119,0.8330858070045856,44.44995044598613
AAPL,2021-05-31,125.35,123.94,124.28,65562118,124.494203,56534044,0.010072332444266474,0.2754566159857049,-0.0009292753390578652,-0.020501943351691546,0.9909841114001557,0.9900023610309872,0.9850650292058891,0.6683968180621463,46.342705495413085
AAPL,2021-06-01,125.24,124.05,125.06,58674262,124.28,65562118,0.01134534921145797,0.5673758825008797,-0.0017205861384565649,-0.020646178092986637,0.9934226865189183,0.988747151252823,0.9847610045123718,0.8095845975277572,54.595252586731604
AAPL,2021-06-02,124.85,123.13,123.54,75699170,125.06,58674262,0.009515432592355651,0.6554621793658663,0.006276150627615072,-0.014111154907370848,1.0025264323436875,0.9946598845507515,0.9921364487590363,0.7360404295816795,50.29980013324452
AAPL,2021-06-03,126.16,123.85,125.89,75169343,123.54,75699170,0.013922616156710367,0.6627906938209851,-0.012154166000319815,-0.013888888888888848,0.9931120388920875,0.9855256775496414,0.9824941230693254,0.951020553324134,36.08540925266903
AAPL,2021-06-04,126.32,124.8321,125.9,71057550,125.89,75169343,0.01834935260942094,0.7878787844680597,0.019022179051319362,0.010272048792231772,1.0099248392098013,1.0039041312527401,1.0029061082595607,0.945862660934199,48.75164257555849
AAPL,2021-06-07,128.46,126.2101,126.74,74403774,125.9,71057550,0.011818109610802194,0.18146380683201738,7.94344268806507e-05,0.01129206795275445,1.007732082539581,1.0049455429548872,1.0033654570958872,0.9037980619823112,53.80159304851561
AAPL,2021-06-08,127.75,126.52,127.13,56695219,126.74,74403774,0.017752090894745234,0.062224987500666705,0.006671961874503488,0.01979401351786284,1.0104762967805718,1.011779719224869,1.0097259204271691,0.9785580335937321,57.07384403036577
AAPL,2021-06-09,128.19,125.94,126.11,71186421,127.13,56695219,0.009675135687878582,0.0650406498777167,0.0030771658513492235,0.01655205501359342,1.0102511125238398,1.0146663277443289,1.0110769902428918,0.7738879637201742,49.26590538336049
AAPL,2021-06-10,127.44,126.1,127.35,53522373,126.11,71186421,0.01784156688605186,0.4044444426469121,-0.008023283253362668,0.02080297879229394,0.9980689174857938,1.0058590407772299,1.0025103687174748,0.9952378230100654,52.98245614035085
AAPL,2021-06-11,130.54,127.07,130.48,96906490,127.35,53522373,0.010522182960345532,0.6119402939407375,0.009832685750535206,0.011597426324569018,1.0055588016992245,1.013534321892928,1.0124079787776614,0.7634109552278748,51.139471285323616
AAPL,2021-06-14,130.6,129.39,129.64,62725532,130.48,96906490,0.026594114040465966,0.766570602978182,0.024577934825284614,0.03637807783955507,1.0228751509070098,1.033521323110069,1.035557937749748,1.360205443293139,62.87769784172658
AAPL,2021-06-15,130.89,128.461,130.15,91793025,129.64,62725532,0.009333539031163284,0.24793388224848809,-0.0064377682403433745,0.02288148966387874,1.011690156232929,1.0225265017667842,1.026939251647401,0.8808140183117891,59.49625595643293
AAPL,2021-06-16,132.55,129.65,131.79,96721669,130.15,91793025,0.018663081060314817,0.09057225158265901,0.0039339709966061355,0.02375521120113278,1.0109051931710502,1.022444282089353,1.02875445655156,1.2897148407585264,67.86500366837859
AAPL,2021-06-17,131.51,130.24,130.46,108890309,131.79,96721669,0.02200470445405574,0.6862068941854855,0.012600845178639925,0.04504004440567753,1.0146902573104817,1.0286610780686554,1.039876447654688,1.3402554215870914,74.58904109589042
AAPL,2021-06-18,132.41,129.21,132.3,79269216,130.46,108890309,0.00973478460830892,0.19685039215078715,-0.010091812732377147,0.02442088731841393,0.9996628455832772,1.0146607038693372,1.0273435110051081,1.4785570107999022,68.86214879118481
AAPL,2021-06-21,134.08,131.62,133.98,73713618,132.3,79269216,0.02418745275888124,0.6249999980468772,0.014103939904951734,0.01394849785407742,1.010942323562674,1.0238749371203038,1.0397043675209898,1.0646393669682777,72.99311926605512
AAPL,2021-06-22,134.32,133.23,133.7,60214200,133.98,73713618,0.018360949395432216,0.7520325172681558,0.012698412698412534,0.03347732181425489,1.0170340681362724,1.03109920808995,1.0499859276376633,0.9888922419230097,74.31842966194115
AAPL,2021-06-23,134.64,132.93,133.41,68710998,133.7,60214200,0.008152580403889331,0.06422018289708216,-0.0020898641588296845,0.027276219746446277,1.009468009603914,1.0237679561395447,1.0449867160323392,0.8057554071587985,79.70760233918132
AAPL,2021-06-24,133.89,132.81,133.11,70783746,133.41,68710998,0.01281762986282872,0.6081871309462767,-0.0021690351533282877,0.012292283177782871,1.0048203660465465,1.0158689063856359,1.0394177004871055,0.9356787212182542,75.00000000000007
AAPL,2021-06-25,135.245,133.35,134.78,61941303,133.11,70783746,0.008113590263691564,0.32407407107338776,-0.002248706993478622,0.020312739537022884,0.9985746436609152,1.0091583145062246,1.0336576660687904,0.9642031242700304,73.51598173515995
AAPL,2021-06-28,136.49,134.35,136.33,64291681,134.78,61941303,0.014059949547410671,0.7229551413036653,0.012546014574412045,0.01874527588813295,1.0073544799545577,1.0184989269413294,1.0424626807951118,0.8406569973258387,74.8762376237625
AAPL,2021-06-29,137.41,135.87,136.96,63234093,136.33,64291681,0.0156972053106434,0.7149532676871299,0.011500222584953342,0.017539931333034952,1.0153724695753206,1.025029886993331,1.049560213253267,0.8733088206117965,76.5588914549655
AAPL,2021-06-30,137.33,135.76,137.27,52417031,136.96,63234093,0.011244158878504613,0.5129870096559445,0.004621139881170655,0.024382946896036047,1.015135119109385,1.0245208779042805,1.0496024523421783,0.856291152050951,82.04370939161267
AAPL,2021-07-01,140.0,137.745,139.96,78945572,137.27,52417031,0.011437313324105934,0.4267515896385292,0.0022634345794392686,0.02893336331609335,1.0116441889601298,1.0226476942561278,1.0464726241480782,0.7211793466935275,81.00000000000016
AAPL,2021-07-02,139.536154,134.385034,135.240415,77216314,139.96,78945572,0.01611174621320374,0.9135254948402446,0.0195964158228309,0.051461197505822204,1.0211586166642346,1.0353602603935494,1.0612879376694282,1.083357784010968,80.46272493573281
AAPL,2021-07-05,143.15,140.07,142.02,108081776,135.240415,77216314,0.03808861426519594,0.1601991408466485,-0.033720955987424944,0.0034160483751299285,0.9860616918227921,0.9982754888138479,1.0218814820106559,1.0551685274768206,64.40466707494025
AAPL,2021-07-06,144.89,142.66,144.57,104899789,142.02,108081776,0.021687086325869683,0.6331168810613118,0.05012987426872357,0.04173696178390668,1.026971688201243,1.0421341430857003,1.0669489766679718,1.4437269906201886,73.0851482175427
AAPL,2021-07-07,144.06,140.665,143.24,104225458,144.57,104899789,0.015425053607249014,0.4641255584568367,0.017955217574989316,0.05556366822429895,1.034030799755698,1.0524511798731557,1.079037454032287,1.3575173609413942,74.00525636223827
AAPL,2021-07-08,145.65,142.6522,145.11,99890799,143.24,104225458,0.02370148003351026,0.48895434318422626,-0.009199695649166385,0.0434909302833831,1.015842699495454,1.0353597958233476,1.0623195262195824,1.3205597864382739,74.00525636223827
AAPL,2021-07-09,146.32,144.0,144.5,76276717,145.11,99890799,0.020658810557508178,0.7872439762918021,0.013055012566322287,0.03679622749356963,1.021641803512703,1.0398569441764614,1.0691470091375912,1.229521598578922,74.03451964920492
AAPL,2021-07-12,147.46,143.63,145.64,100798598,144.5,76276717,0.01605536332179926,0.7370689623402256,-0.004203707532217033,0.06846758788783654,1.0042533081285443,1.028323066642419,1.0591821062112154,0.950937287209196,70.56360702868785
AAPL,2021-07-13,149.57,147.68,149.15,127014683,145.64,100798598,0.026297720406481824,0.4203655341504764,0.00788927335640129,0.025489367694690717,1.0071086770115893,1.0296141934027396,1.0613147506865965,1.227517766386958,72.58013394520333
AAPL,2021-07-14,150.0,147.09,148.48,106559516,149.15,127014683,0.012671806905799438,0.5555555526161182,0.02410052183466094,0.0316801549422426,1.024888681215986,1.0454191954517653,1.0794202871846705,1.5142991164126356,76.53479514092949
AAPL,2021-07-15,149.76,145.88,146.39,93219926,148.48,106559516,0.01959859913793101,0.2611683839822462,-0.0044921220248073475,0.036581960346271855,1.0129898482698396,1.0326095315193886,1.0681205940306497,1.2630208420299631,75.5917829230711
AAPL,2021-07-16,144.07,141.67,142.45,121434571,146.39,93219926,0.026504542660017734,0.5335051532641681,-0.014075969827586231,0.008820894493832077,0.9969897570011986,1.013542226470205,1.0470861850476847,1.1152676351873687,69.06455906679884
AAPL,2021-07-19,147.0997,142.96,146.15,96324436,142.45,121434571,0.01684801684801689,0.5416666644097257,-0.0269144067217706,-0.014186851211072743,0.9728729289314448,0.98136474802797,1.0152192320408864,1.4170799820032365,59.31814050111495
AAPL,2021-07-20,146.13,144.63,145.4,74031460,146.15,96324436,0.028325008552856686,0.6498055398946637,0.025974025974026097,0.0035017852238397374,0.9974475171302996,1.003998131457463,1.0370910247465726,1.1094210016405897,62.796174347666614
AAPL,2021-07-21,148.195,145.81,146.8,77287356,145.4,74031460,0.01031636863823934,0.08666666608888586,-0.005131713992473486,-0.02514247401944351,0.9974343847325312,0.9982767025286472,1.0275035947034827,0.8459295531108981,61.183198956124706
AAPL,2021-07-22,148.7177,146.92,148.56,71447416,146.8,77287356,0.01624659400544953,0.3626834366344562,0.009628610729023422,-0.01131465517241365,1.0093648152477344,1.0054312464470883,1.0325120259912814,0.8788272468451528,59.754937153389534
AAPL,2021-07-23,149.83,147.7,148.99,72434089,148.56,71447416,0.012100834679590874,0.5618290006017075,0.01198910081743863,0.01482341690006159,1.018427114182297,1.0150869137422107,1.0392443402286111,0.8121154064321849,70.74728536210046
AAPL,2021-07-26,149.21,145.55,146.77,104803028,148.99,72434089,0.014296261494060164,0.3380281674270935,0.0028944534194938532,0.04591084591084606,1.0122978665579563,1.0149113425657865,1.0370977302753512,0.8184498181193444,63.53398058252426
AAPL,2021-07-27,146.97,142.54,144.98,118931191,146.77,104803028,0.024936976221298604,0.6420765009779321,-0.014900328881132954,0.0042422169004447795,0.9963748438603162,0.9990198347332453,1.0179458594324788,1.157697436991801,54.327301337529526
AAPL,2021-07-28,146.55,144.58,145.64,56699475,144.98,118931191,0.030555938750172488,0.038374717746329584,-0.012195952851400288,-0.0028885832187071246,0.9847846759951093,0.9896448391434636,1.0027422160419344,1.2745542744919578,53.36166924265837
AAPL,2021-07-29,146.33,144.11,145.86,70440626,145.64,56699475,0.013526503707772584,0.48477157114328373,0.004552352048558399,-0.0079019073569484,0.9908291833346939,0.9960810598236817,1.0043997955800903,0.6062422131035207,51.07417916497764
AAPL,2021-07-30,146.95,145.25,145.52,61351461,145.86,70440626,0.015220074043603446,0.6666666636636722,0.0015105740181270758,-0.0181744749596122,0.9959849229760734,0.9979474548440067,1.00387467855221,0.756605525363282,52.80065897858321
AAPL,2021-08-02,148.045,145.18,147.36,63536618,145.52,61351461,0.011682242990654127,0.49411764415225445,-0.002331002331002354,-0.023290153701590703,0.9983945552094626,0.9935343797578977,0.9980042657961335,0.6646413585761389,49.744463373083526
AAPL,2021-08-03,147.79,146.28,146.95,56357771,147.36,63536618,0.01944218241042332,0.5410122145165444,0.01264431006047281,0.004019895073925212,1.010200723922343,1.0052664611018636,1.0087761332986487,0.7053326334567689,45.89637780834483
AAPL,2021-08-04,147.84,146.17,147.06,46216322,146.95,56357771,0.01027560394692066,0.21192052839789288,-0.0027823018458199306,0.013588081114636495,1.0046764114695144,1.001410629467845,1.0051505844853177,0.6429626366519701,46.450116009280755
AAPL,2021-08-05,147.11,145.63,146.14,53854313,147.06,46216322,0.011355909152726886,0.047904191329922054,0.0007485539299082249,0.00975006866245548,1.003480040941658,1.0019827075199805,1.004590540208214,0.5453072982998021,51.71180378129793
AAPL,2021-08-06,146.7,145.52,146.09,48858689,146.14,53854313,0.010127275215546861,0.14189189093316654,-0.006255949952400489,0.0019196489784723207,0.9968214124933494,0.9973588485398596,0.9979547867890836,0.6531676625526627,61.14803625377635
AAPL,2021-08-09,147.71,145.3,145.6,68286400,146.09,48858689,0.008077212677116698,0.09322033819303717,-0.00034213767620078656,0.003916987355689893,0.9957061068702291,0.9989947824422002,0.9970720520888078,0.6025979581809044,49.76744186046511
AAPL,2021-08-10,146.72,145.53,145.86,48493463,145.6,68286400,0.016552197802197778,0.34854771639606946,-0.003354096789650278,-0.011943539630836178,0.994752951464801,0.9964412811387902,0.9937413405952893,0.8594406617716758,50.791139240506276
AAPL,2021-08-11,149.05,145.84,148.89,73771613,145.86,48493463,0.008158508158508142,0.15966386420450374,0.0017857142857144186,-0.007417488941816775,0.9980157372562436,0.9976198292843074,0.9966348371227005,0.6420559540907088,45.91304347826092
AAPL,2021-08-12,149.4444,148.27,149.1,59375009,148.89,73771613,0.021559540600443336,0.841121492706781,0.02077334430275588,0.012443900448796301,1.0162030085451417,1.0160851139333802,1.0171957943063268,0.9984111548105274,51.29209083790126
AAPL,2021-08-13,151.19,146.47,151.12,103558782,149.1,59375009,0.007876592890677341,0.11069482194571542,0.0014104372355430719,0.02025455043109353,1.0135410718655682,1.0152733611608573,1.017688393506179,0.8224053904930244,50.43824701195212
AAPL,2021-08-16,151.68,149.09,150.19,92202535,151.12,103558782,0.03123345685547908,0.5476694903651088,0.013547954393024884,0.03443083031008283,1.0202951780385379,1.0251192196286725,1.028432987165004,1.4523767162991579,67.6113360323885
AAPL,2021-08-17,150.72,146.15,146.36,86285490,150.19,92202535,0.017244823223916395,0.01544401538438295,-0.006154049761778764,0.0315247252747253,1.0077701433249233,1.0168584969532837,1.0207008100907955,1.296857666576522,72.6718885987814
AAPL,2021-08-18,148.0,144.5,146.7,86753154,146.36,86285490,0.031224378245422197,0.7527352281121774,-0.025501032026100167,0.0034279446044151924,0.9814124399860527,0.9913235483368441,0.9943475188868961,1.2032630392247712,52.45566166439298
AAPL,2021-08-19,148.5,146.78,148.19,60249630,146.7,86753154,0.023858214042263123,0.47714285577958826,0.002323039081716145,-0.014708845456377177,0.9865899094785262,0.9938687713830833,0.9966912838769728,1.201852341086358,52.84167794316635
AAPL,2021-08-20,150.19,147.89,149.71,60105710,148.19,60249630,0.011606721101288879,0.43604650909275317,0.01015678254942065,-0.006103286384976503,0.9978318250377074,1.0025708680062242,1.0069410233847598,0.8412052600777639,58.380414312617646
AAPL,2021-08-23,150.86,149.15,149.62,48605228,149.71,60105710,0.015363035201389428,0.6086956495274097,0.010257102368580946,-0.009330333509793518,1.009984483572826,1.0103798288475554,1.0170205394536174,0.8464810380065708,57.52722613709157
AAPL,2021-08-24,150.32,147.8,148.36,58691297,149.62,48605228,0.011428953348482877,0.09941520409699596,-0.0006011622470109105,-0.003795192755842554,1.0101542034621511,1.0070402627646828,1.0154261708755523,0.7127213857966153,58.7311968606933
AAPL,2021-08-25,149.12,147.51,147.54,48597195,148.36,58691297,0.016985710434079142,0.5753968231135044,-0.00842133404625044,0.013664935774801858,0.9989496081230305,0.9968822232973177,1.005721413270425,0.9003848393559559,53.95377128953775
AAPL,2021-08-26,148.75,146.83,148.6,54858888,147.54,48597195,0.010912294970855455,0.5031055869372295,-0.005527096252359272,0.005725971370143173,0.9923058298135643,0.9922724613118657,0.9995190060361355,0.7501932866474484,54.28396572827418
AAPL,2021-08-27,153.49,148.61,153.12,90756723,148.6,54858888,0.012920592193808799,0.5833333302951451,0.007184492341060067,0.0027667184020513974,0.9988841536372557,0.9997376193327459,1.0057665755204808,0.8571637177012102,57.233429394812646
AAPL,2021-08-30,152.8,151.29,151.83,85962417,153.12,90756723,0.03187042842215253,0.8442622933519233,0.03041722745625848,0.02277736958119028,1.024570419142444,1.0287626226996958,1.033700583279326,1.3862180406189535,67.5865294667914
AAPL,2021-08-31,154.98,152.34,152.51,80207311,151.83,85962417,0.009945333596786005,0.5496688705319767,-0.00842476489028208,0.014770752573185456,1.0129428247381413,1.0189727723602882,1.0234476901143572,1.2908814332319036,63.31994645247657
AAPL,2021-09-01,154.72,152.4,153.65,71171317,152.51,80207311,0.017310340305553645,0.1212121207529932,0.004478693275373631,0.027972499325963716,1.0118763269639066,1.0193292250932373,1.0261085450734884,1.183269051204575,59.022931206380875
AAPL,2021-09-02,154.63,153.09,154.3,57866066,153.65,71171317,0.01509925154572075,0.09482758579815675,0.007474919677398301,0.04141249830554435,1.011241131484382,1.0222003419531245,1.0314918870293168,1.030986365733578,60.838494521200595
AAPL,2021-09-03,168.390279,161.588516,165.510998,77425943,154.3,57866066,0.009980557355800336,0.35064934837242195,0.00423039375203388,0.03835800807537024,1.0079565200350138,1.0223688744003605,1.0330260365408692,0.835818104680728,58.10397553516822
AAPL,2021-09-06,157.26,154.39,156.69,83620937,165.510998,77425943,0.041095534932367415,0.42331392548767943,0.07265714841218399,0.08092344566353184,1.063967508563161,1.0852888428380467,1.1009255348868268,1.0957347686066432,75.61954286609432
AAPL,2021-09-07,157.04,153.975,155.11,74396207,156.69,83620937,0.018316420958580666,0.5993031338003362,-0.05329553991330536,0.03200948429164187,1.0010081018499914,1.022706580688614,1.038421049308545,1.1707035424126229,64.80282182767644
AAPL,2021-09-08,156.11,153.95,154.07,57305730,155.11,74396207,0.01976017020179226,0.6101141905053298,-0.010083604569532096,0.017048062422136405,0.9876334135723878,1.0079532862395673,1.0248088854813955,1.0230069266902786,61.63788460510184
AAPL,2021-09-09,155.48,148.7,148.97,140829235,154.07,57305730,0.014019601479846986,0.6574074043638544,-0.0067049190896784246,0.0027334851936217865,0.9804869940357142,0.996964523537363,1.0161986972950057,0.7970223446495195,58.239449385062414
AAPL,2021-09-10,151.42,148.75,149.55,104246371,148.97,140829235,0.045512519299187766,0.8893805296616807,-0.033101836827416076,-0.03454309786130921,0.9545063720159424,0.9637324281874525,0.9826027799951933,1.8536872420980517,49.0576128630852
AAPL,2021-09-13,151.07,146.91,148.12,112148523,149.55,104246371,0.017853560682046053,0.40449438050750763,0.0038934013559777975,-0.09643466713915887,0.9782310077316553,0.9697242442339817,0.9869394686939167,1.3715388108631634,49.91195410665669
AAPL,2021-09-14,149.44,146.37,149.03,84825078,148.12,112148523,0.028085336213880614,0.5360576910190901,-0.009562019391507902,-0.054693981747399284,0.9798629303273265,0.9627678222386469,0.9781704613112983,1.456395478828662,49.699413826903836
AAPL,2021-09-15,148.97,147.221,148.79,67981149,149.03,84825078,0.02059987921894916,0.15309446204203755,0.0061436672967863665,-0.03919798852427318,0.993877877664257,0.9708788475979869,0.9833131053429757,1.1026103237143945,51.861941603713056
AAPL,2021-09-16,148.82,145.76,146.06,129840322,148.79,67981149,0.011754822232676895,0.2001143499135802,-0.0016104140106019532,-0.03427013695073669,0.9993149396878274,0.9723940486169497,0.9810531277825508,0.894576521156313,50.242396432169464
AAPL,2021-09-17,144.84,141.27,142.94,123462362,146.06,129840322,0.02095029439956184,0.9019607813661377,-0.018348007258552256,-0.019534134389474368,0.9848290742363968,0.9597207715347066,0.9637295005172833,1.6337853263763134,40.56200102261922
AAPL,2021-09-20,144.6,142.78,143.43,75833962,142.94,123462362,0.02497551420176293,0.24089635786864194,-0.021361084485827773,-0.0441992644600469,0.9724603368982502,0.9533591670946356,0.9452544022841473,1.4939797805297717,38.66996214008584
AAPL,2021-09-21,146.43,143.7001,145.85,76404341,143.43,75833962,0.012689116642264471,0.27472527321579626,0.0034280117531832175,-0.03166351606805291,0.9820609380349196,0.9651631484384987,0.9504400173153567,0.9027707353563756,38.37149617043148
AAPL,2021-09-22,147.08,145.64,146.83,64727170,145.85,76404341,0.018717175179979534,0.5128392962641873,0.016872341908945043,-0.021337985640475118,1.0029983357861003,0.9876016549183714,0.9672805826413298,0.9000711243738874,40.32785976170425
AAPL,2021-09-23,147.4701,145.56,146.92,53475569,146.83,64727170,0.009807260096710659,0.12499999913194693,0.006719232087761524,-0.013172928288191273,1.0124670739611923,0.9991358016290482,0.9740092830215776,0.755333462119449,40.81225925536351
AAPL,2021-09-24,145.96,143.82,145.37,74150726,146.92,53475569,0.013000952899537163,0.6596513237021505,0.0006129537560442347,0.005887991236478058,1.011887543562406,1.0011447884866984,0.9751496796848019,0.6245370310848416,18.522909384911387
AAPL,2021-09-27,144.75,141.69,141.91,108955840,145.37,74150726,0.014721056614157079,0.046728971744254166,-0.010549959161448292,0.017000139918847117,0.9978720483250961,0.9934123306955321,0.9673498632802989,0.8744804328032653,24.573225516621747
AAPL,2021-09-28,144.45,142.03,142.83,73592044,141.91,108955840,0.021562962440983737,0.43790849530095344,-0.023801334525693114,-0.010597504008924286,0.9761583755227823,0.9739007501046578,0.9474527907311416,1.2677581942751168,22.659486329743146
AAPL,2021-09-29,144.378,141.28,141.5,90816408,142.83,73592044,0.016943219211650123,0.1487603299638067,0.00648298217179914,-0.020706205005142145,0.9865858038847293,0.9844031069727691,0.9566865416224867,0.8595901512771937,26.602830974188223
AAPL,2021-09-30,142.92,139.1101,142.65,94606681,141.5,90816408,0.021893992932862084,0.6972240132433076,-0.009311769236154956,-0.03630048355240763,0.9846492143682241,0.9801612590396499,0.9516504416106303,1.0487464535151427,31.555555555555586
AAPL,2021-10-01,142.21,138.27,139.14,98322008,142.65,94606681,0.026708026638626,0.19685555999670454,0.00812720848056541,-0.02906343588347388,0.9985859490941674,0.9904668004415962,0.9631579433611533,1.069821275647828,33.429394812680115
AAPL,2021-10-04,142.24,139.36,141.11,80861062,139.14,98322008,0.028316803219778627,0.6649746176015888,-0.02460567823343862,-0.04285616014308329,0.9825854836659463,0.9686514483824482,0.9478976483091262,1.0988519013049103,30.393013100436676
AAPL,2021-10-05,142.15,138.37,142.0,82821118,141.11,80861062,0.02040960952448441,0.5624999980468774,0.014158401609889518,-0.005637375801564252,0.9976245351582937,0.9839552056676267,0.9664472737981907,0.9051033293290592,33.47245409015032
AAPL,2021-10-06,144.215,142.72,143.29,61732655,142.0,82821118,0.026619718309859163,0.6693121675415024,0.006307136276663498,-0.005811104109780946,1.0050962627406568,0.9928264791017017,0.9769286601285831,0.9226922357269098,36.204794798862295
AAPL,2021-10-07,144.1781,142.56,142.9,59892052,143.29,61732655,0.010433386837881252,0.15384615281707528,0.009084507042253465,0.012650176678445174,1.0116635366215283,1.004331613771448,0.9894727392629881,0.6860584118861806,44.02244281398359
AAPL,2021-10-08,144.81,141.81,142.81,63952219,142.9,59892052,0.01132330300909726,0.6983499122529495,-0.002721753088142832,0.0017525411847178409,1.0085540059849811,1.0044281999015956,0.9888520597047974,0.6969478195060855,49.902152641878686
AAPL,2021-10-11,143.25,141.0401,141.51,73035859,142.81,63952219,0.021006932287654927,0.17999999939999736,-0.0006298110566830189,0.026376311628575653,1.002724298212355,1.0056050811891786,0.9905392095662188,0.7620611282788403,48.45309381237524
AAPL,2021-10-12,141.4,139.2,140.91,78762121,141.51,73035859,0.015616564200409898,0.7783157573722058,-0.009103003991317214,0.0028346679895115672,0.9930386941937656,0.996731795962641,0.9837775081946698,0.8910677215246339,38.53065539112052
AAPL,2021-10-13,143.88,141.51,143.76,69891600,140.91,78762121,0.015612802498048521,0.14772727205579173,-0.0042399830400678,-0.007676056338028193,0.9903432571476765,0.9938497129395832,0.9823790849673203,0.9644977120210186,34.03451995685003
AAPL,2021-10-14,144.895,143.51,144.84,67642684,143.76,69891600,0.016485809682804706,0.6962025287079953,0.020225675963380842,0.0032800614139158273,1.0097065557881133,1.012337333107994,1.0040087718072994,0.8548719484313464,42.582159624413165
AAPL,2021-10-15,146.84,143.16,146.55,85389174,144.84,67642684,0.009562275614471274,0.7725631713172177,0.00751252086811361,0.013575927221833433,1.0145272683972373,1.0183720390643127,1.0119825327510916,0.8600804776165941,48.727796447431594
AAPL,2021-10-18,149.17,146.55,148.76,76378894,146.55,85389174,0.025110883657454838,0.8437499977072045,0.011806130903065506,0.026188642251943204,1.0211547305489361,1.0250545576632535,1.0226404429697393,1.112660171409583,62.15932914046121
AAPL,2021-10-19,149.7539,148.12,149.26,58418788,148.76,76378894,0.017612261360580642,0.6679389287483308,0.015080177413851786,0.051233128400819734,1.0261858116497888,1.0349745709057765,1.0361351795614742,0.9948988583816419,64.55571919489438
AAPL,2021-10-20,149.64,147.87,149.48,61345990,149.26,58418788,0.010946670239849812,0.3427382315763669,0.003361118580263512,0.05925768220850184,1.0179085341735203,1.0332343433084819,1.038384611371028,0.7699728240612131,69.85670419651991
AAPL,2021-10-21,150.18,148.64,148.69,58855143,149.48,61345990,0.01184104896976172,0.3785310713077309,0.0014739380946000192,0.03978853644963828,1.0115172759138709,1.0303422986255668,1.038957428323197,0.8103596802092394,68.3503492745835
AAPL,2021-10-22,149.37,147.6211,148.64,50220555,148.69,58855143,0.010357118837850699,0.6493506451340781,-0.005284987958255232,0.026581054957194105,1.0009559199719955,1.0208228921370066,1.032831238473641,0.7747038243264368,80.05034612964134
AAPL,2021-10-25,150.84,149.0101,149.32,60893393,148.64,50220555,0.011766011840688859,0.022871519109900772,-0.00033627009213808173,0.014261344251108666,0.997811581166172,1.0164113785557984,1.0313126617497068,0.6716254576388342,76.9506084466714
AAPL,2021-10-26,149.73,148.49,148.85,56094929,149.32,60893393,0.012254888829359826,0.00546477946629405,0.004574811625403706,0.0037644528098951485,1.001623311286709,1.015637221893471,1.0333742798318308,0.8413999178218199,76.59883720930232
AAPL,2021-10-27,153.165,149.72,152.57,100064388,148.85,56094929,0.008330534094726104,0.41129031926380977,-0.003147602464505752,-0.002746884630845482,0.9990201079223604,1.0070019957379157,1.0279802622264733,0.7845810389259594,71.48377125193201
AAPL,2021-10-28,149.94,146.4128,149.8,124953168,152.57,100064388,0.022579799436324266,0.7982583431110079,0.024991602284178696,0.020671661760770697,1.019757509323994,1.0260531554312156,1.0496587594253948,1.3905737532321614,79.71727105101408
AAPL,2021-10-29,149.7,147.8,148.96,74588257,149.8,124953168,0.023546061415220247,0.7328759335085205,-0.01815560070787168,0.007465196045463808,0.9997597373127957,1.0040752855380988,1.028072980828292,1.7005893729945087,68.44327176781006
AAPL,2021-11-01,151.57,148.65,150.02,69121986,148.96,74588257,0.012755102040816172,0.013157894667593178,-0.005607476635514041,0.002152852529601868,0.9937291527685124,0.9968347018396208,1.01887476445019,1.0317964311941914,70.14602487831267
AAPL,2021-11-02,151.97,149.82,151.49,54511532,150.02,69121986,0.019464071457138965,0.46575342306249495,0.007116004296455439,0.004687918564157629,0.9998667022127434,1.0030823955763277,1.0230077874609604,0.9640074795096435,74.03693931398422
AAPL,2021-11-03,152.43,150.64,150.96,60394613,151.49,54511532,0.014192355931084597,0.5116279045970887,0.00979869350753232,0.017735975814578534,1.006123479092503,1.0114032393745578,1.0297001437597073,0.7755534181952113,71.99772339214576
AAPL,2021-11-04,152.2,150.06,151.28,65163883,150.96,60394613,0.011857445680975227,0.3463687131487767,-0.0034985807644068987,-0.010552533263419973,1.0047522063815342,1.0068698726072167,1.0234298730881874,0.8600725881279124,67.97884841363106
AAPL,2021-11-05,151.57,150.16,150.44,55020868,151.28,65163883,0.01414595452141715,0.28504672763996347,0.002119766825649133,0.009879839786381774,1.004902286405123,1.0072641804659463,1.0226942395705871,0.9245207577642476,65.1311580294306
AAPL,2021-11-08,151.428,150.0601,150.81,56787930,150.44,55020868,0.009372507311885114,0.6879432575323182,-0.0055526176626123965,0.009935553168635806,0.9973614076028585,1.0004721717907281,1.0143994282034596,0.7855927672063314,55.89060308555403
AAPL,2021-11-09,150.13,147.85,147.92,65160017,150.81,56787930,0.009070353424839146,0.44593902737088026,0.002459452273331591,0.005265964538061539,0.9987681792895176,1.0019399673128797,1.013715849014751,0.8203385231601347,55.48478414720457
AAPL,2021-11-10,149.43,147.681,147.87,40699950,147.92,65160017,0.015413737155219046,0.9210526275392524,-0.019163185465154928,-0.02356591194138241,0.9842828815160831,0.9833471829815521,0.9919527896995707,0.9506181624953701,45.35714285714285
AAPL,2021-11-11,150.4,147.48,149.99,63804006,147.87,40699950,0.011827956989247278,0.6232132611594475,-0.00033802055164942505,-0.020468998410174903,0.9880131494547786,0.9860958287486246,0.9902528369233654,0.6066894788054119,47.447073474470756
AAPL,2021-11-12,151.88,149.43,150.0,59182803,149.99,63804006,0.019467964530968836,0.5342465735128521,0.014336917562724044,-0.008527234267583237,1.0039088122297632,1.000106685158761,1.0027208974281838,0.9538165433702481,53.72311086596808
AAPL,2021-11-15,151.488,149.34,151.0,59256210,150.0,59182803,0.01633333333333326,0.15102040754685803,6.667111140736653e-05,-0.0029247540547726516,1.0045674332632368,0.9994802702594651,1.0016326612378177,0.9024099794656332,51.947308132875165
AAPL,2021-11-16,155.0,150.99,153.49,88807000,151.0,59256210,0.014225165562913882,0.49348230682736555,0.006666666666666667,0.0012598634042835205,1.0110072578269371,1.005486895376092,1.0075566750629725,0.9154801369821697,55.97554196775989
AAPL,2021-11-17,158.67,153.05,157.87,137777673,153.49,88807000,0.026125480487328104,0.622194512164106,0.016490066225165623,0.03765548945375894,1.020070445936067,1.0207080917167632,1.0227280299042505,1.3405572594348227,52.7446300715991
AAPL,2021-11-18,161.02,156.5328,160.55,117264897,157.87,137777673,0.03559891049597755,0.7402135218145692,0.028536060981171382,0.06762696963549063,1.0354168033055684,1.0450329986032687,1.048980554623468,1.9663446901014687,71.96516058791505
AAPL,2021-11-19,165.7,161.0,161.02,117427889,160.55,117264897,0.027948925568358773,0.6462827584099611,0.016975992905555248,0.07040469364624309,1.038607341087578,1.0562916957248316,1.0626011390448835,1.6066236873364987,78.67392380009896
AAPL,2021-11-22,161.8,159.0601,161.41,96022899,161.02,117427889,0.029188920630977448,0.1404255316161155,0.002927436935534094,0.07346666666666674,1.0270049621777455,1.0520607375271152,1.0613635839312376,1.5380455980524408,78.03261977573904
AAPL,2021-11-23,162.14,159.64,161.94,69263623,161.41,96022899,0.016974784709745405,0.10584327856548,0.00242205937150656,0.06894039735099336,1.0160007049877886,1.0473551702657806,1.0597117815054329,1.2294039807818333,76.75296655879178
AAPL,2021-11-24,225.617798,218.548764,221.353772,99207323,161.94,69263623,0.015437816475237743,0.47599999809599913,0.0032835635958119148,0.05505244641344705,1.0086074814085877,1.041321038620317,1.0586424091076978,0.8793853125165575,79.61165048543688
AAPL,2021-11-25,160.45,156.36,156.81,76940752,221.353772,99207323,0.03193545759861724,0.17519423421192343,0.3668875632950475,0.4021268892126432,1.2776201886440122,1.3591461441593153,1.4152268264718382,1.260242398357395,95.13098500482496
AAPL,2021-11-26,161.19,158.7901,160.24,88498217,156.81,76940752,0.02608252024743304,0.6735941303824134,-0.2915865016296176,-0.023294923699782054,0.9090078852008128,0.9588223250759366,1.0003241366611668,1.0081308278132646,52.253470599432525
AAPL,2021-11-29,165.52,159.92,165.3,173958056,160.24,88498217,0.014976909635546693,0.3625151032854922,0.021873604999681186,-0.004844118743013297,0.9297319327544528,0.9736986092125115,1.0185402509697163,1.149093144913561,53.265290994146
AAPL,2021-11-30,170.3,164.53,164.77,152303002,165.3,173958056,0.03387779794313383,0.9491071411623044,0.0315776335496755,0.024100117712657302,0.9547807386061805,0.9957928673052113,1.0456255276842845,2.1147985422687325,55.929007038556925
AAPL,2021-12-01,164.2,157.8,163.76,136739174,164.77,152303002,0.03501851065121084,0.469670709757932,-0.003206291591046589,0.0174756082499692,0.9486181696688014,0.9859006265828396,1.0379134887308805,1.7476546665566985,55.74644075660319
AAPL,2021-12-02,164.96,159.72,161.84,117949416,163.76,136739174,0.039081582804103426,0.7851562487731926,-0.00612975663045469,-0.2601887985897977,1.0097671665351224,0.9764161327003233,1.0274093658399384,1.5032178675846057,54.717771596868864
AAPL,2021-12-03,167.8799,164.28,165.32,107496982,161.84,117949416,0.03237765694513105,0.4160305335571942,-0.011724474841230995,0.0320770359033225,0.9917760537314164,0.964226521613856,1.0120111377303473,1.2600950667111332,54.004124681300084
AAPL,2021-12-06,171.58,168.34,171.18,120356951,165.32,107496982,0.021775344785869774,0.28611905806794996,0.021502718734552582,0.03170244633050414,1.0068332135592393,0.9824430953234871,1.0289849307771053,1.1171141702870828,54.76293286611535
AAPL,2021-12-07,175.96,170.7,175.08,116982099,171.18,120356951,0.018927444794952734,0.6481481461476873,0.03544640696830398,0.03557168784029035,1.0351082999746029,1.0113950198332566,1.058746982928282,1.2107633573487562,55.754808938261235
AAPL,2021-12-08,176.75,173.92,174.56,108923738,175.08,116982099,0.03004340872743899,0.56178707117531,0.022783035401331964,0.06257207015840263,1.0456532645309253,1.026468576883023,1.073848959743413,1.146917662469112,55.616197581133406
AAPL,2021-12-09,179.63,174.69,179.45,115402731,174.56,108923738,0.01621219065077917,0.12367491122376101,-0.0029700708247658797,0.06595017098192484,1.029269558244298,1.0522889213074038,1.0619672193472351,1.0333522880688844,54.637305634996956
AAPL,2021-12-10,182.13,175.53,175.74,153237019,179.45,115402731,0.027528559487322364,0.8593117391511864,0.028013290559119993,0.10881117152743441,1.0365762081354912,1.0672019030627418,1.0820201506870766,1.0686618357920628,55.92690092917855
AAPL,2021-12-13,177.74,172.21,174.33,139356181,175.74,153237019,0.03755547968589959,0.8143939381600099,-0.02067428252995252,0.06302927655456095,1.0030707412015845,1.0355922215674722,1.0514904309650028,1.3598008242777972,54.51203451861951
AAPL,2021-12-14,179.5,172.3108,179.3,131063257,174.33,139356181,0.031721447828830386,0.16636527998848724,-0.0080232161147149,0.01840168243953736,0.9914577551298969,1.021846040222036,1.0358246389254526,1.194183540196553,53.87969394118438
AAPL,2021-12-15,181.14,170.75,172.26,150185842,179.3,131063257,0.04009592861126603,0.5828186716424374,0.028509149314518433,0.024103267077907234,1.0148520455523105,1.0421025712558702,1.0572483245158413,1.1031462678125565,30.01888025072408
AAPL,2021-12-16,173.47,169.69,171.14,194579041,172.26,150185842,0.06031580169511196,0.6756496624873457,-0.03926380368098171,-0.013175985334555518,0.9775502792027966,0.9962638659155841,1.011445619861113,1.257532416598332,66.18478944060337
AAPL,2021-12-17,170.58,167.46,169.75,107499114,171.14,194579041,0.022087180086478916,0.3201058192589738,-0.006501799605247908,-0.046308163833937044,0.9804415825475209,0.9844911295703995,1.001754923138735,1.578162125781916,61.9991193306913
AAPL,2021-12-20,173.2,169.12,172.99,91167005,169.75,107499114,0.018379970544919026,0.4711538446437366,-0.008122005375715708,-0.03408444292705137,0.9791988739934009,0.9740129332851348,0.991086419217472,0.8754122778431616,55.32934131736526
AAPL,2021-12-21,175.86,172.15,175.64,92135303,172.99,91167005,0.023585178334007653,0.3517156854124635,0.0190868924889544,-0.007686571444960726,0.9994338140136808,0.9915739997707212,1.006600371563144,0.7438835690085155,59.24426450742239
AAPL,2021-12-22,176.8499,175.27,176.28,68356567,175.64,92135303,0.02112275108175819,0.7008086234479521,0.015318804555176467,-0.02041271611823773,1.0190535867622827,1.0064406701964288,1.017962785619716,0.7448343009904429,62.88503253796096
AAPL,2021-12-23,190.129323,182.670461,184.433696,48936208,176.28,68356567,0.008962446108463699,0.27216912290545026,0.0036438168982009496,0.023336816440264776,1.018018018018018,1.0091133907309031,1.035193526223376,0.5595818027967951,66.10887996430165
AAPL,2021-12-24,180.42,177.07,180.33,74901582,184.433696,48936208,0.04044196999663234,0.16188354180318273,0.046254231903789404,0.07767731681664142,1.0489990818908115,1.0527856500543635,1.0743615435490992,0.40524767623263735,69.30922273414376
AAPL,2021-12-27,181.33,178.53,179.29,78894335,180.33,74901582,0.018577053180280564,0.9686567135264009,-0.022250250843533412,0.06232695139911642,1.0134614567721243,1.026670958708837,1.0443458396958916,0.6237823789870214,59.58368232600559
AAPL,2021-12-28,180.63,178.14,179.38,62348931,179.29,78894335,0.015617156561994599,0.3107142846045922,-0.005767204569400657,0.03641829007457068,1.0005316048921151,1.0178755871329388,1.0341335907304086,0.6841145761107699,54.690557775728124
AAPL,2021-12-29,180.57,178.09,178.2,59773014,179.38,62348931,0.01388114617014165,0.02008032120448978,0.0005019800323498434,0.02129355499886136,0.9968726762607824,1.0183402893086482,1.03031150959023,0.5625861329851287,55.42214040364842
AAPL,2021-12-30,179.23,177.26,177.57,64062261,178.2,59773014,0.013916947250280528,0.5120967721286483,-0.006578213847697663,0.010891763104152413,0.988206190554795,1.0082414995442068,1.0193068570600392,0.5587450151488168,48.46578298384933
AAPL,2021-12-31,182.88,177.71,182.01,104677470,177.57,64062261,0.011094216365377028,0.2614213184699502,-0.00353535353535351,-0.0372149783302071,0.9922661689596208,1.0010352001701939,1.0111542735858816,0.6143121840185392,52.42980183014265
AAPL,2022-01-03,182.94,179.12,179.7,99110438,182.01,104677470,0.028405032690511443,0.8085106367340198,0.025004223686433506,0.009316253535185373,1.0151709520887948,1.0190223689860278,1.0315355697494508,1.005142381530678,59.4378130699554
AAPL,2022-01-04,180.17,174.64,174.92,94535602,179.7,99110438,0.021257651641624895,0.7670157047983914,-0.012691610351079624,0.0022867979251491805,1.0018286020114622,1.002323865291742,1.0159907743469407,0.961494141050604,50.52593667217565
AAPL,2022-01-05,175.3,171.64,172.0,96882954,174.92,94535602,0.03161445232106107,0.8481012642891523,-0.026599888703394553,-0.024863418441297847,0.98005378753922,0.9760541442790245,0.9890102662839012,0.9272079462294845,53.71847072327778
AAPL,2022-01-06,174.14,171.03,172.17,86709147,172.0,96882954,0.021279069767442007,0.19125683007852884,-0.01669334552938479,-0.0347923681257014,0.9704355675919658,0.9620581622598525,0.9732047050636149,0.9558751118476306,51.14460966574418
AAPL,2022-01-07,172.5,168.17,172.19,106754551,172.17,86709147,0.018063541848173232,0.23151125327488417,0.000988372093023183,-0.030410542321338097,0.977350136239782,0.969660447067702,0.9761771011896576,0.8677808042646894,53.32898712512852
AAPL,2022-01-10,175.18,170.82,175.08,76138312,172.19,106754551,0.025146640339160302,0.7182448020363806,0.00011616425625840875,-0.05395307950112628,0.9884842361477876,0.974239432396191,0.9772740240857257,1.0938365255528226,48.792540022468394
AAPL,2022-01-11,177.18,174.82,175.53,74805173,175.08,76138312,0.024902901530728886,0.6330275214838843,0.016783785353388786,-0.025709515859766146,1.010434461424812,0.9929560690101067,0.9934649390584502,0.8062463199569744,49.16085740234063
AAPL,2022-01-12,176.62,171.79,172.19,84405760,175.53,74805173,0.013444995157523008,0.24999999894067798,0.0025702535983549725,0.0034873084838784227,1.0123187653552028,0.9976866719337036,0.9970848925473427,0.8164485432735691,48.86971224260183
AAPL,2022-01-13,173.78,171.09,173.07,80440778,172.19,84405760,0.028050409431442085,0.7432712199932261,-0.01902808636700281,0.0011046511627906845,0.9928386918215784,0.9820573071131998,0.9781317218082181,0.95553360564394,28.416606918929034
AAPL,2022-01-14,194.225086,192.531837,192.536552,493315893,173.07,80440778,0.015542843935979649,0.6431226741891318,0.0051106336024159095,0.005227391531625752,0.9968780959841486,0.9896160927690038,0.9825919653960846,0.9735443073244634,35.56085918854413
AAPL,2022-01-17,172.54,169.405,169.8,91063979,192.536552,493315893,0.008794428810587658,0.9972154066105112,0.11247791067198248,0.11816337766420816,1.0836061010950313,1.0943391137162677,1.0860865631885206,4.840342259671076,65.20266281343541
AAPL,2022-01-18,171.08,165.94,166.23,94814990,169.8,91063979,0.018462897526501713,0.5454545437146536,-0.11808953553920498,-0.030157642220699114,0.9613571215555526,0.9705704785548989,0.9586936703188785,0.893551397800336,42.76578243484857
AAPL,2022-01-19,169.68,164.18,164.51,91420515,166.23,94814990,0.030921013054202102,0.7334630335924842,-0.02102473498233228,-0.05298239617159466,0.9511613009443091,0.9549076818254176,0.9410372091626369,0.9291360847136619,41.27590495030662
AAPL,2022-01-20,166.33,162.3,162.41,122824858,164.51,91420515,0.0334326180779284,0.44909090827438,-0.010347109426697943,-0.044601893257448205,0.9496660791417664,0.9491108183383824,0.9344132207936977,0.8858611829828539,40.63034988368433
AAPL,2022-01-21,162.3,154.7,161.62,162706686,162.41,122824858,0.024813742996120935,0.49751860918729746,-0.012765181447936261,-0.06159357485410526,0.9492259090473698,0.9423012091639751,0.9282914563515804,1.1490338728434744,35.449816833979924
AAPL,2022-01-24,162.76,157.02,159.78,115777137,161.62,162706686,0.04702388318277455,0.210526315512464,-0.004864232497998843,-0.16057497487542,0.9800259529209164,0.9435038664790784,0.9287420741529511,1.4620814598801248,36.268306595417414
AAPL,2022-01-25,164.3894,157.82,159.69,108275307,159.78,115777137,0.03592439604456115,0.13937282205684423,-0.01138472961267172,-0.05901060070671384,0.980786937572893,0.9411686802869856,0.9233445588407753,1.0234133429304264,37.963704256034184
AAPL,2022-01-26,163.84,158.28,159.22,121954638,159.69,108275307,0.0411384557580312,0.5799616394496279,-0.0005632745024408775,-0.03934307886663053,0.9881684632615932,0.9494977369239623,0.9281047073863644,0.9380597766772122,39.752444362515796
AAPL,2022-01-27,170.35,162.8,170.33,179435660,159.22,121954638,0.034920236151237294,0.5809352507537116,-0.002943202454756083,-0.032156099933134716,0.9917530396651385,0.9540607055081058,0.9305053162360013,1.0288594046770319,39.273248771302434
AAPL,2022-01-28,175.0,169.51,174.78,115522090,170.33,179435660,0.044325720659895394,0.6119205289908357,0.06977766612234652,0.04876547010652063,1.050589657554525,1.0223112991959569,0.9975441917933504,1.4435403227682986,48.69844702617819
AAPL,2022-01-31,174.84,172.31,174.61,85595911,174.78,115522090,0.03141091658084454,0.8415300531119666,0.026125755885633702,0.08142556614280408,1.0608157319737799,1.0603201951018282,1.0257775010214405,0.9253261720150521,49.79455742629432
AAPL,2022-02-01,175.88,173.33,175.84,84914158,174.61,85595911,0.014489433594868569,0.23715414926026918,-0.0009726513331044026,0.09281512079108782,1.041043129866568,1.0562068256330226,1.0263127305105388,0.6893501037584486,49.3675507097841
AAPL,2022-02-02,176.2399,172.12,172.9,89418074,175.84,84914158,0.014501819836214644,0.4294117630219171,0.0070442700876237885,0.10113344605172525,1.0285687545333302,1.0574997444054874,1.0332629848750206,0.6865193841919324,52.58414017033292
AAPL,2022-02-03,174.1,170.68,172.39,82446700,172.9,89418074,0.02382822440717178,0.3835044530607391,-0.016719745222929922,0.08591885441527451,0.9954402044999194,1.034598307782525,1.0157185076758675,0.7251210754765539,49.88305397634092
AAPL,2022-02-04,173.9458,170.95,171.66,77251204,172.39,82446700,0.01983873774580885,0.20760233857425694,-0.0029496818970504296,0.012094170140315703,0.9901553094702017,1.0254229222679578,1.0126570226660754,0.6697453793812042,31.250842227880156
AAPL,2022-02-07,175.35,171.43,174.83,74829217,171.66,77251204,0.01745193988116045,0.4005607837620696,-0.004234584372643365,-0.01785101270168214,0.9895088771039889,1.0150189214758751,1.0085258351194941,0.635151658037171,52.93190416141234
AAPL,2022-02-08,176.65,174.9,176.28,71204538,174.83,74829217,0.022421781158839943,0.790816324513232,0.018466736572294164,0.0012599507473798686,1.0075263364145595,1.0246446886446887,1.0272254546578126,0.6155696000380596,63.729246487867215
AAPL,2022-02-09,175.48,171.55,172.12,90715899,176.28,71204538,0.009927388245972316,0.13142857067754518,0.008293771091917798,0.002502274795268413,1.0153676013178814,1.0231942606394093,1.0355168680939653,0.5866205908195956,68.95330112721419
AAPL,2022-02-10,173.08,168.04,168.64,98490687,172.12,90715899,0.02283290727399476,0.513994909633599,-0.02359882005899703,-0.004511278195488728,0.9922977585093627,0.9916231693686842,1.011100680041222,0.7454278873741254,64.6632437330112
AAPL,2022-02-11,169.58,166.56,168.88,86185530,168.64,98490687,0.029886148007590256,0.732142855690195,-0.020218452242621532,-0.02175300191426417,0.9764571005060623,0.9725209769037803,0.9919484910323563,0.8033569741354395,59.804469273742995
AAPL,2022-02-14,172.95,170.25,172.79,64286317,168.88,86185530,0.01788252013263862,0.49999999834436615,0.0014231499051233936,-0.016194803681696384,0.9810049375544583,0.9772299858229899,1.0003198559463589,0.8429530151559281,63.30409356725145
AAPL,2022-02-15,173.34,170.05,172.55,61139697,172.79,64286317,0.01562590427686781,0.6740740715775038,0.023152534343912817,-0.011668477950008697,1.0061021765205949,1.0009094437332375,1.0225742785196672,0.637106872455169,67.22777485533928
AAPL,2022-02-16,171.91,168.47,168.88,69589344,172.55,61139697,0.019066937119675408,0.21276595680010918,-0.0013889692690548104,-0.02115951894712951,1.0090879318814476,1.0014277091651966,1.0192478653683144,0.6162049637639071,67.63694098967983
AAPL,2022-02-17,170.5413,166.19,167.3,82772674,168.88,69589344,0.02036949313121742,0.6249999981831417,-0.021269197334106146,-0.018824076225888966,0.9913823467255266,0.9824202161696781,0.996283405108843,0.7091677656322966,47.6112026359143
AAPL,2022-02-18,129.8768,128.3783,129.203782,153364175,167.3,82772674,0.026008965929468074,0.5791372679908542,-0.00935575556608233,-0.007945920303605166,0.9836547507055503,0.9761192114030328,0.9855408840413655,0.8610890013166881,36.390101892285315
AAPL,2022-02-21,166.69,162.15,164.32,91148358,129.203782,153364175,0.011597957713033564,0.10872739333514785,-0.22771200239091463,-0.23493734012316442,0.7968421851475919,0.7729931716033341,0.7684586158289438,1.6032475797692969,15.289066247493466
AAPL,2022-02-22,166.15,159.75,160.07,90009247,164.32,91148358,0.02762901655306714,0.14537444901899851,0.27178939700077825,-0.049019040453729956,1.024114835522209,0.9893051358539496,0.9759998065961822,0.9652784628233627,44.19895388607446
AAPL,2022-02-23,162.85,152.0,162.74,141147540,160.07,90009247,0.03998250765290189,0.8546874986645498,-0.02586416747809153,-0.07232686177919453,1.0133914523893375,0.9732155764089924,0.9506491005867999,0.9625246495551407,43.6234148445471
AAPL,2022-02-24,165.12,160.8738,164.85,91974222,162.74,141147540,0.06667076318053333,0.9364055290908706,0.01668020241144509,-0.0363571766935101,1.0383676899728145,0.9951241837873612,0.9654969278637062,1.4940460829001398,45.30470453230596
AAPL,2022-02-25,165.42,162.43,165.12,95056629,164.85,91974222,0.025757961783439587,0.237859732848521,0.012965466388103633,-0.014644351464435247,1.0551294317577116,1.0103679738586664,0.9796074717436383,1.0207984139307733,46.730439453135126
AAPL,2022-02-28,166.6,161.97,163.2,83468865,165.12,95056629,0.018108042635658798,0.6889632083981216,0.0016378525932666682,0.2779811662169457,1.0104026434952882,1.0143604106651394,0.9840362930463443,1.0671286925230017,45.204580024131374
AAPL,2022-03-01,167.36,162.95,166.56,79724750,163.2,83468865,0.028370098039215662,0.3228941677691284,-0.011627906976744281,-0.006815968841285325,1.0000245104046668,1.0085069401919085,0.975912021043347,0.9381617587585727,43.570107788982654
AAPL,2022-03-02,168.91,165.55,166.23,76678441,166.56,79724750,0.02647694524495692,0.4920634909477027,0.020588235294117734,0.040544761666770845,1.0125597286223207,1.033094385970471,0.9987755818494249,0.8987001073523613,47.245136367533526
AAPL,2022-03-03,165.55,162.1,163.17,83819592,166.23,76678441,0.020212957949828463,0.6666666646825453,-0.0019812680115274526,0.021445250092171443,1.0062835972686328,1.0327450432459486,0.9987941580901621,0.8706118195789448,48.76742023899651
AAPL,2022-03-04,165.02,159.04,159.3,96418845,163.17,83819592,0.021143592572164107,0.3826086945431676,-0.018408229561451016,-0.010191082802547812,0.9897728927063618,1.0163418311232884,0.983131322862736,0.9509517280020036,47.161532257977925
AAPL,2022-03-07,162.88,155.8,157.44,131139480,159.3,96418845,0.03753923414940375,0.6789297647509519,-0.02371759514616643,-0.03524709302325577,0.9731691224983506,0.9739783315806209,0.9634011050450164,1.0821270007777621,43.291389916194206
AAPL,2022-03-08,163.41,159.41,162.95,91445405,157.44,131139480,0.04496951219512185,0.1949152539619839,-0.011676082862523625,-0.03529411764705877,0.9686231081579918,0.966672397278778,0.957185704187591,1.4267202890346151,42.60491400185485
AAPL,2022-03-09,160.39,155.98,158.52,105342033,162.95,91445405,0.024547407180116602,0.3687499990781236,0.03499745934959344,-0.021673871277617756,1.006995513478105,0.9987374046924414,0.9947154689226895,0.9840374556452623,47.14910523826576
AAPL,2022-03-10,159.28,154.5,154.73,96917302,158.52,105342033,0.027819833459500357,0.38095238008853877,-0.027186253451979003,-0.04638151958130289,0.9890438992737528,0.9741049811348583,0.9717064418861123,1.1247269915785172,45.89153025954411
AAPL,2022-03-11,154.12,150.1,150.62,108712111,154.73,96917302,0.030892522458476065,0.878661086027909,-0.02390865505929864,-0.05172519458233743,0.9756728125709383,0.9567653133154426,0.9525352122358495,1.035646815553903,67.59307287390226
AAPL,2022-03-14,155.57,150.38,155.09,92964302,150.62,108712111,0.026689682645067124,0.20646766117793666,-0.026562399017643543,-0.05448838669177656,0.9602682783770689,0.9397773784566238,0.9324745935295918,1.1478692023659793,33.50987000481466
AAPL,2022-03-15,160.0,154.46,159.59,102300157,155.09,92964302,0.03346444000257913,0.8073217710841584,0.0296773336874253,-0.014926321138211346,0.9917381795858858,0.9725889088868126,0.9654375408408824,0.9669513828796279,44.0373563218391
AAPL,2022-03-16,161.0,157.63,160.62,75615376,159.59,102300157,0.0347139545084278,0.4584837536850466,0.029015410406860533,-0.020619822031297856,1.0249181170123949,1.0052026907863245,0.9974737263754787,1.041756588893591,46.386785960082584
AAPL,2022-03-17,164.48,159.76,163.98,122610172,160.62,75615376,0.02098119785829912,0.5964391673696132,0.006454038473588578,0.013247539742619191,1.0287580862102093,1.0152778392318729,1.0065096074660094,0.7676611916426995,45.02470007057164
AAPL,2022-03-18,166.35,163.015,165.38,95811352,163.98,122610172,0.0287839980485425,0.7351694899678612,0.020918939110944994,0.05978155496671622,1.0379794910748195,1.03598594930631,1.028634730013942,1.2200885125458294,48.749999999999986
AAPL,2022-03-21,169.42,164.91,168.82,81532007,165.38,95811352,0.020165679042205877,0.5607196384985919,0.008537626539821964,0.09799495418935061,1.0276390028086397,1.0408327669108577,1.0257777998312907,0.9815207387311544,52.41792369121562
AAPL,2022-03-22,172.64,167.65,170.21,98062674,168.82,81532007,0.026714844212770945,0.7339246103460672,0.020800580481315743,0.08852924108582107,1.0314153398746317,1.0549272011497843,1.045655284331275,0.8393732212131819,52.50221434898139
AAPL,2022-03-23,174.14,170.21,174.07,90131418,170.21,98062674,0.029316726396803834,0.4448897786675571,0.008233621608814209,0.06654552290243752,1.0265859277933922,1.0588096245241234,1.0509644594828225,1.0053888361529526,54.305495456512354
AAPL,2022-03-24,175.28,172.75,174.72,80529356,174.07,90131418,0.0225771241454586,0.7659033059391792,0.022677868515363287,0.08373801519113429,1.0331054293378912,1.0724473387509166,1.0710517005337723,0.9488890412021516,61.59081242024672
AAPL,2022-03-25,175.73,172.0,175.6,90371916,174.72,80529356,0.014480311355311361,0.3320158089643656,0.0037341299477222137,0.06549579216977686,1.0239099859353022,1.0633558517436552,1.071796633459292,0.852938596111485,67.6027397260274
AAPL,2022-03-28,179.01,176.34,178.96,99459940,175.6,90371916,0.021241457858769873,0.919571043111074,0.005036630036630011,0.06179707340669972,1.0168863357346367,1.0527073042060333,1.073743426684603,0.9595681600339985,71.2050443717889
AAPL,2022-03-29,179.61,176.7,177.77,91340654,178.96,99459940,0.01491953509164052,0.8501872627333888,0.019134396355353155,0.06006397346285994,1.024314300105316,1.057714471467833,1.089041429336449,1.0471745639982601,69.68281288418984
AAPL,2022-03-30,178.03,174.4,174.61,103049285,177.77,91340654,0.016369466164144822,0.26804123619229625,-0.00664953062136789,0.04441572175547854,1.008772925367714,1.039511616075971,1.0781224888333631,0.9558448403333085,75.71466737910767
AAPL,2022-03-31,174.88,171.94,174.31,78251328,174.61,103049285,0.020789187331767912,0.8898071600831742,-0.017775777690273928,0.0031022002642616215,0.9902343306943721,1.0127485325847392,1.056273913766768,1.0636942706092933,77.01086956521743
AAPL,2022-04-01,178.49,174.44,178.44,76545983,174.31,78251328,0.016866502208708608,0.0952380949141566,-0.0017181146555180766,-0.002346611721611702,0.9889929078014185,1.0049871717259073,1.0509180686644821,0.8100530114901409,85.90481964231584
AAPL,2022-04-04,178.3,174.415,175.06,73401786,178.44,76545983,0.022696704774714253,0.9555555531961576,0.023693419769376372,0.016173120728929406,1.0091732742141635,1.0211100365663144,1.069646298588611,0.8006348196885259,85.75803981623275
AAPL,2022-04-05,173.63,170.13,171.83,89058782,175.06,73401786,0.02219239118016691,0.628056626440005,-0.018941941268773792,-0.02179257934734022,0.9944443813267589,0.9982038488952245,1.043872333447623,0.7916523020726274,74.53219156359023
AAPL,2022-04-06,173.36,169.85,172.14,77594650,171.83,89058782,0.020368969330151893,0.1514285709959187,-0.01845081686278984,-0.0334139618608314,0.9827280526165284,0.9788819451169841,1.0219064922552656,0.9617537847977707,66.61725466943375
AAPL,2022-04-07,171.78,169.2,170.09,76534208,172.14,77594650,0.020390379923318342,0.27920227840682665,0.0018041087120990154,-0.014145810663765118,0.987290371423983,0.9817273473857103,1.019620618678829,0.8506970120848708,63.29856584093873
AAPL,2022-04-08,169.03,165.5,165.75,72246706,170.09,76534208,0.015168440237521386,0.6550387571510086,-0.011908911351225649,-0.02420974126556135,0.9802780211166952,0.9726042280179095,1.0029157613262145,0.8485521863251491,57.51675710181936
AAPL,2022-04-11,169.87,166.64,167.66,79265181,165.75,72246706,0.021297134238310717,0.8385269098058747,-0.025515903345287808,-0.07111634162743778,0.9694456467065169,0.9531559092791093,0.972985347985348,0.8175423033722756,45.237356500155144
AAPL,2022-04-12,171.04,166.77,170.4,70618925,167.66,79265181,0.0192651795300013,0.11145510801407447,0.011523378582202091,-0.04227122129555584,0.9891795579784535,0.9704455737818782,0.9805796567444826,0.9039698527489504,46.106870229007605
AAPL,2022-04-13,171.27,165.04,165.29,75069376,170.4,70618925,0.025058685446009282,0.7049180311360309,0.016342598115233264,-0.008322178897747813,1.007044584180417,0.9905306663411401,0.9934643571341119,0.8201814756488985,44.19854568447678
AAPL,2022-04-14,76.443907,72.070459,74.129958,318766422,165.29,75069376,0.03769133038901336,0.8555377193330048,-0.029988262910798202,-0.0397931915882421,0.9848186942170426,0.9660601880804455,0.962361975959873,0.8721463796487803,36.935439179828194
AAPL,2022-04-15,166.5984,163.57,165.07,69023941,74.129958,318766422,0.05899703868711211,0.5290903183733047,-0.5515157722790247,-0.5641721559174555,0.4987013588599184,0.46020871704490723,0.4431966551321458,3.3245666342064357,9.852018566235813
AAPL,2022-04-18,167.82,163.91,167.4,67723833,165.07,69023941,0.018346156176167718,0.3797384745088559,1.2267650549592917,-0.004102564102564143,1.1115077054519205,1.0333538101443953,0.9869862871430565,0.7300819773583238,46.75391574045841
AAPL,2022-04-19,168.88,166.1,167.23,67929814,167.4,67723833,0.023357228195937853,0.608695650617146,0.014115223844429712,-0.0015507574853870388,1.1275917058815985,1.0529891582537896,1.001342912704434,0.7216000019912134,47.58938213069831
AAPL,2022-04-20,171.53,165.91,166.42,87227768,167.23,67929814,0.016623811517072304,0.5503597102505048,-0.0010155316606930461,-0.01860328638497662,1.1312777999697852,1.0549723966721596,1.0012183821283365,0.7356036311703745,48.26025528589606
AAPL,2022-04-21,167.8699,161.5,161.79,84875424,166.42,87227768,0.03376997956976328,0.44306049743227793,-0.004843628535549855,0.006836469235888412,1.1240797665806823,1.053664617999996,0.9986558297759129,0.946066180837231,48.14449064419728
AAPL,2022-04-22,163.17,158.46,162.88,96017376,161.79,84875424,0.03937140737993697,0.7331355268793325,-0.02782117533950244,1.182518436068721,0.9770989600318876,1.0297618565181956,0.9746532450595449,0.918388314607299,46.09356824241128
AAPL,2022-04-25,162.34,156.72,156.8,95595226,162.88,96017376,0.02891699410609025,0.37367303530005697,0.006737128376290274,-0.013267098806566898,0.9862907523131329,1.0385966980309904,0.9849934964818674,1.0357853767770278,47.11128091572149
AAPL,2022-04-26,159.79,155.38,156.57,88063191,156.8,95595226,0.035841836734693905,0.9697508879541771,-0.03732809430255393,-0.06332138590203103,0.9618215722838357,1.006799778019655,0.9546219837306734,1.0333855617632675,46.482895565295884
AAPL,2022-04-27,164.515,158.93,163.64,130149192,156.57,88063191,0.02816631538608927,0.1496598636062128,-0.0014668367346939934,-0.06374454344316209,0.9731372597767446,1.0143303506147237,0.9594132242691513,0.9536535406877429,46.35516787380448
AAPL,2022-04-28,166.2,157.25,157.65,131747495,163.64,130149192,0.03412979711561953,0.7860340182882117,0.045155521491984374,-0.016704722990025244,1.020606725875661,1.0612674016156574,1.006117631115909,1.3890291540149677,48.52477070545382
AAPL,2022-04-29,158.23,153.27,157.96,123050000,157.65,131747495,0.05677132889311759,0.46815642405792607,-0.03660474211684173,-0.025588726126460144,0.9883516814203678,0.9698852625426806,0.974278805317192,1.3670614974615969,48.16126466200749
AAPL,2022-05-02,160.71,156.32,159.48,88966526,157.96,123050000,0.03140035452013155,0.25201612852416205,0.0019663812242309057,-0.03020628683693509,0.996442179102218,0.9760618905792355,0.9824116355888776,1.2467329012239166,47.78194542356437
AAPL,2022-05-03,166.48,159.26,166.02,108206503,159.48,88966526,0.02752696262854286,0.30296127493630226,0.009622689288427334,0.01709183673469374,1.0026405130139568,0.9903006669067695,0.9966939490469742,0.8943498484076621,47.48896344245342
AAPL,2022-05-04,164.08,154.95,156.77,130419230,166.02,108206503,0.0434887362968317,0.8795013838234086,0.04100827689992489,0.06035639011304859,1.0315004659832248,1.0316863554166331,1.039453802676916,1.077393582330336,50.16676559597794
AAPL,2022-05-05,159.44,154.18,157.28,115494647,156.77,130419230,0.058238183325891583,0.775465497507701,-0.055716178773641725,-0.04198240039110228,0.9824159021406729,0.9800820225562031,0.9862850083120386,1.2652870408665684,80.16939860459448
AAPL,2022-05-06,155.83,151.49,152.06,131577921,157.28,115494647,0.03344354018311286,0.2414448664611338,0.00325317343879563,-0.002346971138598189,0.9860691401988689,0.9860505940252657,0.9934969290304344,1.0997098185466303,41.62905652267355
AAPL,2022-05-09,156.74,152.93,154.51,115366736,152.06,131577921,0.028541365250559014,0.660138247326872,-0.033189216683621556,-0.03735122815902764,0.9604476952034463,0.9598353774388821,0.964694699608938,1.2184336754190241,34.479967624443546
AAPL,2022-05-10,155.45,145.81,146.5,142547625,154.51,115366736,0.024658598148987135,0.2650918628212861,0.01611206102854129,-0.031163782292450457,0.9820883758771481,0.9767121382606168,0.9843439060131697,1.0507517211888033,37.69825918762088
AAPL,2022-05-11,146.2,138.8,142.56,182408091,146.5,142547625,0.06580204778156987,0.7261410780849169,-0.05184130476991775,-0.11757619563907969,0.9548701637292731,0.9320109169333342,0.9404741014941379,1.2571344749644457,33.08998302207131
AAPL,2022-05-12,148.105,143.11,147.11,113990852,142.56,182408091,0.05190796857463508,0.02837837834003038,-0.026894197952218413,-0.09064234228487598,0.9467267004024384,0.9192734025883582,0.9219069423420456,1.5359666244811179,33.48221954990551
AAPL,2022-05-13,147.5199,144.18,145.54,86643781,147.11,113990852,0.033954183943987325,0.5045045034944899,0.031916386083052826,-0.06466174974567641,0.9903196273258477,0.9551046907969486,0.9293995009002749,1.0504223126192478,37.214204637587166
AAPL,2022-05-16,149.77,146.68,149.24,78138254,145.54,86643781,0.0229483303559159,0.0029941016108501186,-0.010672286044456676,-0.04287781139024076,0.9884273722528591,0.9525928931883784,0.9251884036781228,0.7919902399725844,40.15045486354092
AAPL,2022-05-17,147.3601,139.9,140.82,109742890,149.24,78138254,0.020704904851246337,0.12297734588033062,0.02542256424350706,-0.03410782473626291,1.0208632601409127,0.9834013139253684,0.9542168982835731,0.7108596950618873,43.95513772060037
AAPL,2022-05-18,141.66,136.6,137.35,135863540,140.82,109742890,0.05297613975287589,0.808300155750863,-0.05641919056553213,-0.038771331058020525,0.9708108704344588,0.9435871320499334,0.9080474593758061,0.9797471894575221,31.590835753468866
AAPL,2022-05-19,140.7,132.61,137.59,137392625,137.35,135863540,0.03684018929741538,0.4999999990118577,-0.024641386166737674,-0.036546015712682435,0.9537399661139349,0.9324697719573378,0.8940514820034304,1.1871697953286444,32.9297006390851
AAPL,2022-05-20,143.26,137.65,143.11,117726265,137.59,137392625,0.05879787775274348,0.1854140912417631,0.0017473607571897277,-0.06471347970906131,0.9682072789709235,0.9467549267863041,0.9027237864666884,1.1736029622279858,32.85064825728237
AAPL,2022-05-23,141.97,137.33,140.36,104132746,143.11,117726265,0.03920061491160635,0.9483065936750392,0.04011919470891787,-0.01669644084100576,1.010506842157292,0.9908400434803682,0.9450696040362417,0.9963753865229517,37.08786874901407
AAPL,2022-05-24,141.785,138.34,140.52,92482696,140.36,104132746,0.03305785123966932,0.09590517220709974,-0.01921598770176787,-0.059501474135620444,1.003675471590178,0.9814149267924316,0.9319681818785439,0.8781540879948501,28.473154362416125
AAPL,2022-05-25,144.34,137.14,143.78,90601098,140.52,92482696,0.02451608311984054,0.6066763407643669,0.0011399259048161625,-0.0021303792074988137,1.0052508834933398,0.9866591770818705,0.9380288177512541,0.7784582717632113,33.91407642051081
AAPL,2022-05-26,149.68,145.26,149.64,91425110,143.78,90601098,0.050076505772708425,0.8874999987673611,0.023199544548818608,0.04681470695303973,1.0191958716116594,1.0086851594617727,0.9661952617590828,0.7755284962457307,37.326323695080745
AAPL,2022-05-27,101.209152,96.229385,98.548694,226754924,149.64,91425110,0.029537556802993963,0.9615384593630317,0.04075671164278749,0.08757903917435847,1.042918275463124,1.0479358520956616,1.0082878512229634,0.7963245393102808,47.75510204081631
AAPL,2022-05-30,150.66,146.84,148.84,103718416,98.548694,226754924,0.050531029868341126,0.3202105634255378,-0.34142813418871953,-0.3113780029348055,0.7323243314491743,0.7136252114431454,0.6775926639379325,1.8897172305209031,22.71279829418208
AAPL,2022-05-31,151.74,147.68,148.71,74286635,148.84,103718416,0.025665143778554105,0.06020942392615077,0.5103193554244363,0.06041607295525783,1.0922774962417772,1.0781142493026088,1.0271384646905215,0.8590818993495888,50.807884890240764
AAPL,2022-06-01,151.27,146.86,151.21,72348055,148.71,74286635,0.027301459215923623,0.2931034475539317,-0.0008734211233539065,0.05828351836037573,1.0783609008286006,1.0710514593922764,1.032407682594116,0.6240701944148873,52.180656011109136
AAPL,2022-06-02,147.97,144.46,145.38,88570289,151.21,72348055,0.029164737781892706,0.7664399075590927,0.016811243359558872,0.05167617192933653,1.084800081424645,1.0782932506014968,1.0517936944028285,0.622980439928642,51.47521694540399
AAPL,2022-06-03,148.5689,144.9,146.14,71598380,145.38,88570289,0.024143623607098576,0.4330484318146809,-0.03855565108127777,-0.02846832397754605,1.04938915027246,1.0309916647578994,1.0154437504521012,0.7716127836191473,49.94414289832949
AAPL,2022-06-06,149.0,144.1,148.71,67808150,146.14,71598380,0.025105378404269935,0.24257951908588887,0.005227679185582548,0.4829217320728775,0.9870589506673151,1.0341591719175718,1.0228669293233181,0.6404896076313393,48.895087582201555
AAPL,2022-06-07,149.8697,147.46,147.96,53950201,148.71,67808150,0.03295003698473543,0.8908163247126206,0.017585876556726575,-0.0008734211233539065,1.0045936634465986,1.0461641150704437,1.0429719398951325,0.6197674498707311,52.93455579067377
AAPL,2022-06-08,147.95,142.53,142.64,69472976,147.96,53950201,0.016286158421194828,0.2572934379495678,-0.005043373007867662,-0.005043373007867662,1.0005409791723017,1.0354682923617766,1.0371808246965275,0.513913487119979,54.02770844754032
AAPL,2022-06-09,140.76,137.06,137.13,91566637,142.64,69472976,0.037997756590016744,0.8191881903705082,-0.03595566369289011,-0.056676145757555856,0.9758767428813814,0.9990343783628415,0.9998602642007236,0.699398988562484,51.845859921148374
AAPL,2022-06-10,135.2,131.44,131.88,122128099,137.13,91566637,0.0269816962006854,0.8513513490504059,-0.03862871564778457,-0.05674783326454808,0.9488914722245286,0.9689326173987988,0.9646109902793146,0.9323442996004058,47.8140496395843
AAPL,2022-06-13,133.89,131.48,132.76,84784326,131.88,122128099,0.02851076736427048,0.26329787164016827,-0.03828483920367535,-0.09757766525249756,0.9309351705443866,0.9103962446500066,0.9321594938436712,1.2214593316126308,46.95582963363725
AAPL,2022-06-14,137.34,132.16,135.43,91532972,132.76,84784326,0.01815305815004517,0.15352697031731757,0.006672732787382435,-0.10725573263398572,0.9587359359879833,0.9267584396727444,0.9438769010135627,0.8451581679907066,47.228623134545515
AAPL,2022-06-15,132.39,129.04,130.06,107961508,135.43,91532972,0.038248541682049816,0.22007721965236315,0.02011147936125351,-0.08468505001351717,0.9960431866321489,0.9542431160339334,0.9647080909604576,0.9207880873265054,47.00529246234911
AAPL,2022-06-16,133.079,129.81,131.56,134520290,130.06,107961508,0.025757342764877705,0.6029850728269143,-0.03965148046961533,-0.08819405496354449,0.9745826214668944,0.9302691529157637,0.9288677378593295,1.1015119771113497,42.95291107829158
AAPL,2022-06-17,99.437647,97.252282,99.353769,155250193,131.56,134520290,0.024847978108847715,0.45732639811157483,0.011533138551437798,-0.04061839130751836,0.9941211141168824,0.9503926257160815,0.9416080296238817,1.3745005349073611,68.47689655404791
AAPL,2022-06-20,137.06,133.32,135.87,81000488,99.353769,155250193,0.021995793637179527,0.5106826525057239,-0.24480260717543328,-0.24663505459508642,0.7895700125733082,0.742840932374709,0.7224119743254434,1.5564758455267689,15.270983246819057
AAPL,2022-06-21,137.76,133.91,135.35,73409234,135.87,81000488,0.027526311915801936,0.6550802121521949,0.36753745094461393,0.023425730641759672,1.0744554547541256,1.0257097280015968,0.9895407202748628,0.8216053548218205,44.03525676110614
AAPL,2022-06-22,138.59,135.63,138.27,72433768,135.35,73409234,0.028444772811230104,0.14545454507674224,-0.0038271877529992655,-0.0005907110684487374,1.0704787569647811,1.0316045455381875,0.9876128960796209,0.7518787918426789,42.49425914939871
AAPL,2022-06-23,141.91,139.77,141.66,88401837,138.27,72433768,0.021407391335792347,0.48986486320992045,0.021573697820465577,0.06312471167153627,1.0795532966327688,1.0573818995209923,1.0109516238799428,0.7488549472196873,46.539892143133585
AAPL,2022-06-24,143.49,140.965,141.66,70207908,141.66,88401837,0.015106593251447031,0.8224299026989267,0.024517248860924178,0.07677105503192455,1.0888484183402174,1.079566168859014,1.0387677331711824,0.9153710277519206,47.87420739965249
AAPL,2022-06-27,143.422,137.325,137.44,67315328,141.66,70207908,0.017824368205562654,0.4099009884756374,0.0,0.4258140524090233,1.0223582223120338,1.071579507263279,1.0226040655191089,0.7910971428056195,46.57109379345408
AAPL,2022-06-28,140.67,136.67,139.23,66242411,137.44,67315328,0.0443611757857975,0.7692307679691133,-0.02978963715939573,0.011555163023478275,0.9896598404331923,1.0359899712462204,0.9962402625320115,0.7743859371177502,45.050458132794546
AAPL,2022-06-29,138.37,133.7737,136.72,98964467,139.23,66242411,0.02872944049414638,0.44249999889374547,0.01302386495925489,0.02866642039157736,0.9969782029616475,1.0464850658031395,1.0126945885369247,0.7655856024061904,48.34051085908376
AAPL,2022-06-30,139.04,135.66,138.93,71051552,136.72,98964467,0.0336183440608544,0.11531014051452215,-0.018027723910076787,-0.011209951544080504,0.9811829886179327,1.0225008759146208,0.9997061392613196,1.1264398254101178,49.79447068390993
AAPL,2022-07-01,109.848845,106.201355,106.591118,335497185,138.93,71051552,0.02432879867559199,0.8550295832691488,0.016164423639555354,-0.019271495129182477,1.0009654456900776,1.0333334117029418,1.0182670314801865,0.8168719520394543,53.6452019184372
AAPL,2022-07-04,141.61,136.93,141.56,73429641,106.591118,335497185,0.03421945532084569,0.893142130908814,-0.23277105016915,-0.24755669913878303,0.8088429158968903,0.7885585020504207,0.7927333355318271,3.3491116915809807,39.790649355237726
AAPL,2022-07-05,144.12,141.08,142.92,74064254,141.56,73429641,0.033060186493359754,0.809829058098653,0.32806562738182377,0.029976717112922036,1.0675215397658007,1.0428675448641787,1.055608523793794,0.7309628462645009,51.910130676246204
AAPL,2022-07-06,146.55,143.28,146.35,66253709,142.92,74064254,0.021270640917996027,0.5148026298855183,0.009607233681830921,0.026502908855850018,1.0718124575739028,1.0470474508058358,1.0677564827453274,0.7299721451591665,54.109933340716296
AAPL,2022-07-07,147.55,145.0,147.04,64543598,146.35,66253709,0.022343696617697372,0.9357798136520473,0.023999440246291682,0.07043592744294906,1.0819084651827247,1.0658666106077879,1.0918688501734344,0.6540295368978827,54.669143482596105
AAPL,2022-07-08,146.64,143.78,144.87,63305113,147.04,64543598,0.017342219804135008,0.6960784286428289,0.00471472497437648,0.05837472108255945,1.0741296775896625,1.0667122307940324,1.0929762392544196,0.6457611956703186,68.79423354120291
AAPL,2022-07-11,148.45,145.05,145.86,77588759,144.87,63305113,0.019741837509491166,0.27972027874223226,-0.01475788900979317,0.3591188714241651,1.002227633727205,1.0485280843524785,1.0716723366217484,0.6525729200332427,54.863930779823
AAPL,2022-07-12,146.45,142.1201,145.49,71185560,145.86,77588759,0.023310023310023152,0.029411764619384047,0.006833712984054732,0.030375812376377587,1.00310849471831,1.0492988316299945,1.0737929386811702,0.8027914536873426,55.651281172864856
AAPL,2022-07-13,148.95,143.25,148.47,78140744,145.49,71185560,0.029760808302976016,0.5773805386328104,-0.0025366790072672736,0.017982087881332365,0.9970395142610436,1.0419448376140825,1.0671175470689045,0.7443748031591294,53.99169532762885
AAPL,2022-07-14,150.86,148.2,150.17,76259931,148.47,78140744,0.038391594261466884,0.7701754372453053,0.020482507388823904,0.014485821660403174,1.0145135500799476,1.0544136847093208,1.0816718383316732,0.8300456062006502,53.782166576968415
AAPL,2022-07-15,151.57,146.7,147.07,81380868,150.17,76259931,0.01771325830725195,0.14661654080218695,0.011450124604297087,0.021286724700761667,1.0217592466592276,1.058041045789611,1.0866903138231552,0.8359333705473463,54.638726394769634
AAPL,2022-07-18,151.23,146.91,151.0,82969067,147.07,81380868,0.033113483375263514,0.7535934276106937,-0.02064327095957911,0.015186028853454743,0.9976799717797739,1.0074667762707221,1.0461952361547224,0.9297077414403075,55.314114141476885
AAPL,2022-07-19,153.72,150.37,153.04,64823413,151.0,82969067,0.028609271523178763,0.7129629613125897,0.026721969130346142,0.03523927053338809,1.0172460253300997,1.0277422340802047,1.0684021033826079,0.9467869434414489,56.345166445198615
AAPL,2022-07-20,155.57,151.94,155.35,65064436,153.04,64823413,0.02188970203868266,0.5731343266473574,0.013509933774834384,0.05189360093477203,1.0206068689563188,1.034501406013411,1.0761015901468958,0.7433625674360957,58.84286706383566
AAPL,2022-07-21,156.28,153.41,154.09,66675373,155.35,65064436,0.02336659156742836,0.23415977896925555,0.015094093047569278,0.04633932781033202,1.026591596949632,1.0437662931011316,1.0858240964446533,0.7492925531298442,58.88742013716634
AAPL,2022-07-22,155.04,152.28,152.95,53580745,154.09,66675373,0.018625478616393045,0.4529616708955973,-0.008110717734148638,0.026103749084371155,1.0130168956676089,1.0304197511050481,1.0723589613593894,0.777572002142131,88.74367725010062
AAPL,2022-07-25,153.085,150.8,151.6,55099091,152.95,53580745,0.01804511278195483,0.38405796962298044,-0.007398273736128332,0.03998096144693,0.9978080189971686,1.0172997492500782,1.060260096435255,0.6309792660752601,70.73170731707317
AAPL,2022-07-26,157.33,152.16,156.79,78620688,151.6,55099091,0.015072559366754595,0.2910284451158462,-0.008826413860738767,0.003973509933774797,0.9882273183578216,1.0044857311344195,1.0457692652812616,0.6535607633178798,65.80480699198837
AAPL,2022-07-27,157.64,154.41,157.35,81378731,156.79,78620688,0.03297404171184397,0.8143133446531592,0.0342348284960422,0.024503397804495557,1.0170865876125483,1.0311536109119848,1.075059755381881,0.925767107409712,67.86447638603698
AAPL,2022-07-28,163.63,159.5,162.51,101763760,157.35,81378731,0.02052748649507461,0.11455108323668572,0.00357165635563494,0.01287415513356936,1.0180775899997412,1.028828110186281,1.0713223882503669,0.9682685212152791,67.72086627707118
AAPL,2022-07-29,163.59,160.89,161.51,67778379,162.51,101763760,0.02541382068795764,0.3075060525241944,0.03279313632030503,0.05464339022649093,1.0401305683563749,1.0540619425976976,1.0976433427223073,1.1890896645912206,77.4937655860349
AAPL,2022-08-01,162.41,159.63,160.01,59907025,161.51,67778379,0.01671723113119941,0.18518518449931295,-0.006153467478924374,0.05596600196142532,1.0225258306320908,1.0378552747415162,1.071024771302292,0.9388199172486217,74.38454347148642
AAPL,2022-08-02,166.59,160.75,166.13,82507488,160.01,59907025,0.01737391413036686,0.03237410060297208,-0.00928735062844406,0.055474934036939295,1.0023553879499356,1.0222974699718885,1.0546262242786144,0.8376360007192589,71.85430463576158
AAPL,2022-08-03,167.19,164.43,165.81,55474144,166.13,82507488,0.03515319328236925,0.9058219162571524,0.03824760952440476,0.05957012564576825,1.0286559918762614,1.052594897008788,1.0866515134171666,1.146871971868174,74.28492849284929
AAPL,2022-08-04,165.85,163.0,165.35,56696985,165.81,55474144,0.016645558168988547,0.0706521736570551,-0.0019262023716366291,0.05376549094375601,1.0160300011029817,1.0436506687647522,1.0776995297535674,0.7769232718477225,72.35563178959409
AAPL,2022-08-05,167.81,164.2,164.87,60362338,165.35,56696985,0.017236165709101872,0.7508771903477961,-0.0027742596948314817,0.017475847640145245,1.0096969993038678,1.0334310410559935,1.0683525983549889,0.7984364599838487,78.2622139764997
AAPL,2022-08-08,165.82,163.25,164.92,63075503,164.87,60362338,0.021896039303693902,0.4155124642229556,-0.0029029331720592066,0.020803665407714778,1.0026515197586874,1.0228111642565125,1.0584126698807865,0.8518189099048883,74.00484596746281
AAPL,2022-08-09,169.34,166.9,169.24,70170540,164.92,63075503,0.01558331312151342,0.35019455116655024,0.00030326924243332895,0.030685582151115536,0.9970014992503747,1.0147361944316258,1.0522957555958246,0.8993157825548029,72.0817843866171
AAPL,2022-08-10,170.99,168.19,168.49,57142109,169.24,70170540,0.014417395414795543,0.6393442596748201,0.026194518554450777,0.01872027929934397,1.0192847420470015,1.0334005007022042,1.0717395503177414,1.0011996261055405,74.02282947077138
AAPL,2022-08-11,172.17,169.4,172.1,68039382,168.49,57142109,0.016618196925633634,0.56071428371173,-0.004431576459465847,0.016163078222061436,1.0115023953318045,1.0218699206715025,1.0602690159679071,0.8277082932847898,75.35211267605635
AAPL,2022-08-12,173.39,171.345,173.19,54091694,172.1,68039382,0.016095293434049866,0.823104690169303,0.02142560389340605,0.04082249773208346,1.0248683928443818,1.0377284540197655,1.0755644994969034,0.9914591336712711,81.01716877227085
AAPL,2022-08-15,173.71,171.6618,173.03,56377050,173.19,54091694,0.011807841099370562,0.8166259128771338,0.006333527019174918,0.05046400194092311,1.0212397103568647,1.03699756303477,1.0736137370982242,0.8042053816126767,85.26625285854298
AAPL,2022-08-16,176.15,172.57,174.55,79542037,173.03,56377050,0.011837253655435523,0.12205839213915391,-0.0009238408684103966,0.04917535774921183,1.0106302201974184,1.0280251673964578,1.06534742467668,0.8550859322378224,81.74354964816266
AAPL,2022-08-17,174.9,173.12,174.15,62290075,174.55,79542037,0.020509882555141863,0.4972067025217676,0.0087846038259262,0.03137556133301821,1.013223274821213,1.0318938251899148,1.0676363369461501,1.1931178799122029,82.40391861341377
AAPL,2022-08-18,173.74,171.3101,171.52,70336995,174.15,62290075,0.010221073786965266,0.2247190998611317,-0.00229160698940135,0.03359249807110212,1.0043020922239396,1.0244780544623475,1.0591004184100417,0.9362893818891219,76.72176308539949
AAPL,2022-08-19,169.86,167.135,167.57,68975809,171.52,70336995,0.014166861007462707,0.6214247474322981,-0.015101923629055386,-0.0033701336432305873,0.9897973316098058,1.0053573731287295,1.037606584252602,1.0543421167159084,71.3797522426314
AAPL,2022-08-22,168.71,166.65,167.23,54147079,167.57,68975809,0.016261860714925244,0.7779816485211635,-0.023029384328358306,-0.0324499105029159,0.9733161404242466,0.9806526369999297,1.009248077959701,1.0221441142531718,64.61716937354987
AAPL,2022-08-23,168.11,166.245,167.53,53841524,167.23,54147079,0.012318363929916896,0.07281553362709794,-0.0020290028047980154,-0.03352019880945507,0.9779303408107413,0.9773416634036012,1.0024817763284097,0.8029653718385377,52.73904382470117
AAPL,2022-08-24,170.14,168.35,170.03,51218209,167.53,53841524,0.011132334507252487,0.11260053558927699,0.0017939364946481576,-0.04021770266399318,0.9877948113207548,0.980074413815697,1.001057644619457,0.8133783371107259,54.287138584247245
AAPL,2022-08-25,171.05,163.56,163.62,78960980,170.03,51218209,0.010527553961065647,0.6983240184451204,0.014922700411866531,-0.023657766293425232,1.0074299663459259,0.9938044304167397,1.012161655366189,0.7917863439326255,60.58823529411766
AAPL,2022-08-26,162.9,159.82,161.38,73313953,163.62,78960980,0.0457767999022125,0.9279038705902458,-0.03769922954772685,-0.046058768656716445,0.9786119285150364,0.9611024306575345,0.9736822530014727,1.2425648607640225,47.770246164823405
AAPL,2022-08-29,162.56,157.72,158.91,77906197,161.38,73313953,0.019085388523980746,0.07629870105097314,-0.013690257914680412,-0.03693978635793995,0.9724147073355909,0.9545666948616179,0.9603894403580184,1.1486975834503912,44.14295168762411
AAPL,2022-08-30,160.58,157.14,157.22,87991091,158.91,77906197,0.030457491661947035,0.6652892548237819,-0.015305490147477995,-0.04975183878490698,0.9672294788610662,0.947873235152014,0.9459998452205904,1.2036770496538263,31.794148748678182
AAPL,2022-08-31,158.42,154.67,157.96,74229896,157.22,87991091,0.021880167917567906,0.8968023229744073,-0.010634950600969088,-0.06154121649853759,0.9691059716948568,0.9475879360640325,0.9384279749664998,1.3537573131431864,30.774479699761173
AAPL,2022-09-01,160.362,154.965,155.81,76807768,157.96,74229896,0.023740187389212457,0.3519999990613391,0.004706780307848932,-0.0709874727989178,0.9883742757386527,0.9614296061401,0.9450590213170759,1.1257960762343702,23.260211800302656
AAPL,2022-09-02,118.608622,116.720833,117.078673,148838323,155.81,76807768,0.03463834156986067,0.7300352033907082,-0.013611040769815178,-0.04773255103288108,0.9845440299261955,0.9574991089315784,0.9348637394549578,1.1473947933602666,18.400000000000063
AAPL,2022-09-05,157.09,153.69,154.53,73714843,117.078673,148838323,0.016124106565505725,0.24404740019119323,-0.24858049547525837,-0.2745155967282191,0.783681497423421,0.7425228253504247,0.7126930527932117,2.0855982316786275,7.658390151600898
AAPL,2022-09-06,156.67,153.61,155.96,87293824,154.53,73714843,0.02200220022002204,0.5705882336159154,0.3198817174841058,-0.027562771380026403,1.04046778979364,0.9880000965916668,0.9436546994112576,1.0252871597053508,40.18652985244875
AAPL,2022-09-07,156.36,152.68,154.46,84909447,155.96,87293824,0.01962041549115141,0.3709150314676074,0.009253866563126946,-0.00801424755120208,1.0518809127336597,1.0045741275812352,0.9562646063789164,1.1998665857387134,41.17270142337593
AAPL,2022-09-08,157.82,154.75,157.37,68081006,154.46,84909447,0.023824938495403382,0.04891304334533903,-0.009617850730956655,-0.02215750822993163,1.0467057749357087,1.004991335729996,0.9511585465333442,1.1452380376646387,41.62926610331465
AAPL,2022-09-09,164.26,159.3,163.43,104955962,157.37,68081006,0.019508165469911628,0.6188925061273892,0.018839829081962946,0.01001219433925937,1.0641755641884956,1.028106047179505,0.9734933320422046,0.9182343294526997,44.943619072327806
AAPL,2022-09-12,160.54,153.37,153.84,122651554,163.43,104955962,0.030349385057822795,0.7741935468262265,0.038507974836372895,0.39589897811704794,1.0399618199172764,1.0662683022698307,1.0140417534710604,1.368634902924909,48.21734594824408
AAPL,2022-09-13,157.1,153.6106,155.31,87935409,153.84,122651554,0.0466068642745709,0.845188283340046,-0.05867955699687941,-0.004465152397592685,0.9797977224670726,1.007031234915131,0.9602550674152192,1.5331381276351408,44.09265278415044
AAPL,2022-09-14,155.24,151.38,152.37,90481110,155.31,87935409,0.022467323417680696,0.150455665299321,0.009555382215288604,-0.00416773531674792,0.989979729988144,1.0179264956830805,0.9752869921617373,1.0934520276257855,43.5912313555554
AAPL,2022-09-15,151.35,148.37,150.7,160940131,152.37,90481110,0.02533307081446488,0.5906735735992895,-0.01892988217114157,-0.013531011265052462,0.9738342366295123,1.0023295772098655,0.9634132262819901,1.1057266129535472,44.94938856355169
AAPL,2022-09-16,154.56,149.1,154.48,81474246,150.7,160940131,0.019774386197743795,0.17114093902302405,-0.0109601627616986,-0.04238419012518279,0.9714433056146455,0.99468751523074,0.9591673873090572,1.8636021232622138,45.18062085408171
AAPL,2022-09-19,158.08,153.08,156.9,107639796,154.48,81474246,0.03534438114966344,0.946886445152219,0.025082946250829474,-0.054763507311999124,1.0074344593713316,0.9950723050661856,0.9873391165207328,0.9366510870709298,48.02430865654112
AAPL,2022-09-20,158.74,153.6,153.72,101696790,156.9,107639796,0.03186743148502231,0.6999999986000001,0.01566545831175567,0.019890795631825286,1.0191488256079817,1.0091200267555085,1.006127607941074,1.2005429428943184,49.8582096447324
AAPL,2022-09-21,154.47,150.91,152.74,86652542,153.72,101696790,0.03343741868332042,0.7042801542718273,-0.02026768642447423,-0.010237589337454146,1.0005597719254853,0.9900939082044081,0.990119840354847,1.104775131960905,48.16104164291707
AAPL,2022-09-22,151.47,148.56,150.43,96029909,152.74,86652542,0.023307581511064566,0.1011235952215667,-0.00637522768670303,0.002428299534029038,0.9937023447055456,0.9848729092245593,0.9893164084419194,0.9235673067378379,48.65483805152758
AAPL,2022-09-23,153.7701,149.64,150.77,93339409,150.43,96029909,0.01934454563584389,0.2611683839822364,-0.015123739688359318,-0.0017916390179162696,0.9790177932237365,0.9743380486035547,0.978534215349933,1.0142876985696678,71.4639962321663
AAPL,2022-09-26,154.72,149.945,151.76,84282741,150.77,93339409,0.02739338064601729,0.26875862504840564,0.0022601874626072154,-0.02401605385810448,0.9859919430783721,0.9846139780311639,0.9841420193788034,0.9755529762371239,45.36717594874324
AAPL,2022-09-27,150.6414,144.84,149.84,146661387,151.76,84282741,0.031464153927253595,0.20523560166443164,0.00656629302911707,-0.03275971956660303,0.9991835874746515,0.9924273139852733,0.9929212250580551,0.8779700044834131,44.76831091180865
AAPL,2022-09-28,146.72,140.68,142.48,128138237,149.84,146661387,0.0387172984516818,0.3792188085992741,-0.01265155508697936,-0.025240697371844884,0.9916086507663393,0.9833892276089282,0.982731796477112,1.4824643094621792,44.30473372781064
AAPL,2022-09-29,143.1,138.0,138.2,124910274,142.48,128138237,0.04239191465468833,0.5993377473520913,-0.04911906033101984,-0.06717297368076482,0.9558823529411763,0.9411951222734538,0.9392287511310399,1.2608777031804184,33.459231281937335
AAPL,2022-09-30,143.07,137.685,142.45,114311663,138.2,124910274,0.03690303907380604,0.6039215674432942,-0.03003930376193151,-0.08130027255201766,0.9426369279039629,0.9205232728532224,0.9163336115843553,1.2006984202559638,20.818875780707828
AAPL,2022-10-03,146.22,144.26,146.1,87780064,142.45,114311663,0.03780273780273774,0.7873723290856574,0.030752532561505067,-0.055183391921469926,0.982779793854263,0.9564960484526183,0.9366349523627922,1.117361295703454,34.969648983900754
AAPL,2022-10-04,147.38,143.01,146.4,79269968,146.1,87780064,0.013415468856947351,0.5459183645616353,0.025623025623025666,-0.037295730100158124,1.0158955317284823,0.9881703630054989,0.9633041133283444,0.852165167870171,38.50761167956076
AAPL,2022-10-05,147.54,145.22,145.43,68308669,146.4,79269968,0.029849726775956313,0.5320366120548394,0.0020533880903491537,-0.02295782167645487,1.0228749493453322,0.9951263280246334,0.9683340223232741,0.7725584458864193,42.02511354528454
AAPL,2022-10-06,143.1,139.445,140.09,85925559,145.43,68308669,0.015952692016777785,0.16379310274226963,-0.0066256830601092815,0.020704660303200572,1.0119262990898719,0.9934693208366919,0.9647993843541026,0.6711598878451798,42.826027770215106
AAPL,2022-10-07,141.89,138.5729,140.42,74899002,140.09,85925559,0.0260903704761225,0.6703146356489307,-0.03671869627999727,0.013675832127351772,0.9722125834524686,0.9637982277505641,0.9347309704280986,0.8369160330358243,31.20919300078353
AAPL,2022-10-10,141.35,138.22,138.98,77001872,140.42,74899002,0.023622703318615455,0.0,0.002355628524519838,-0.01425061425061426,0.9772562774901175,0.9729969442269449,0.944180901887084,0.7403543565042326,27.237569060773453
AAPL,2022-10-11,140.36,138.16,138.34,69933744,138.98,77001872,0.022521226075694314,0.29392971152099684,-0.010254949437402064,-0.04873374401095144,0.9769161558792103,0.971623123763449,0.9391904905104457,0.7787095948703151,28.612884503772477
AAPL,2022-10-12,143.59,134.37,142.99,113223975,138.34,69933744,0.01590284805551552,0.3590909074586713,-0.004604979133688202,-0.05505464480874318,0.9835622671558173,0.9749874902212294,0.9402569156528239,0.713727210835676,28.89800703399763
AAPL,2022-10-13,144.52,138.19,138.38,88597969,142.99,113223975,0.06448003356878103,0.867678957844166,0.03361283793552122,-0.016777831259024944,1.0201620958305984,1.007397491897985,0.97496948745747,1.1422804073456527,39.7970378496983
AAPL,2022-10-14,142.9,140.27,142.41,85250639,138.38,88597969,0.04574360456713407,0.9368088452815019,-0.03224001678439061,-0.012206438717967078,0.9896868876142524,0.9747953620084814,0.9475161765209352,0.927689628745471,34.790081021360166
AAPL,2022-10-17,146.7,140.61,143.75,99130632,142.41,85250639,0.018467804227231203,0.5114068421619516,0.029122705593293836,0.014171770403076552,1.0156183140778776,1.0032123082125195,0.979156568104702,0.8908791338347967,39.319168380169074
AAPL,2022-10-18,144.9492,141.5,143.86,61757790,143.75,99130632,0.04236521739130417,0.2857142852451352,0.009409451583456243,0.03432148510577069,1.0182469859889214,1.0143311764830403,0.9928583268869487,1.0405530721077347,42.94975688816856
AAPL,2022-10-19,145.89,142.65,143.39,64521989,143.86,61757790,0.023976087863200265,0.6291313909627473,0.0007652173913044427,0.039901691484747794,1.0111190767370923,1.0169299826812286,0.9970129807125879,0.6621377706535737,51.919866444073485
AAPL,2022-10-20,147.8479,142.649,147.27,86548459,143.39,64521989,0.02259571797196444,0.11419753051172933,-0.003267065202280184,0.0027973984194697337,1.0072493291560711,1.0150713926703054,0.9969858889541693,0.7000797144000654,58.076563958916886
AAPL,2022-10-21,150.23,146.0,149.45,75981918,147.27,86548459,0.035301826577035435,0.8463328764809228,0.02705906967013058,0.06424338777279964,1.0217433534994729,1.0372660745603224,1.025089530889462,0.9439278023349582,57.588161209068026
AAPL,2022-10-24,152.49,149.36,152.34,74682290,149.45,75981918,0.028303780528604817,0.5354609916419343,0.01480274326067752,0.04943473070711321,1.0268372450942669,1.045968001567727,1.0407417853126228,0.8366041517736449,55.5298778474744
AAPL,2022-10-25,151.99,148.04,149.35,87883672,152.34,74682290,0.020546146776946272,0.7188498379589473,0.019337571094011477,0.05975652173913046,1.0344827586206897,1.056317519311043,1.060653004104339,0.8266636912999469,59.032846715328446
AAPL,2022-10-26,149.046,144.13,144.8,109161970,149.35,87883672,0.026447941078004803,0.4075949356769765,-0.01962714979650787,0.03816210204365342,1.006672957670531,1.0277389742566354,1.040012813013565,1.0055004198272244,55.61604584527217
AAPL,2022-10-27,157.5,147.82,155.74,164762371,144.8,109161970,0.0339502762430939,0.6651749376216913,-0.030465349849347057,0.009833321710021794,0.9741526621008868,0.9951890034364264,1.00751461174506,1.2626580179577103,56.90413368513632
AAPL,2022-10-28,154.24,151.92,153.34,97932271,155.74,164762371,0.062154873507127305,0.778925619030037,0.07555248618784528,0.057513410742174226,1.035946147296722,1.057757613627102,1.077062456344184,1.8628433957901593,67.12880143112702
AAPL,2022-10-31,155.45,149.13,150.65,80379345,153.34,97932271,0.015129776966219,0.07974137896663222,-0.015410299216643159,0.02602877216460365,1.0147306007385153,1.0337830093912856,1.0564862565151938,1.1175943795282917,65.71803852889667
AAPL,2022-11-01,152.17,145.0,145.03,93604623,150.65,80379345,0.04195154331231326,0.7009493659795123,-0.017542715534107196,-0.01109360640672179,0.999164323234467,1.010944913064777,1.0363282405464713,0.9211718875228911,62.895453593128
AAPL,2022-11-02,142.8,138.75,138.88,97917166,145.03,93604623,0.04943804730055842,0.546025103840969,-0.03730501161632927,-0.02892534315366584,0.9674342280804741,0.9724680828237314,0.9981383408866453,1.06399796555904,52.094455852156045
AAPL,2022-11-03,142.67,134.38,138.38,140494796,138.88,97917166,0.029161866359447088,0.7851851832464558,-0.042405019651106705,-0.04088397790055259,0.9337851648647194,0.9340552174059252,0.9579714843453605,1.09459858229194,50.49761146496816
AAPL,2022-11-04,139.145,135.671,138.92,83364228,138.38,140494796,0.059907501083971616,0.44752714059405785,-0.003600230414746544,-0.11146783100038533,0.9526628848378036,0.9362905626674606,0.9550858424639805,1.5240803749856942,45.68614857632199
AAPL,2022-11-07,141.43,137.49,139.5,89908477,138.92,83364228,0.025007198387561318,0.5210132397207347,0.0039022980199450216,-0.09403938959175698,0.9757536594274153,0.9466891095316299,0.9593094518774274,0.9001976171004714,44.73970812459159
AAPL,2022-11-08,138.55,134.5933,134.87,74903262,139.5,89908477,0.028243727598566293,0.2309644664188712,0.004175064785488141,-0.07401261201460342,0.9954189322258852,0.9590331296104057,0.9631417061071469,0.964146160891437,45.299698145752465
AAPL,2022-11-09,146.87,139.5,146.87,118854028,134.87,74903262,0.029337139467635588,0.9174311903418688,-0.03318996415770606,-0.0700544714886575,0.9765404387806822,0.9365256820659535,0.9322918466802612,0.8011010469334706,41.5710328452711
AAPL,2022-11-10,150.01,144.37,149.7,93966273,146.87,118854028,0.05018043167426979,0.7639077330204769,0.08897456810261734,0.057531682027649834,1.0512640650499614,1.0183888280242412,1.013882465017707,1.2673451343336182,49.65905216501875
AAPL,2022-11-11,150.28,147.43,148.28,73374114,149.7,93966273,0.03767535070140272,0.6879432611915909,0.019268741063525458,0.08180372886255234,1.0544332685318232,1.0423774840892948,1.0293965961835998,0.9991064681228091,50.210757039285106
AAPL,2022-11-14,153.59,148.5613,150.04,89868332,148.28,73374114,0.01922039384947393,0.2421052623084023,-0.009485637942551688,0.06737690757270381,1.0308389644336922,1.0361405372166475,1.0175784131733447,0.7851152867631376,46.49031811894882
AAPL,2022-11-15,149.87,147.29,148.79,64218266,150.04,89868332,0.033515729138896395,0.4325173495485576,0.011869436201780353,0.0755555555555555,1.0280092085069064,1.0488860304655112,1.0274390035129046,0.9663950586618548,50.60943296237414
AAPL,2022-11-16,151.48,146.15,150.72,80389400,148.79,64218266,0.01733987499159898,0.13178294522564818,-0.008331111703545722,0.10321049899903602,1.0003630593803787,1.0374207763050556,1.0171623501584297,0.6896558626881942,53.74226223972986
AAPL,2022-11-17,152.7,149.97,151.29,74829573,150.72,80389400,0.03536358811040329,0.8048780472703986,0.012971301834800773,0.02621365833730506,1.008120075448477,1.0422731956267677,1.0277811873491263,0.8560281422198733,44.334085778781024
AAPL,2022-11-18,150.37,147.715,148.01,58724070,151.29,74829573,0.01804481459448734,0.37179487043299264,0.0037818471337579167,0.010621242484969963,1.0097848141819734,1.0369573263512868,1.0302559807146214,0.8018271648362011,47.58653166941369
AAPL,2022-11-21,150.42,146.925,150.18,51804132,148.01,58724070,0.017937977163705165,0.8097928406410834,-0.021680216802168032,-0.0018208794173186554,0.9882486479268212,1.0081944321456062,1.0084142394822004,0.6351230981366867,46.93450998606593
AAPL,2022-11-22,151.83,149.34,151.07,58283895,150.18,51804132,0.023272073511785698,0.5865522157752513,0.014661171542463455,0.0009330845107972193,1.002550100802414,1.0155874894336434,1.0239522182904133,0.567299862383976,56.50088361524868
AAPL,2022-11-23,74.149541,71.4501,72.777516,178183123,151.07,58283895,0.01648242536572456,0.6506024070256926,0.005926221867092731,0.015323610457692058,1.0054308038388329,1.010535469413693,1.029416775125551,0.6487736210726184,67.74381368267834
AAPL,2022-11-24,148.88,147.12,148.11,35195860,72.777516,178183123,0.037091689142014585,0.19516522052097068,-0.5182530217779836,-0.5171343152866241,0.5404317681263453,0.512208403590554,0.5083937293401501,1.91003083300971,20.75038751593908
AAPL,2022-11-25,146.64,143.38,144.22,69346522,148.11,35195860,0.011883059887921077,0.11079545391593162,1.03510655681076,-0.021019234582589585,1.1050552039948174,1.043566475877829,1.0374000850672271,0.40543666185412414,52.45807408274733
AAPL,2022-11-28,144.81,140.355,141.17,83736803,144.22,69346522,0.022604354458466168,0.28220858809138166,-0.02626426304773489,-0.02560637794743593,1.0821518219357789,1.0190731632603907,1.013390243882867,0.8122058656754299,51.240505872407624
AAPL,2022-11-29,148.72,140.55,148.03,111314880,141.17,83736803,0.03155769639441817,0.7003366987646754,-0.021148245735681675,-0.059994673058996,1.073785148371961,1.0038130846535702,0.9952737307961925,0.9788243232002641,51.66962633995729
AAPL,2022-11-30,149.13,146.61,148.31,71250416,148.03,111314880,0.055191515233398554,0.8121175020659517,0.04859389388680325,-0.020123121731647528,1.131195931425003,1.0531614109854612,1.0425354476736302,1.287861955951059,50.31603329308304
AAPL,2022-12-01,148.0,145.65,147.81,65438446,148.31,71250416,0.016991436855235534,0.03968253952506732,0.0018915084780112216,1.0378546582985877,1.0160446125178122,1.0569657457777124,1.0410504506357203,0.8372500415611431,49.61596898859516
AAPL,2022-12-02,150.9199,145.77,146.63,68826442,147.81,65438446,0.015898788985860186,0.787234039203259,-0.0033713168363562807,-0.0020255215718048163,1.0130356114812074,1.056021421284149,1.0341181629042584,0.8044289141285547,49.86948430103856
AAPL,2022-12-05,147.3,141.92,142.91,64727186,146.63,68826442,0.03512173497919936,0.22136352119194141,-0.007983221703538372,0.016710581056718878,1.0016394562470115,1.0486248434067633,1.0231031968505016,0.8537056019888422,49.05000679537661
AAPL,2022-12-06,143.37,140.0,140.94,69721094,142.91,64727186,0.03764607095374728,0.7741635673342635,-0.025369978858350944,0.012325564921725644,0.9739126879199662,1.027362658132651,0.9959622390384668,0.8155967460655006,48.384126787172264
AAPL,2022-12-07,143.52,141.1,142.65,62128338,140.94,69721094,0.0239108840641408,0.370919880204985,-0.013784899587152746,-0.04789569681821255,0.9698596201486375,1.0206331587523925,0.9801598251364829,0.8814003120015861,47.31296488180277
AAPL,2022-12-08,145.57,140.9,142.16,76084511,142.65,62128338,0.01696459866806881,0.11983471024861282,0.01213282247765012,-0.03816330658755308,0.9893333703220796,0.9832641751333764,0.9935097950572951,0.8146231107081869,47.64095521917034
AAPL,2022-12-09,144.5,141.06,144.49,70462654,142.16,76084511,0.032850309510410715,0.03854389713374054,-0.0034349807220470318,-0.038224747987281,0.993722825707056,0.9839219839012202,0.9927036297181719,1.0094496404126152,48.37801839962619
AAPL,2022-12-12,149.9692,144.24,145.47,93486161,144.49,70462654,0.023807875977576286,0.5203488356966667,0.016389983117614044,-0.014594557730341583,1.0130407347682817,0.9998616012732684,1.0103109486777297,0.9366708451854449,48.42377877260268
AAPL,2022-12-13,146.655,141.16,143.21,82211182,145.47,93486161,0.039384065443046616,0.7034140879993482,0.006782476295937364,0.01791337205234065,1.0162635704405416,1.0036566855250448,1.01879111217307,1.2397447357174873,48.44948334791631
AAPL,2022-12-14,141.8,136.025,136.5,98463907,143.21,82211182,0.038370225542909045,0.3894449492457753,-0.015535849316010111,0.016106144458634952,0.9973119028385192,0.9913608107546829,1.0049269150638762,1.0773707453352548,83.68283626814642
AAPL,2022-12-15,137.65,133.73,134.51,160063600,136.5,98463907,0.04230769230769235,0.798268396886117,-0.04685426995321561,-0.04311251314405892,0.9587963418231881,0.9527000146569234,0.9626446226680547,1.275258166959905,33.843584748121344
AAPL,2022-12-16,135.2,131.32,132.37,79592614,134.51,160063600,0.02914281466062015,0.554846937360085,-0.014578754578754646,-0.05381260551491281,0.9550825073134709,0.9476072055062804,0.9542567184458098,1.9646295805109035,35.733176608874544
AAPL,2022-12-19,133.25,129.89,132.3,77430718,132.37,79592614,0.029311777593110187,0.7061855651902466,-0.015909597799420017,-0.08388123745587933,0.9563477155159957,0.9419944349954811,0.9443137005176464,0.9645708569052467,36.71497584541066
AAPL,2022-12-20,136.81,132.75,135.45,85927993,132.3,77430718,0.025396825396825497,0.2708333325272881,-0.0005288207297725556,-0.09053413074860787,0.9743846573082531,0.9486591137243654,0.9498723307688252,0.9240227231059684,20.12913026965441
AAPL,2022-12-21,134.56,130.3,132.23,77696108,135.45,85927993,0.029974160206718364,0.6083743827379935,0.023809523809523635,-0.0541861601843448,1.0091189486388625,0.9750847665051723,0.9779721551767978,1.0087857926348522,27.979452054794493
AAPL,2022-12-22,132.415,129.64,131.86,63802893,132.23,77696108,0.03221659230129313,0.4981220645584033,-0.02377260981912144,-0.03128205128205136,0.9914374831298921,0.9590988547099057,0.9346626753420251,0.9693199998414328,25.59523809523806
AAPL,2022-12-23,82.065664,76.029476,77.895155,119276850,131.86,63802893,0.021045047777946347,0.3387387375180673,-0.0027981547303938302,-0.019701137461898575,0.9926077595941043,0.963614174321648,0.9374311287421532,0.7820359806186147,26.26165220186435
AAPL,2022-12-26,131.41,128.72,130.03,69007830,77.895155,119276850,0.07749118671116317,0.6909176773637306,-0.40925864553314123,-0.4115346755307094,0.6387622097991053,0.5983672216079188,0.567150550746084,1.4185753393492966,10.042425869043186
AAPL,2022-12-27,131.0275,125.87,126.04,85438391,130.03,69007830,0.020687533646081654,0.501858734193832,0.6692950928719508,-0.01715797430083152,1.0702671497264729,1.0108405870227963,0.9505967649360052,0.8279711770078709,45.85233207286301
AAPL,2022-12-28,130.4814,127.73,129.61,75501810,126.04,85438391,0.04091954934941287,0.7038293733323681,-0.030685226486195455,-0.0694721299372461,1.0537489640065054,0.9930781139651765,0.928893937397468,1.0412729708195658,43.79296020790481
AAPL,2022-12-29,129.95,127.43,129.93,76204209,129.61,75501810,0.02122830028547183,0.5887911587235971,0.028324341478895645,-0.01981396052333038,1.088363685882806,1.0267804600739356,0.9618320340756287,0.9177940469060333,45.415682195072186
AAPL,2022-12-30,78.246137,72.602725,75.808945,53147013,129.93,76204209,0.019395058877857165,0.6031746007810616,0.002468945297430701,-0.014636735932049193,1.0945987486831517,1.0330638021134444,0.9706463503828894,0.9203104054140693,44.602197128205745
AAPL,2023-01-02,130.9,124.17,125.07,112117471,75.808945,53147013,0.07444256083500435,0.16283340616840813,-0.41654009851458484,-0.026782281901871922,0.6409073097920459,0.6311342150020549,0.5817218323410762,0.6479861128247267,31.474182499516175
AAPL,2023-01-03,128.6557,125.08,126.36,89100633,125.07,112117471,0.05380986647477416,0.774145615491612,0.6498053099142852,-0.03814504345151125,1.066315051260749,1.0475540279319262,0.9663421715872762,1.3285907451446213,46.140619322093606
AAPL,2023-01-04,127.77,124.76,125.02,80716808,126.36,89100633,0.02829772079772078,0.14822272520563085,0.010314224034540707,0.0025388765471278415,1.0767257506146544,1.066478420902977,0.9818395045953017,1.0438555477124278,47.791732980010615
AAPL,2023-01-05,130.29,124.89,129.62,87754715,125.02,80716808,0.024076147816349314,0.7009966754119731,-0.010604621715732853,-0.035413934110022506,1.0737064064313349,1.061629088603061,0.9781270619287356,0.9354493580293294,47.92742085543138
AAPL,2023-01-06,133.41,129.89,130.15,70790813,129.62,87754715,0.04166023761765153,0.6685185172805223,0.03679411294192936,-0.0023859001000538925,1.11380555280274,1.1027884416677065,1.0191156518182964,1.0101822860314618,49.40579546053661
AAPL,2023-01-09,131.2636,128.12,130.73,63896155,130.15,70790813,0.02704571648098356,0.08948863610940638,0.004088875173584332,0.716815871794549,1.0228380120084248,1.0601651285997609,1.0290839362053354,0.8147496213136683,49.53636174652314
AAPL,2023-01-10,133.51,130.46,133.49,69458949,130.73,63896155,0.024046508070068022,0.1495101153152115,0.004456396465616474,0.045254657391860534,1.018336760765252,1.06428279044755,1.039728848133059,0.7481364633122801,48.97074382947842
AAPL,2023-01-11,134.26,131.44,133.41,71379648,133.49,69458949,0.022848153419731686,0.734426227100249,0.02111221601774665,0.05642608420386206,1.0284125052002282,1.0802006324793592,1.065799442796634,0.8193863394740423,50.27531138591753
AAPL,2023-01-12,134.92,131.66,134.76,57809719,133.41,71379648,0.021137845738700197,0.16666666607565012,-0.0005992958274028953,0.06710926251799712,1.0146790386370552,1.0762438672765025,1.0664762608307874,0.8557144951834926,50.33910645667444
AAPL,2023-01-13,85.985019,84.50419,85.458674,597301510,134.76,57809719,0.024191154645295275,0.8374233103146517,0.010119181470654331,0.03965437432494975,1.016995200289794,1.0829150467489868,1.0771604927169969,0.7382863833825525,66.16149299008785
AAPL,2023-01-16,137.29,134.13,135.94,63612627,85.458674,597301510,0.017328012835771355,0.3554394170060135,-0.3658453992282576,-0.34338321936227434,0.6915825637913403,0.6814513094200774,0.6961378405656642,5.732919744611155,37.12506752711293
AAPL,2023-01-17,138.61,135.03,135.21,69672800,135.94,63612627,0.023245549507135477,0.35126582167320514,0.590710382424141,0.039853132410311395,1.0909084944381982,1.0746766052312193,1.1057144094207185,0.6146319321403063,52.25425478294345
AAPL,2023-01-18,136.25,133.77,135.27,58280413,135.21,69672800,0.026477331558316785,0.44832402109406255,-0.005370016183610341,0.012884860289160227,1.0820631819452917,1.0614790566115524,1.0998840605386826,0.6785143172103087,51.291842060755314
AAPL,2023-01-19,138.02,134.22,137.87,80200655,135.27,58280413,0.01833370296444141,0.4798387077425869,0.0004437541601952686,0.01394198335956835,1.0793301276518406,1.0534729423578095,1.099013247701653,0.5729856605843987,51.23334315788933
AAPL,2023-01-20,143.315,137.9,141.11,81760313,137.87,80200655,0.027562196271850376,0.6815789455747912,0.019220817624011195,0.02307806470762848,1.0946430353261847,1.0668668910735963,1.1174090945333746,0.7821901463075646,68.8105178189285
AAPL,2023-01-23,143.16,140.3,142.53,66435142,141.11,81760313,0.03837431790801497,0.5521698974105844,0.023500398926525053,0.6512074596430084,1.0293988911584477,1.0827557534886856,1.1151028511945953,0.812261502603855,56.74274523490532
AAPL,2023-01-24,142.43,138.81,141.86,65799349,142.53,66435142,0.02006595102785368,0.7779720252518482,0.010063071362766546,0.04847726938355159,1.0298559227734505,1.083838209322433,1.120788659465437,0.6608555621443791,56.78997222636815
AAPL,2023-01-25,144.25,141.9,143.96,54105068,141.86,65799349,0.02551811645284086,0.2679558003647702,-0.004700764751280344,0.04918275275497378,1.0152582159624413,1.0719207971520583,1.1086243956668995,0.6609875149112424,57.11132720236707
AAPL,2023-01-26,147.23,143.08,145.93,70547743,143.96,54105068,0.016323978883023022,0.33617021133545544,0.014803327224023643,0.064241886597176,1.01762967780244,1.0791857620488619,1.1187625949166675,0.5494172024112323,56.186226006286724
AAPL,2023-01-27,145.55,142.85,143.0,64015274,145.93,70547743,0.028438292331939813,0.6686746971839215,0.01368435676576826,0.05846086893450353,1.0199331832986203,1.0848695589582016,1.1270650935070001,0.718449925664379,56.723897803161975
AAPL,2023-01-30,144.34,142.28,144.29,65874459,143.0,64015274,0.018881118881119,0.7240740713923183,-0.020078119646405858,0.013393806250442819,0.9968213250055767,1.0194770011691905,1.0765037837372795,0.6483361014857227,55.12562792910629
AAPL,2023-01-31,146.61,141.32,145.43,77663426,144.29,65874459,0.014276803659297265,0.7718446564473569,0.009020979020978965,0.012348277555602265,1.0033516911437472,1.02258633763988,1.0784132221123304,0.6831633084219836,54.567652567969795
AAPL,2023-02-01,151.18,148.17,150.82,118338980,145.43,77663426,0.03637488826239442,0.2759924380416026,0.007900755423106347,0.025165656280840214,1.006282780476329,1.0232541776605102,1.0792423975434204,0.810228105424321,55.03845269972704
AAPL,2023-02-02,157.38,147.83,154.5,154338835,150.82,118338980,0.01995756530964076,0.6378737520336338,0.03706250429760012,0.047652125590441685,1.0337642397905327,1.0496937639198218,1.1086287580459466,1.2108161429630084,56.51137473105914
AAPL,2023-02-03,153.1,150.78,151.73,69771906,154.5,154338835,0.06181229773462772,0.677486910285355,0.024399946956637098,0.05872678681559647,1.046691236247358,1.0630026901880378,1.1253884198917024,1.5271381659317482,94.42737952760294
AAPL,2023-02-06,155.23,150.64,154.65,83322551,151.73,69771906,0.015290318328609987,0.36422413636110346,-0.01792880258899683,0.06104895104895098,1.0159085126611942,1.036371708616509,1.0965928717819347,0.6907210299010128,76.32544181393799
AAPL,2023-02-07,154.58,151.168,151.92,63620079,154.65,83322551,0.02967992240543164,0.8736383423232316,0.019244710999802385,0.07179984752928141,1.0212909275817892,1.047643564088147,1.1081181237468318,0.8170121622249944,80.20509633312615
AAPL,2023-02-08,154.33,150.42,150.87,55994243,151.92,63620079,0.022459189046866813,0.5744431401686908,-0.01765276430649866,0.04462628068486544,0.9947356014771745,1.022183645869078,1.081416345081442,0.6256121489149947,73.88809182209465
AAPL,2023-02-09,151.3401,149.22,151.01,57388108,150.87,55994243,0.025916351826075594,0.7429667500179834,-0.006911532385465923,0.000331521018432644,0.9877957756622626,1.0104209920034288,1.067309519351006,0.5548200285645565,69.51951951951952
AAPL,2023-02-10,154.26,150.92,153.85,62199013,151.01,57388108,0.014039467584928203,0.7310975862879115,0.0009279512162788251,-0.022588996763754105,0.9932515983056643,1.0079294095660183,1.0621945193257036,0.5687499654027524,66.39072847682115
AAPL,2023-02-13,153.77,150.86,153.2,61664023,153.85,62199013,0.021709457263568432,0.8676646680608822,0.0188067015429442,0.013972187438212645,1.0091171454807817,1.0195020774384225,1.056752811882888,0.8388602604026486,67.90006325110689
AAPL,2023-02-14,155.5,152.88,155.33,65665252,153.2,61664023,0.018994778067885097,0.371134019343177,-0.004224894377640596,-0.00937601034594256,1.0067687454820267,1.0092359583130213,1.0460872444955804,0.832739233945282,67.94303797468349
AAPL,2023-02-15,156.33,153.3475,153.71,68167942,155.33,65665252,0.016867314749243575,0.84732824104073,0.013903394255874831,0.022446024223275574,1.0162117603956766,1.016637432259078,1.0533954081373154,0.8891797745963583,67.97344293392347
AAPL,2023-02-16,153.0,150.85,152.55,59105618,153.71,68167942,0.01940342202849532,0.06705783715991202,-0.010429408356402527,0.018824153244515168,1.0018902359535915,1.0041351738014204,1.0359317556114938,0.9169306497049077,62.43606138107415
AAPL,2023-02-17,69.772272,68.662507,69.653016,151312405,152.55,59105618,0.014093739757456607,0.09302325538129487,-0.007546678810747489,0.010198000132441697,0.9923371149042465,0.9978283905234102,1.0230530639617739,0.8064747220772259,66.18095560826838
AAPL,2023-02-20,151.3,148.405,148.48,58217230,69.653016,151312405,0.015932763055084304,0.6222344314135495,-0.5434086135693216,-0.5472667143321417,0.5088299125839865,0.48144705196212956,0.4785844655881227,1.971074134620762,16.415132361763924
AAPL,2023-02-21,149.95,147.16,148.91,51008155,148.48,58217230,0.01949757543103455,0.5941278045107823,1.1317095587074075,-0.030809399477806785,1.0922095949741972,1.030700966565932,1.0181219201383354,0.7624489743874,50.80771607511977
AAPL,2023-02-22,150.34,147.24,149.4,48392049,148.91,51008155,0.018736149351957505,0.014336917511334401,0.002896012931034529,-0.04133135904203963,1.1058171169695161,1.035850243381609,1.0186083569193394,0.6745681409251192,49.48053775688741
AAPL,2023-02-23,147.19,145.7202,146.71,55469606,149.4,48392049,0.02074966532797854,0.22258064444328793,0.003290578201598342,-0.028039815236484304,1.1166035849916858,1.0403225859013578,1.0200622428052,0.6423976478685447,48.58846167165285
AAPL,2023-02-24,149.17,147.45,147.92,44998470,146.71,55469606,0.010018403653465967,0.2721458683348409,-0.01800535475234269,-0.03828253031792857,1.1061549631857515,1.0246592793828797,1.0014289984300877,0.7437951293307405,48.60998790257519
AAPL,2023-02-27,149.08,146.83,147.41,50546998,147.92,44998470,0.011627906976744179,0.12209302254595898,0.0082475632199576,1.1236697058459033,0.9975452510048285,1.0374068079482326,1.007995747729869,0.6111795259306314,48.118682014255654
AAPL,2023-02-28,147.2285,145.01,145.31,55478991,147.41,50546998,0.015263550641069127,0.15999999928888234,-0.0034478096268252497,-0.007206357758620645,0.9955426487472142,1.0380452155567188,1.0034536422401983,0.6937623136441954,48.72342088692211
AAPL,2023-03-01,146.71,143.9,145.91,52279761,145.31,55478991,0.015267359438441992,0.6851476191789633,-0.014245980598331147,-0.024175676583171005,0.9861554122836784,1.0305286280101116,0.9891988633412737,0.7732261107702757,48.435512453636015
AAPL,2023-03-02,151.11,147.33,151.03,70725339,145.91,52279761,0.01925844698786925,0.5444839838274591,0.004129103296400759,-0.023360107095046913,0.9949404031312222,1.0405397480706862,0.9949461644456459,0.7637984694061758,48.56865382869272
AAPL,2023-03-03,156.3,153.46,153.83,87558028,151.03,70725339,0.025028140104614984,0.7896825375934359,0.03509012404907138,0.029445845545634196,1.023821144824968,1.0782211761616676,1.0310787971757942,1.1005028033554327,49.21855068885921
AAPL,2023-03-06,154.0299,151.13,151.6,56136378,153.83,87558028,0.018461938503542892,0.015845070366748294,0.018539363040455614,0.03995402920497584,1.034512905351787,1.0359550410462588,1.0494420667142144,1.3438277439978823,50.17252336196353
AAPL,2023-03-07,153.47,151.83,152.87,47204791,151.6,56136378,0.019128627968337746,0.7241628996718382,-0.014496522134824273,0.02842412319381316,1.0138026963406805,1.0187966640457518,1.035305906411728,0.8799303993158585,48.97911129234941
AAPL,2023-03-08,154.535,150.225,150.59,53833122,152.87,47204791,0.010728069601622203,0.03658536563057873,0.008377308707124078,0.052026701534650076,1.0120623907632011,1.0246047225517598,1.0436404404705268,0.7495724694731072,49.769653452613944
AAPL,2023-03-09,150.94,147.6096,148.5,68559600,150.59,53833122,0.028620758350488093,0.6888631074504319,-0.014914633348596855,0.032074566513604325,0.9908279818928308,1.0085187318340723,1.0281731964037593,0.8562940667275529,49.46580604895937
AAPL,2023-03-10,153.14,147.7,150.47,84457122,148.5,68559600,0.02242693602693601,0.5134518360753937,-0.013878743608473361,-0.016751638747268763,0.9803403794610438,0.9933309698522378,1.0147729706039172,1.080936055187298,88.40686834013555
AAPL,2023-03-13,153.4,150.1,152.59,72045893,150.47,84457122,0.03615338605702132,0.48988970498181916,0.013265993265993259,-0.021842293440811372,0.997771971937456,1.0047945937282974,1.029423781806633,1.3086205925207073,53.85808452888718
AAPL,2023-03-14,153.245,149.92,152.99,77167866,152.59,72045893,0.021626581034143857,0.39696969576675784,0.01408918721339805,0.0065303430079156274,1.0105030330322375,1.015438876688627,1.044145400034034,1.1074078626981905,56.6957787481805
AAPL,2023-03-15,156.46,151.64,155.85,76206919,152.99,77167866,0.021733446630498837,0.5413533818305168,0.0026214037617144355,0.0007849807025577585,1.0129909685621208,1.012923899945709,1.0477213424298584,1.1757431576445556,56.5534866739686
AAPL,2023-03-16,156.74,154.28,155.0,98944633,155.85,76206919,0.03092717356432481,0.7655601643868007,0.01869403228969204,0.03492927817252135,1.0247895844292476,1.0251131340770365,1.0665259628880388,1.1540345046840428,66.5820029027576
AAPL,2023-03-17,157.82,154.15,157.4,72711415,155.0,98944633,0.015870967741935534,0.4390243884592541,-0.005453962143086265,0.04377104377104377,1.0105620028686921,1.0168668691653162,1.0598207203987349,1.4544870262848133,63.01470588235295
AAPL,2023-03-20,159.4,156.54,159.28,73938285,157.4,72711415,0.023316391359593312,0.6348773824662798,0.015483870967741972,0.04605569216455112,1.0170192419523667,1.0301991020119645,1.0448856036139502,1.1343944459356452,67.17084908903402
AAPL,2023-03-21,162.14,157.81,157.83,75349311,159.28,73938285,0.01795580110497246,0.6853146829184796,0.011944091486658166,0.043842977914673294,1.0203454107518066,1.037289813355562,1.0535889693309564,1.1395602866423096,74.19466574298576
AAPL,2023-03-22,161.5501,157.68,158.93,67482060,157.83,75349311,0.02743458151175305,0.3394919160750774,-0.009103465595178231,0.03163605464409441,1.0048258123663034,1.024537487828627,1.040926763155031,1.1399251154029855,70.05383580080755
AAPL,2023-03-23,160.34,157.85,160.25,59006343,158.93,67482060,0.024350972126093117,0.025839125537222188,0.006969524171576977,0.01976259223612456,1.0078763127187864,1.0261227757547586,1.044897798173582,1.0063728629408204,65.36964980544747
AAPL,2023-03-24,160.77,157.87,158.28,52390266,160.25,59006343,0.015538221528861211,0.5582329294850008,0.00830554332095887,0.03387096774193549,1.0095251294586047,1.0268552278304999,1.0489075652253597,0.8776583127720902,63.25350949628404
AAPL,2023-03-27,158.49,155.98,157.65,45992152,158.28,52390266,0.018321961081627532,0.5724137911296053,-0.01229329173166926,0.005590851334180403,0.9960104207307098,1.0091813312930376,1.0325122638555475,0.774990681538796,63.939899833055115
AAPL,2023-03-28,161.05,159.35,160.77,51305691,157.65,45992152,0.015921344751030887,0.1274900393327053,-0.003980288097043186,-0.010233550979407305,0.9940853027971852,1.0019320478436058,1.0249791948403202,0.6826454151582901,60.248713550600364
AAPL,2023-03-29,162.47,161.271,162.36,49210289,160.77,51305691,0.010574112085588212,0.8235294069204103,0.01979067554709803,0.01862763733130582,1.0100140724732374,1.0167337026637324,1.0400372620179712,0.7638782539181315,71.06788079470203
AAPL,2023-03-30,165.0,161.91,164.9,68749792,162.36,49210289,0.007384823848238557,0.6922435305067296,0.00988990483299125,0.02158182847794631,1.0156259774055123,1.022579121398205,1.0447641140643549,0.7343583432765046,79.28994082840244
AAPL,2023-03-31,166.29,164.22,166.17,56976187,164.9,68749792,0.01873862947240754,0.7961165022779418,0.015644247351564375,0.02901716068642749,1.025548534752973,1.0321409570306388,1.0563944214174517,1.0274581619339878,79.77713578208838
AAPL,2023-04-03,166.84,165.11,165.63,46278295,166.17,56976187,0.01245712222422816,0.917874391701082,0.0077016373559732065,0.04984836997725541,1.0234033380550593,1.0344119221623236,1.0603392166621999,0.8714166285227503,79.04191616766471
AAPL,2023-04-04,165.05,161.8,163.76,51511744,165.63,46278295,0.010444967699088268,0.5578034649838003,-0.0032496840584942655,0.050618458610846746,1.0101484454094143,1.026990829442512,1.0521835524455978,0.7131751775517173,76.87074829931979
AAPL,2023-04-05,164.9584,162.0,164.66,45390123,163.76,51511744,0.01984611626770884,0.3015384606106565,-0.011290225200748684,0.01859799713876955,0.9951143628010987,1.0116760363254462,1.0367181564953154,0.7911999396889827,67.55437194851314
AAPL,2023-04-06,70.012632,68.337172,69.710111,50891520,164.66,45390123,0.017966719300376605,0.7537858276305174,0.005495847581827099,0.0141660507514165,0.9977942602288151,1.0136478641738949,1.0377938215153453,0.7017242905277065,71.3906111603189
AAPL,2023-04-07,162.03,160.08,162.03,47670382,69.710111,50891520,0.02403467697820767,0.8194400294877832,-0.57664210494352,-0.5772582716798059,0.47751222993457254,0.45446613482991544,0.45054489606961956,0.7976690352403432,11.91697492212468
AAPL,2023-04-10,162.36,160.51,160.8,47494217,162.03,47670382,0.012034808368820519,0.3128205112163139,1.3243400085821124,-0.02491424444845632,1.1162317972116875,1.0537576305460985,1.043322006217324,0.7693615997543408,50.668872639440224
AAPL,2023-04-11,162.06,159.78,160.1,50133062,160.8,47494217,0.01150497512437825,0.8378378333089652,-0.0075911868172560005,-0.029161383807281196,1.1151795886249805,1.0436204052194882,1.0326723562248916,0.7820118244870454,50.72315636981112
AAPL,2023-04-12,165.8,161.42,165.56,68418649,160.1,50133062,0.014241099312929427,0.4912280680209313,-0.004353233830845877,-0.02234978016609671,1.115990347309454,1.039529312399194,1.0258348560026176,0.8442519743852857,50.285435781247834
AAPL,2023-04-13,166.32,163.82,165.21,49314480,165.56,68418649,0.02645566561971505,0.89726027192406,0.03410368519675208,0.005465808332321181,1.152603553412706,1.072752171244142,1.0575298165209306,1.1597910380753118,51.26978947770464
AAPL,2023-04-14,165.39,164.03,165.23,41516217,165.21,49314480,0.015132255916712063,0.24799999900800182,-0.00211403720705481,1.3699574944013504,1.0151775838761214,1.0702693528890355,1.051864171052271,0.8726571874805654,51.67012276843522
AAPL,2023-04-17,167.41,165.65,166.47,49915508,165.23,41516217,0.008230950795860227,0.10294117571365892,0.0001210580473335864,0.019749429118064484,1.011323295384992,1.0710511386690285,1.049375818411959,0.7555140456093907,51.83215898065983
AAPL,2023-04-18,168.16,165.54,167.63,47621166,166.47,49915508,0.010572475521114861,0.21022727153280327,0.007504690431519755,0.035261194029850666,1.0118895656296727,1.078501798012543,1.0548426584648054,0.928663820651258,51.39038105505217
AAPL,2023-04-19,167.87,165.56,166.65,52456377,167.63,47621166,0.015629660561951947,0.6984732797768123,0.006968222502552992,0.04703310430980638,1.0096976267919526,1.0833009433589216,1.0589052406624928,0.9094359704971948,51.28819499378776
AAPL,2023-04-20,166.4521,164.49,165.02,57736141,166.65,52456377,0.013861386138613874,0.24242424137478757,-0.005846208912485771,0.006583715873399392,1.0024783743789025,1.0755845078451,1.050154036282115,1.0163576685268305,50.43105618845496
AAPL,2023-04-21,165.6,163.89,165.33,41449581,165.02,57736141,0.011890073930432628,0.01528974050614334,-0.009780978097809753,-0.001150051449670103,0.9929001203369435,1.003344074907278,1.0383219870276632,1.1200328728922986,49.71723598340983
AAPL,2023-04-24,166.305,163.73,163.77,48652863,165.33,41449581,0.01034295046271099,0.19298245501180494,0.0018785601745243137,0.0006052169702839845,0.9946456503429191,1.0032160194174757,1.0379703559678088,0.8127117257379248,49.9261519476454
AAPL,2023-04-25,165.28,162.8,163.76,45487296,163.77,48652863,0.015723270440251676,0.5514563085380253,-0.009435674106332802,-0.016219138583528494,0.9884717527764365,0.9919623009503505,1.0262049421294996,0.9514663161377679,50.0024653643672
AAPL,2023-04-26,168.56,165.19,168.41,64898729,163.76,45487296,0.01514411333659007,0.28427419240211493,-6.106124442827946e-05,-0.02308655968502061,0.9930505863946733,0.9897076687839578,1.0251819034994314,0.8946497002638643,49.77713921614949
AAPL,2023-04-27,169.85,167.8801,169.68,55275851,168.41,64898729,0.020010688201413246,0.9554896114080411,0.028395212506106535,0.010561056105610506,1.0190732067433952,1.016060525617202,1.0522993886512022,1.2570423533241255,94.21250096387391
AAPL,2023-04-28,170.45,168.64,169.59,52424936,169.68,55275851,0.011609500235737832,0.604091575186093,0.007541119885992579,0.028239001333171716,1.0210000601720923,1.020969343241373,1.058653935477952,1.0848097505748442,68.59504132231405
AAPL,2023-05-01,170.35,167.54,168.54,48425696,169.59,52424936,0.010672799103720751,0.17127071728579818,-0.0005304101838755505,0.025766648521139482,1.015253648782941,1.0177578001692362,1.0569647499772243,1.0334749530218528,72.61966031909412
AAPL,2023-05-02,170.92,167.16,167.45,65126998,168.54,48425696,0.016672599976266776,0.5516014215245537,-0.006191402794976186,0.029126213592232896,1.0032381723374366,1.0102015128447956,1.0494689712691028,0.9526198971268314,71.33468149646103
AAPL,2023-05-03,167.04,164.31,165.79,81225673,167.45,65126998,0.02245446401911013,0.5452127645074172,-0.006467307464103497,0.02253297508549095,0.9923903896073107,1.0037765255964513,1.0414852234093606,1.2642339347380942,56.13238157040876
AAPL,2023-05-04,174.3,170.76,173.57,113402971,165.79,81225673,0.016466614391700284,0.32967032846274935,-0.009913406987160327,-0.015557270945905852,0.9856132215682778,0.994338287331918,1.0307983217681889,1.523740369541187,51.73444976076549
AAPL,2023-05-05,173.85,172.11,173.5,55962634,173.57,113402971,0.020395229590367117,0.7330508453868575,0.046926835152904287,0.022925506836397845,1.0271143513148862,1.035688499841875,1.0454166277679569,2.009538709600533,67.03431372549016
AAPL,2023-05-08,173.54,171.6,171.77,45326874,173.5,55962634,0.010028818443803923,0.5862068931827314,-0.0004032955003744494,0.023055604693672956,1.021970901808329,1.0302483284443547,1.0413978139649345,0.9844438757928311,65.07936507936506
AAPL,2023-05-09,174.03,171.9,173.555,53724501,171.77,45326874,0.011294172439890537,0.6597938110319921,-0.009971181556195906,0.019164590008306743,1.0079452633555535,1.015153126957673,1.027630622519092,0.7988721241481928,58.668341708542734
AAPL,2023-05-10,174.59,172.17,173.75,49473076,173.555,53724501,0.012272766558151568,0.2511737077409675,0.010391802992373501,0.036458644371454275,1.0111747467037993,1.0197989840497577,1.0341473297214199,0.9438903819883958,63.986226453311716
AAPL,2023-05-11,174.06,171.0,172.57,45533138,173.75,49473076,0.013928057553956926,0.04132231387883079,0.0011235631356053884,0.04801254599191754,1.0030075795623135,1.017751340649428,1.0327891995512195,0.8839074428390604,68.77419354838705
AAPL,2023-05-12,173.21,171.47,172.07,37264259,172.57,45533138,0.017731934867010503,0.34313725378060067,-0.00679136690647486,-0.005761364291064124,0.9973472654872882,1.009131125061035,1.0235362325717259,0.816272131342569,65.00829187396346
AAPL,2023-05-15,173.1383,171.7991,172.07,42110293,172.07,37264259,0.01011216365432678,0.6264367780089828,-0.0028973749782696878,-0.00824207492795393,0.9961040389480326,1.0047501846645235,1.0185046798120674,0.6705918029064634,67.99653078924538
AAPL,2023-05-16,172.925,170.4201,172.69,57934404,172.07,42110293,0.007782879060847196,0.05973715606527323,0.0,0.0017465215113231817,0.9957581754946385,1.0026834178760502,1.016819447624816,0.7631586135225421,68.02603036876356
AAPL,2023-05-17,175.24,172.58,175.05,65496657,172.69,57934404,0.014505182697319015,0.3912331813995169,0.0036031847503923088,-0.0049840108323010515,1.00034756415455,1.0032329558162707,1.0189598278229903,1.040215548093779,61.25131440588853
AAPL,2023-05-18,176.39,174.94,175.16,55525641,175.05,65496657,0.015195658383319032,0.7706766888320478,0.013666106896751483,0.007482014388489274,1.01249349297241,1.0115018245170013,1.0303316573153987,1.1623882153282799,63.35156638488315
AAPL,2023-05-19,174.71,173.45,174.2,43570932,175.16,55525641,0.008278145695364173,0.8482758562187869,0.0006283918880319064,0.015008402387437003,1.0101033400996495,1.0112083870949118,1.027911651005333,0.9873664335693472,63.835072031793324
AAPL,2023-05-22,173.3794,171.275,171.56,50745163,174.2,43570932,0.007233065442020777,0.17460317321743157,-0.005480703356930852,0.012378683094089588,1.0021054569301748,1.005260014369101,1.0196242549997148,0.7733271748202121,64.12175648702595
AAPL,2023-05-23,172.4183,170.52,171.84,43711588,171.56,50745163,0.012266262532058744,0.7460558793667723,-0.015154994259471795,-0.0029639100366129537,0.9874979854028045,0.9901452955689902,1.0018877372993824,0.898991182777012,59.518295507179296
AAPL,2023-05-24,173.895,171.69,172.99,55889523,171.84,43711588,0.011046904096834134,0.39509034191071246,0.0016320820704126902,-0.004922114772135007,0.9900784733985549,0.9927439108933772,1.0011608548669242,0.775605725133539,64.96783770410693
AAPL,2023-05-25,175.77,173.11,175.43,54834975,172.99,55889523,0.012746401526099847,0.26303854755992007,0.0066922718808194,-0.011768066266780931,0.9990759457118105,0.9998266096405042,1.006518017277619,0.9996777286235258,47.86450662739328
AAPL,2023-05-26,66.101799,64.333662,64.480632,85143017,175.43,54834975,0.015162742974405726,0.7932330797246938,0.014104861552690893,0.0015414478191368476,1.0128518971848226,1.0122557787958872,1.0190102362810745,0.9812022498874958,56.05015673981193
AAPL,2023-05-29,178.99,176.57,177.3,55963954,64.480632,85143017,0.027421210759844845,0.05229119659680316,-0.6324423872769765,-0.6298471182548794,0.42628968740568235,0.396689000284565,0.3863387878898472,1.480197214217175,7.142322552910869
AAPL,2023-05-30,179.35,176.76,177.25,99625288,177.3,55963954,0.013649182177101048,0.14049586718803408,1.7496628755127588,0.03345768244346007,1.163323795049291,1.087262717145988,1.059520923863809,0.966590399073895,50.792747833590575
AAPL,2023-05-31,180.12,176.9306,180.09,68901712,177.25,99625288,0.01461212976022569,0.0289575288457194,-0.0002820078962211583,0.031482774674115435,1.1547974072161555,1.083925073052208,1.0561295993487727,1.670914025595097,50.741340917795995
AAPL,2023-06-01,181.78,179.26,180.95,61996852,180.09,68901712,0.017710033871952947,0.7493572435274465,0.01602256699576871,0.041042834845944814,1.1625450458608624,1.0979084960811014,1.0684994117907476,1.1676864943041532,51.581701157960055
AAPL,2023-06-02,184.951,178.035,179.58,121722517,180.95,61996852,0.013926499032882069,0.03174603162006026,0.004775390082736327,0.03146554181154866,1.1598308702897049,1.0992711852089565,1.0712565800492384,1.0985196792264913,51.86492925600882
AAPL,2023-06-05,180.12,177.43,179.21,64845314,179.58,121722517,0.03851208375097447,0.4410063614213304,-0.007571152252003184,1.78502233042629,1.0030497000569725,1.0873944502574722,1.0612359901070822,2.038059293848623,51.56818535053783
AAPL,2023-06-06,181.21,177.32,177.82,61944615,179.21,64845314,0.015010323084649281,0.2806691439380315,-0.0020603630693841438,0.010772701635645778,0.9988518303830205,1.0801505119249222,1.0567264036148745,1.0682805615615236,51.36288345603967
AAPL,2023-06-07,180.84,177.46,180.57,50210681,177.82,61944615,0.02187605443707128,0.15938303300929868,-0.0077562636013616135,0.003215796897038043,0.990475129504818,1.0679234430799256,1.0472133408011544,1.0136302841746896,50.58137402869819
AAPL,2023-06-08,182.23,180.63,180.96,48869360,180.57,50210681,0.018718502519798393,0.7914201160017117,0.015465077044202002,0.002665333999666776,1.0052553639228174,1.0795246656505797,1.0612773090067062,0.8211265939072843,51.12301830653522
AAPL,2023-06-09,183.89,180.97,183.79,54754995,180.96,48869360,0.008841732979663982,0.33749999789062124,0.0021598272138229763,5.526388505122591e-05,1.0074153250050104,1.078291345254688,1.060953641745537,0.7970168997154133,51.40658251319307
AAPL,2023-06-12,184.15,182.44,183.31,54867129,183.79,54754995,0.01588769791609983,0.8630136956746081,0.015638815207780637,0.02344359060028945,1.0183964093755196,1.022464284124794,1.0738562839280361,0.8804487199311188,52.54273863371297
AAPL,2023-06-13,184.39,182.02,183.95,57462782,183.31,54867129,0.00932845998581642,0.29824561229095464,-0.0026116763697697906,0.022878187601138297,1.0111423685807268,1.016395624137109,1.0675462404413147,0.8732949822812952,52.382745489178184
AAPL,2023-06-14,186.52,183.78,186.01,65433166,183.95,57462782,0.012883935852133602,0.24472573736402217,0.0034913534449838328,0.034473062647621164,1.0078568454272503,1.0161692160664668,1.0677724576672134,0.9149522118048128,52.28163412434645
AAPL,2023-06-15,186.99,184.27,184.92,101151225,186.01,65433166,0.014730390839202244,0.7481751797511768,0.01119869529763524,0.030126820623580873,1.0131042896668918,1.0241995429892905,1.076306418369814,1.0419134642466819,52.20601663221444
AAPL,2023-06-16,54.684544,53.339726,54.323786,179810554,184.92,101151225,0.014709063378758377,0.6654411740241145,-0.005859900005376074,0.02188328912466832,1.0028417102323262,1.015976968551524,1.0669865142805899,1.5542062770507556,96.34444889711946
AAPL,2023-06-19,186.1,184.41,185.01,49799092,54.323786,179810554,0.024755601533368893,0.7317421336437908,-0.7062308782176075,-0.7044246912236791,0.34273085818597987,0.32052007039579283,0.3246763724975679,2.501043237543691,8.374165343826078
AAPL,2023-06-20,185.41,182.5901,183.96,49515697,185.01,49799092,0.009134641370736706,0.35502958369804694,2.4056904649466078,0.00927390758823844,1.164736770257977,1.0878693456226745,1.1013206621758906,0.6931277515311671,51.39391634837833
AAPL,2023-06-21,187.045,183.67,187.0,51245327,183.96,49515697,0.015328875842574417,0.33334515290136163,-0.0056753688989783415,5.436259853231491e-05,1.1581118775508443,1.0778040306034333,1.0911341319046843,0.6864107598503263,50.699661199098244
AAPL,2023-06-22,187.56,185.01,186.68,53112346,187.0,51245327,0.01804812834224599,0.9659259230639206,0.016525331593824702,0.005322294500295732,1.1757844449643382,1.0915031067452927,1.1045760578346666,0.7126818620178672,51.08523127308054
AAPL,2023-06-23,188.05,185.23,185.27,48088661,186.68,53112346,0.013659738590100768,0.4431372531641639,-0.0017112299465240277,0.009517629245079057,1.171180302786019,1.0860094175911719,1.0990342357930585,0.7395328234416855,51.278392797948385
AAPL,2023-06-26,188.39,185.67,188.06,50731499,185.27,48088661,0.015221028768823995,0.5531914874000268,-0.007553031926290961,2.4104765820261496,0.9983080437968791,1.0768795725103253,1.0532827391724016,0.6873140876804812,51.087064042652415
AAPL,2023-06-27,189.9,187.6,189.25,51216801,188.06,50731499,0.014463469105604587,0.7977941147139984,0.015059102930857623,0.01648559537322313,1.0100218052139165,1.0900867578638371,1.065884123252608,0.7278087100809472,51.827707001490026
AAPL,2023-06-28,190.07,188.94,189.59,46347308,189.25,51216801,0.012153236459709438,0.573913040982981,0.006327767733701998,0.028756251358991042,1.0106701130027984,1.0936248090336051,1.0689934936186904,0.7612030888539594,51.557943128528144
AAPL,2023-06-29,194.48,191.26,193.97,85068452,189.59,46347308,0.005960229969935099,0.4513274296342643,0.0017965653896961872,0.013850267379679163,1.0096927091654684,1.0933277168386701,1.0680483566800052,0.7005728973244112,51.54924687070443
AAPL,2023-06-30,193.88,191.76,192.46,31458198,193.97,85068452,0.01660050523276795,0.7267080722773055,0.023102484308244083,0.039050782086993745,1.0250597163210518,1.1127787615351923,1.0887301347563054,1.2638331399809495,51.81738703675609
AAPL,2023-07-03,47.107321,46.45882,46.915998,535688736,192.46,31458198,0.011015275901486047,0.6226415064969695,-0.007784708975614739,0.03880822583256867,1.0094091238081253,1.0230431893687706,1.0763639610878983,0.5009533620084995,51.62752062746325
AAPL,2023-07-04,192.98,190.62,191.33,46896861,46.915998,535688736,0.013822598423676205,0.7049765427504913,-0.7562298763379404,-0.7505264383707327,0.28882545448659647,0.2691440011899612,0.27246488459106893,6.204493720318048,33.916439711954595
AAPL,2023-07-05,192.02,189.2,191.81,45155523,191.33,46896861,0.01233470966393135,0.09957627076450169,3.0781398276980063,0.010990752972258983,1.1748617802410068,1.0929857666701162,1.1068079237650186,0.5479473042947508,50.468012875322756
AAPL,2023-07-06,192.67,190.24,190.68,46757498,191.81,45155523,0.014702048902559937,0.6985815578064426,0.002508754507918203,0.01170947834801413,1.1746067934406879,1.0927252686582232,1.105988992262985,0.5291641007006969,50.606780691978415
AAPL,2023-07-07,189.99,187.035,188.61,59912163,190.68,46757498,0.012743864065449854,0.3004115213974819,-0.0058912465460611825,-0.016961385781306345,1.172411082131272,1.0838179871085658,1.096400885729077,0.5486160329119181,65.55568377778093
AAPL,2023-07-10,189.3,186.6,188.08,46638119,188.61,59912163,0.015667249880706283,0.21996615830805852,-0.01085588420390179,-0.020004156707887324,1.1652000532904345,1.070020810483629,1.0829977330395857,0.7008422128927854,50.581267672717004
AAPL,2023-07-11,191.7,188.47,189.77,60750218,188.08,46638119,0.014355593364525824,0.3999999985185101,-0.0028100312814803093,3.008867081970632,0.9893636048016329,1.0670019119201517,1.0784775373439306,0.5482032663220905,50.6663475013088
AAPL,2023-07-12,191.19,189.78,190.54,41337338,189.77,60750218,0.017020603888918108,0.02786377700351886,0.008985538068906835,-0.008153452150734345,0.9998946203698824,1.0762719951228574,1.0863555069561754,0.7127055582980836,50.44997042930791
AAPL,2023-07-13,191.1799,189.63,190.69,41616242,190.54,41337338,0.007400020992967339,0.02836879412503844,0.0040575433419401475,-0.006621135498670613,1.005297146716191,1.0800570933574924,1.0893509675749762,0.4919115864238739,50.62611922054814
AAPL,2023-07-14,194.32,191.81,193.99,50520159,190.69,41616242,0.008127851486706215,0.2967933395909879,0.000787236275847621,5.244388504295629e-05,1.006077936878093,1.0829207581671052,1.0884133091031034,0.5134173695686909,50.88277065054308
AAPL,2023-07-17,194.33,192.415,193.73,48153774,193.99,50520159,0.012938811278931856,0.8326693193917601,0.01730557449263208,0.02852446847993211,1.0177111859569603,1.1007049426477118,1.0648067089929796,0.6772791870043445,50.96423390117355
AAPL,2023-07-18,198.23,192.65,195.1,80492323,193.73,48153774,0.009884891343622674,0.1984334193293249,-0.0013402752719213326,0.0300404083368778,1.0103575600801067,1.014702262168518,1.0608407769939106,0.6462678987750271,50.73066985816302
AAPL,2023-07-19,196.47,192.495,193.13,59581196,195.1,80492323,0.028600717580727752,0.3584229384257664,0.007071697723636012,0.028086631185118744,1.0118769773352003,1.0198640878201777,1.0650941202901762,1.058282697773283,50.895649504929814
AAPL,2023-07-20,194.97,191.23,191.94,71451683,193.13,59581196,0.020581991404753246,0.4930817597658348,-0.010097385955920036,0.013592946362968424,0.9989758338161052,1.0088699903882317,1.0525782258896084,0.7790818423005312,49.86237991189195
AAPL,2023-07-21,194.91,192.25,192.75,45507451,191.94,71451683,0.01948525580910706,0.5775401054076444,-0.006161652772743736,0.0065551418532697045,0.9915382946409198,1.0019941740882656,1.0445953056040438,0.9232302141475656,49.9147171901975
AAPL,2023-07-24,194.44,192.915,193.62,37283201,192.75,45507451,0.013800259403372227,0.24812029981909567,0.004220068771491103,-0.006392082066085927,0.9969999482749702,1.0040526743483422,1.0468727432067992,0.5889858872073424,95.53498950210462
AAPL,2023-07-25,195.64,193.32,194.5,47471868,193.62,37283201,0.00787625245325899,0.19016393317924699,0.004513618677042825,-0.0005678005471531783,1.0016140045937052,1.0056823493969647,1.050012527833853,0.48677884679724315,56.901748040988515
AAPL,2023-07-26,197.2,192.55,193.22,47439680,194.5,47471868,0.011928020565552665,0.3577586191475986,0.004544985022208426,-0.0030753459764223186,1.0067913120897778,1.0077772423691314,1.0532854116739145,0.621323619299644,57.916421424367265
AAPL,2023-07-27,196.626,194.14,195.83,47691443,193.22,47439680,0.02406583169444145,0.6021505363394666,-0.006580976863753219,0.00046600735256046915,1.0000724615177583,0.9997568131134648,1.045326328268458,0.6204587924421223,57.40956826137687
AAPL,2023-07-28,196.49,195.26,196.45,38824113,195.83,47691443,0.012694684164836942,0.4666130311077579,0.013507918434944694,0.020266750026049885,1.0095162487627847,1.0105737920642375,1.0589137366568726,0.6393796158461532,70.41855203619905
AAPL,2023-07-31,196.73,195.28,195.605,35281426,196.45,38824113,0.006261135148892941,0.31707316815386094,0.00316601133636305,0.01919584954604404,1.0088638277767505,1.012487952707613,1.061121575559538,0.5179415762548529,73.55092853123233
AAPL,2023-08-01,195.18,191.8507,192.58,50388811,195.605,35281426,0.007412898443291269,0.43448275562427674,-0.0043013489437515855,0.01025204007850421,1.0024805120924964,1.0071596096069035,1.0157670961669536,0.7065029735669462,67.23781388478574
AAPL,2023-08-02,192.37,190.69,191.17,62243282,192.58,50388811,0.017287880361408336,0.7388940595954182,-0.01546483985583179,-0.009871465295629756,0.9889235224944412,0.9928723335696333,0.9997339476331075,1.0055095711649025,55.318039624609014
AAPL,2023-08-03,187.38,181.92,181.99,115956841,191.17,62243282,0.008787989747345331,0.23809523667800697,-0.00732163256828344,-0.010609667736259246,0.9837541875292676,0.9865998508514112,0.9925791507495486,1.2212443465048357,51.174168297455935
AAPL,2023-08-04,183.13,177.35,178.85,97105069,181.99,115956841,0.030001648442222143,0.646520145336043,-0.048020086833708106,-0.07067354337946179,0.9500467218976921,0.9440710893467136,0.9470519437097595,2.130499553810695,27.203647416413375
AAPL,2023-08-07,180.27,177.58,179.8,67769003,178.85,97105069,0.032317584568073814,0.5674740474611176,-0.01725369525798129,-0.08959022652074317,0.9511324778370444,0.9345208392660733,0.9330813465900273,1.725186386065293,24.52054794520548
AAPL,2023-08-08,180.93,177.01,178.19,60303492,179.8,67769003,0.014961067853170175,0.040892193156539705,0.005311713726586621,-0.08080059303187535,0.972533238135419,0.946318279784947,0.9400680477510651,1.1818129570617573,23.41904100069496
AAPL,2023-08-09,180.75,177.6,177.97,54686851,178.19,60303492,0.021998989842303248,0.6836734676436891,-0.008954393770856583,-0.07472219337418223,0.979065934065934,0.9459649569859079,0.934479209686195,1.052032874960978,23.71569317382128
AAPL,2023-08-10,178.62,176.55,177.79,51036672,177.97,54686851,0.01769961229420692,0.47936507784328175,-0.0012346371850272117,-0.06904849087199869,0.9922502230151647,0.9525083826839039,0.936411911799332,0.9430654292600068,24.553734061930797
AAPL,2023-08-11,179.69,177.305,179.46,43675627,177.79,51036672,0.011642949547218591,0.2270531389997435,-0.0010114064168118605,-0.023078191109401708,0.9959108223168273,0.9608218785718724,0.9386503634307014,0.8730273873121714,22.110365398956006
AAPL,2023-08-14,179.48,177.05,177.45,43574863,179.46,43675627,0.013289869608826428,0.6247379428732224,0.009393104224084684,0.003410679340229319,1.0045789903830007,0.9788344637436901,0.9511152921224008,0.7515096097135309,24.36640115858077
AAPL,2023-08-15,178.54,176.5,176.57,45712957,177.45,43574863,0.013693998309382805,0.5884773638334345,-0.011200267469073995,-0.013070077864293785,0.9959477358956516,0.977551301473626,0.9445373723018209,0.7527411340279064,20.34782608695656
AAPL,2023-08-16,177.5054,173.48,174.0,66054482,176.57,45712957,0.011553491533102974,0.27450980257593455,-0.004959143420681857,-0.009091419271564087,0.992814088435068,0.981358795936062,0.9445112353615336,0.8141326102520061,20.634920634920675
AAPL,2023-08-17,175.1,171.96,174.49,60171878,174.0,66054482,0.0231344827586208,0.7800467014953805,-0.01455513394121308,-0.02230713041523852,0.9827510251109831,0.9763926220631064,0.9355505163674294,1.1696660581643255,11.444719180501608
AAPL,2023-08-18,176.13,173.735,175.84,46161959,174.49,60171878,0.017995300590291627,0.6974522270781799,0.002816091954023041,-0.018561223915855688,0.989205982062882,0.9832804566740112,0.9426070656364921,1.0762476752268852,11.03619588360553
AAPL,2023-08-21,177.68,176.25,177.23,42057245,175.84,46161959,0.013620336669699624,0.321503130181622,0.007736833056335574,-0.02017162598907837,1.0009677235726075,0.9925715188873083,0.954258386188651,0.8251801230002122,15.548195921213278
AAPL,2023-08-22,181.55,178.325,181.12,52722752,177.23,42057245,0.008068611408903723,0.11888111804977308,0.007904913557779721,-0.0012397858551704641,1.0091330440823112,1.0018711242008151,0.9660982533316435,0.7486109282699897,21.626617375231078
AAPL,2023-08-23,181.104,176.01,176.38,54912798,181.12,52722752,0.017805874558304013,0.8062015478877397,0.02194887998645836,0.025768816899813172,1.025966375130285,1.0221680437040046,0.9909166882089285,0.9340896936514572,32.98340670504578
AAPL,2023-08-24,179.15,175.82,178.61,51439994,176.38,54912798,0.02888082549041854,0.8429524914743752,-0.026170494699646694,0.013678160919540204,0.9964296205906944,0.9963114221642293,0.9694497995885966,0.9664925227756852,38.82024711040257
AAPL,2023-08-25,180.59,178.545,180.19,43803238,178.61,51439994,0.018643972901853267,0.36936936826015615,0.012643156820501295,0.023611668290446468,1.004352324613689,1.0084408435197472,0.9863745997909733,0.9023926182591124,49.50372208436729
AAPL,2023-08-28,184.9,179.5,184.12,52953948,180.19,43803238,0.011349131472334847,0.048899755262100726,0.00884608924472305,0.024738398544130995,1.0083041419985899,1.0169424565997696,0.9995881046852052,0.7650824773048424,50.78597339782343
AAPL,2023-08-29,187.85,184.74,187.65,60803988,184.12,52953948,0.02932869867477735,0.819444442926956,0.021810311338032115,0.038876036788354204,1.0224117633993026,1.0352253239998874,1.0246535700372865,0.9108540719471633,60.928861039439724
AAPL,2023-08-30,189.12,187.48,187.87,60794467,187.65,60803988,0.016573407940314335,0.8713826338540819,0.019172278948511846,0.036053445229681985,1.0345112740503886,1.0485407598218626,1.0457330580377666,1.0365962860855233,65.90013140604466
AAPL,2023-08-31,189.92,188.28,189.46,45393903,187.87,60794467,0.008729440570607414,0.01829268281528905,0.0011723954169997274,0.06514344029935372,1.022766865554636,1.04169670085944,1.0479226454929065,1.037715530216211,66.53543307086613
AAPL,2023-09-01,62.711042,58.783504,60.671437,144182832,189.46,45393903,0.00865618072416334,0.01524390234607736,0.008463299089796154,0.060746878674206334,1.0193803871773075,1.0418648644189898,1.0545944381359518,0.8244928248074347,66.44736842105262
AAPL,2023-09-04,189.98,187.61,189.7,45280027,60.671437,144182832,0.06473454716426115,0.12432674076144729,-0.6797665100812836,-0.6632918752427993,0.3746207523988031,0.35619905955612713,0.3492020507866944,2.5114301685165894,12.85162531992357
AAPL,2023-09-05,188.85,181.47,182.91,81753366,189.7,45280027,0.012493410648392073,0.5991561156153759,2.1266772204521875,0.030306321963936476,1.163302052290367,1.1056251194604771,1.0887402390638887,0.8044605620209174,52.300867811635975
AAPL,2023-09-06,178.21,173.54,177.56,112416703,182.91,81753366,0.04034771198950301,0.7439024380163941,-0.035793357933579295,-0.025259792166267035,1.1282224235382952,1.0649400717768909,1.0483506119880817,1.425300379951915,51.538609642424845
AAPL,2023-09-07,180.239,177.79,178.18,65402066,177.56,112416703,0.026300968686641224,0.5096359732127682,-0.029249357607566532,-0.054878373343269296,1.1093320078594335,1.033081510561149,1.017806618213991,1.8659865198073393,50.52138683626835
AAPL,2023-09-08,180.3,177.34,179.36,58953052,178.18,65402066,0.013744528005387878,0.06941608791581289,0.0034917774273485274,-0.059537633273514204,1.1291201458193079,1.0369482281459086,1.0212464199242561,1.072807739907174,50.39839670727369
AAPL,2023-09-11,180.13,174.82,176.3,90316192,179.36,58953052,0.01650312221231048,0.23986486405450305,0.006622516556291429,1.9562510609399284,0.9879807427482344,1.0443198752313503,1.0280391025024103,0.9550559843707729,50.36290265779207
AAPL,2023-09-12,177.3,173.98,174.21,84267928,176.3,90316192,0.03011911514463983,0.6007532945371871,-0.017060660124888504,-0.0706378492356351,0.9856761078373271,1.0311983190622789,1.010833220314334,1.4097720853509352,49.17645445984868
AAPL,2023-09-13,176.1,173.58,175.74,60345757,174.21,84267928,0.01905745938809495,0.6927710822506798,-0.011854792966534335,-0.04756437592258481,0.983559354569167,1.0270475080666017,0.9995262457308217,1.2769388422735655,49.625845459084275
AAPL,2023-09-14,176.495,173.82,175.01,109259461,175.74,60345757,0.014339364970979752,0.6904761877362142,0.008782503874634069,-0.010250056318990725,0.994240713291619,1.0435300372588974,1.0078015339501478,0.9184109494068198,49.50395303799312
AAPL,2023-09-15,179.38,176.17,177.97,67257573,175.01,109259461,0.015284840866236282,0.5495327082260432,-0.004153863662228395,-0.017790997867325267,0.9936749108582589,1.0481891268490362,1.0034656470179737,1.6029595615086156,49.102057340565786
AAPL,2023-09-18,179.63,177.13,179.07,51826941,177.97,67257573,0.01803674776647754,0.4641744533826358,0.01691331923890068,-0.00774977698483505,1.0120787507250661,0.99594838103126,1.0198148363797561,0.9717074761090356,48.930312469885685
AAPL,2023-09-19,179.695,175.4,175.49,58436181,179.07,51826941,0.013961020829843079,0.6199999975199932,0.006180816991627771,0.01571185479296643,1.0151360544217687,1.008101063440503,1.0255774570585996,0.7435252107001593,48.4949329021792
AAPL,2023-09-20,176.3,173.86,173.93,62449116,175.49,58436181,0.0244743290215966,0.8777648407968206,-0.0199921818283352,0.007347454221916084,0.9933996014853728,0.9920910853699213,1.0066969419829612,0.8349216127357699,47.85365406172598
AAPL,2023-09-21,177.079,174.05,174.79,56688985,173.93,62449116,0.01402863220835967,0.25409835961435306,-0.00888939540714572,-0.010299305792648242,0.9865905816420297,0.985293951032709,0.9984496455877899,0.8874793720032886,47.30725200624983
AAPL,2023-09-22,176.97,174.15,176.08,46172740,174.79,56688985,0.0173293666685737,0.03961703519439892,0.004944517909503738,-0.0012570710245128785,0.9917163120567375,0.9920709246425672,1.0044878588322865,0.8026271827167354,85.564567790351
AAPL,2023-09-25,175.2,171.66,171.96,64548945,176.08,46172740,0.016015447523852755,0.6666666643026106,0.007380284913324678,-0.010619767376524057,1.0011826783114992,1.0012566885971148,1.0130977063691458,0.6526388842780245,29.174311926605554
AAPL,2023-09-26,173.04,169.05,170.43,66920708,171.96,64548945,0.02058618283321698,0.8079096022375412,-0.023398455247614743,-0.03970514324007363,0.9857265692175408,0.9802479692176144,0.9928660309452364,0.9049656150802059,31.768231768231814
AAPL,2023-09-27,172.03,167.62,170.69,56294419,170.43,66920708,0.02341137123745808,0.5488721790755104,-0.008897418004187026,-0.028833551769331597,0.9826566265754909,0.9736242266362749,0.9889484052471043,0.9342116578730887,36.39832125143078
AAPL,2023-09-28,173.07,170.341,171.21,51861083,170.69,56294419,0.02583631144179505,0.30612244828543556,0.0015255530129671471,-0.018628183752084224,0.9878465188957694,0.9779308132140115,0.9954187535779896,0.7883451044424328,35.512572533849124
AAPL,2023-09-29,174.3,170.93,173.75,52156935,171.21,51861083,0.015939489515799224,0.2968120179669793,0.0030464584920031064,-0.020481720922249466,0.9949789044248405,0.9830502635477314,1.0037928969206706,0.7229869121852553,33.82294561333863
AAPL,2023-10-02,173.63,170.82,172.4,49594613,173.75,52156935,0.019395683453237438,0.75074183753489,0.014835582033759663,-0.013232621535665677,1.012481935574099,1.000057557269483,0.9860002156432126,0.7769494608277292,44.83177948925819
AAPL,2023-10-03,174.21,170.97,173.66,53006286,172.4,49594613,0.016299303944315557,0.051601423303913124,-0.007769784172661838,0.002558734589439391,1.0041002702450843,0.9961114674154836,0.983165290387335,0.7364136136910668,46.21813623067279
AAPL,2023-10-04,175.45,172.68,174.91,48527918,173.66,53006286,0.018657146147644875,0.793209874095027,0.007308584686774889,0.018952062430323238,1.0076475844541668,1.004453698883683,0.9929698466746145,0.8042370473585522,45.60439560439557
AAPL,2023-10-05,177.99,173.18,177.49,57266675,174.91,48527918,0.01583671602538438,0.40433212850422046,0.007197973050788898,0.024723182377409333,1.0099546152691328,1.0111105972668624,1.00087550141053,0.7737929502203945,49.793217535153026
AAPL,2023-10-06,179.05,175.8,178.99,42344772,177.49,57266675,0.027100118316524886,0.7671517655568562,0.014750443085015223,0.03668010046142165,1.0174728563075408,1.024426000531,1.0158394024810773,0.9190965084479921,48.99159663865548
AAPL,2023-10-09,179.72,177.95,178.39,43698019,178.99,42344772,0.018157438963070562,0.6707692287053275,0.00845118034818863,0.030158273381295016,1.0199441563621858,1.0313513762683737,1.0245329242604635,0.688788666159853,49.834710743801686
AAPL,2023-10-10,179.85,177.6,179.8,47544848,178.39,43698019,0.009922080834127532,0.16384180698393916,-0.003352142577797769,0.03474477958236648,1.009632799058227,1.0240998438504638,1.0204881341582361,0.7388129757721633,56.83317624882181
AAPL,2023-10-11,182.34,179.04,180.71,56743119,179.8,47544848,0.012513904338153503,0.7111111079506274,0.007904030494983044,0.03535644362547515,1.010589266845028,1.0266717676684047,1.0269121813031163,0.8296068064269388,63.929757949691485
AAPL,2023-10-12,181.93,178.14,178.85,51412082,180.71,56743119,0.01826130263958835,0.19393939335170263,0.005061179087875398,0.03315991081127444,1.0091246174808461,1.025997694897548,1.0306467848964704,0.9932286351396684,64.0151515151515
AAPL,2023-10-13,179.075,176.51,178.72,52516984,178.85,51412082,0.021190942130276884,0.6781002620630545,-0.010292734215040749,0.007662403515690941,0.997223275419854,1.0110517538652872,1.0189228529839882,0.9479048481238141,56.385431074227704
AAPL,2023-10-16,178.42,174.8,177.15,57549350,178.72,52516984,0.014352059086839737,0.7680311860895472,-0.0007268660889012885,-0.0015084641600089962,0.99679855432976,1.0074862451519797,1.0179647539956485,0.9816154392654869,69.09604519774004
AAPL,2023-10-17,177.575,175.11,175.84,54764375,177.15,57549350,0.020434659892746124,0.13950276204557216,-0.008784691136973999,-0.0069510622792756365,0.9894105425421401,0.9959688981092614,1.0095742862027697,1.069955246864062,68.94024802705746
AAPL,2023-10-18,177.84,175.19,175.46,59192863,175.84,54764375,0.014018425841674106,0.10547667300009202,-0.007394863110358466,-0.02202447163515021,0.9864575268998171,0.987393660330741,1.0020086900776408,1.0216643520678859,63.70409792442786
AAPL,2023-10-19,175.42,172.64,172.88,64211828,175.46,59192863,0.015103157414795426,0.21886792370237873,-0.0021610555050045237,-0.02905207238116319,0.9901582357057402,0.9849556528573032,0.9994076234307716,1.1076449526370844,61.39410187667559
AAPL,2023-10-20,174.01,169.93,173.0,55980109,172.88,64211828,0.01608051827857474,0.8741007162802154,-0.014704206086857474,-0.0333799273133911,0.9822169194932104,0.9729906179120774,0.9852480644674114,1.1931640628523987,47.67255216693419
AAPL,2023-10-23,173.67,171.45,173.44,43816644,173.0,55980109,0.023583815028901643,0.5122549007052605,0.0006941230911615256,-0.0320053715308863,0.9893289718984822,0.9769595662977185,0.9867980115734865,1.0308122105574649,51.71821305841923
AAPL,2023-10-24,173.06,170.65,171.1,57156962,173.44,43816644,0.012799815498154975,0.17567567488433775,0.0025433526011560564,-0.020942703923228945,0.9960717649491165,0.9821898802276525,0.9888903776473372,0.8225360373514027,49.338942307692314
AAPL,2023-10-25,171.3775,165.67,166.89,70625258,171.1,57156962,0.014085330216247789,0.32365145093920655,-0.01349169741697419,-0.026956323930846276,0.9880121956853144,0.9737358791224425,0.9753622692706728,1.082887504845355,39.255499153976345
AAPL,2023-10-26,168.96,166.83,168.22,58257129,166.89,70625258,0.034199173108035295,0.6097240462378926,-0.02460549386323792,-0.04884304114897994,0.973335199636071,0.957305845709074,0.9523945398100803,1.320134401471843,22.623966942148797
AAPL,2023-10-27,171.17,168.87,170.29,51239218,168.22,58257129,0.01266199025086194,0.615023471290972,0.00796932110971306,-0.026955113373438203,0.9864539963642761,0.9708547353840826,0.96080419230934,1.0824772870705375,21.93850964043783
AAPL,2023-10-30,170.9,167.9,170.77,44846017,170.29,51239218,0.013506371483939064,0.5521739106427184,0.012305314469147505,-0.01566473988439311,1.0017765959950113,0.9876063493536393,0.9735891989857612,0.9528897329856961,30.396902226524745
AAPL,2023-10-31,174.23,170.12,173.97,56934906,170.77,44846017,0.01756748843473678,0.47333333175556086,0.002818721005343932,-0.015394372693726866,1.0077661194188394,0.9940683047226541,0.9767886150959801,0.8376949266938577,27.116066903193158
AAPL,2023-11-01,177.78,175.46,177.57,77292052,173.97,56934906,0.02362476289015339,0.7226277354680614,0.01873865433038583,0.01677381648158974,1.023184416684311,1.013799372967681,0.9950041036698535,1.0596196822055837,34.69573115349682
AAPL,2023-11-02,176.82,173.35,176.65,79829246,177.57,77292052,0.013065270034352611,0.8836206858464578,0.020693222969477464,0.06399424770807123,1.0314002927441277,1.03350735974577,1.0148219903815656,1.4009883566348935,47.30639730639731
AAPL,2023-11-03,179.43,176.21,179.23,63841310,176.65,79829246,0.019643362581375595,0.6945244936757212,-0.005181055358450118,0.050112947330876276,1.016105838366408,1.0259016203031535,1.0098065275860393,1.4179819020796876,45.78411405295318
AAPL,2023-11-06,182.44,178.97,181.82,70529966,179.23,63841310,0.017965742342241808,0.8850931649531254,0.01460515142938004,0.052498678724528736,1.0204511552169804,1.0371326231244176,1.0244846281577509,1.1127488078221401,54.06885758998432
AAPL,2023-11-07,183.45,181.59,182.89,49340282,181.82,70529966,0.019084809151908477,0.7608069142339822,0.014450705797020609,0.0647069157346137,1.022333678197112,1.0470426314849899,1.038271337041309,1.2012417783685096,61.140089418777926
AAPL,2023-11-08,184.12,181.81,182.41,53631840,182.89,49340282,0.010170047569577262,0.29032257908428527,0.005884941150588457,0.05127320802437195,1.0181370802529615,1.0461019275867984,1.0434608966038597,0.839063577068799,63.4943697784235
AAPL,2023-11-09,186.565,183.53,186.4,66177922,182.41,53631840,0.01266377939805933,0.23809523706452748,-0.0026245284050521616,0.0272568564509771,1.0100221483942415,1.0341758229297773,1.040217840696862,0.9144634934720037,68.7377113645301
AAPL,2023-11-10,186.03,184.21,184.8,43627519,186.4,66177922,0.016282188841201698,0.8006589759451136,0.021873800778466145,0.05519388621568072,1.0210901122980007,1.0460157126823795,1.060687967678607,1.114355696774836,72.86689419795223
AAPL,2023-11-13,188.11,186.3,187.44,60108378,184.8,43627519,0.009848484848484811,0.5604395573602143,-0.008583690987124432,0.031077386598225867,1.0061852077707119,1.0286611262948717,1.04976738109169,0.7401740949789968,68.64740643466845
AAPL,2023-11-14,189.5,187.78,188.01,53608999,187.44,60108378,0.009656423388817767,0.14364640804614723,0.01428571428571421,0.030909690903090994,1.0143515812715111,1.0337638844461112,1.0616611961813271,1.017575477223104,76.56046814044217
AAPL,2023-11-15,190.96,188.65,189.71,54412915,188.01,53608999,0.009148449550555816,0.09593023200040107,0.0030409731113956104,0.027994969653890343,1.0118291606570082,1.0289401385711627,1.0612320926609542,0.9084358313004959,88.93805309734522
AAPL,2023-11-16,190.38,188.57,189.69,50737404,189.71,54412915,0.01217647989035898,0.06060606034370305,0.009042072230200612,0.040019735760100934,1.0130184971592122,1.031391353514266,1.0665384864047402,0.9258081352243808,89.08694070571126
AAPL,2023-11-17,191.905,189.88,191.45,46538614,189.69,50737404,0.009541884126733104,0.30939226348402155,-0.0001054240683148502,0.017650214592274636,1.0093651891661788,1.0240228892247893,1.0614106258568112,0.8732816293634874,88.12893081761013
AAPL,2023-11-20,191.52,189.74,190.64,38134485,191.45,46538614,0.010577174196918285,0.7703703665660713,0.009278296167431024,0.03598484848484836,1.0115713832822573,1.0267507588677585,1.0657574281539208,0.8075746784519153,88.6976047904192
AAPL,2023-11-21,192.93,190.825,191.31,39630011,190.64,38134485,0.009336970205623171,0.4325842672326781,-0.004230869678767314,0.017072129748186025,1.0038967877830434,1.0175933042958407,1.0561919140154294,0.665018196798522,84.2581175503494
AAPL,2023-11-22,58.066507,57.414668,57.757535,91868321,191.31,39630011,0.01100308399979101,0.08551068842988047,0.003514477549307679,0.017552257858624604,1.0039357682619647,1.0166005972814132,1.0540031293386518,0.7018238829487154,82.10280373831782
AAPL,2023-11-23,190.9,189.25,189.97,24018404,57.757535,91868321,0.01128578288529804,0.32782787885002995,-0.698094532434269,-0.6955482842232883,0.3518164612628093,0.3286893201263219,0.32807204388988115,1.5968954665342885,11.406686246305284
AAPL,2023-11-24,190.67,188.9,189.79,40456609,189.97,24018404,0.008685581933989607,0.545454542148762,2.2890946609823293,0.001476092572091313,1.156763059955114,1.0788983629326008,1.0724353879025035,0.43030324073489534,51.89307856984648
AAPL,2023-11-27,191.08,189.4,190.4,38415419,189.79,40456609,0.009326097265398504,0.073446327268663,-0.0009475180291625353,-0.008670671193523096,1.1580080472620553,1.074830045507661,1.0655542592360088,0.7318719691972938,51.41686405283633
AAPL,2023-11-28,192.09,188.97,189.37,43014224,190.4,38415419,0.008823529411764742,0.36904761685090826,0.0032140787185837697,-0.0012589173310951567,1.1620703154221983,1.0764801035338663,1.0631206871731826,0.6990120942439404,51.337274857491195
AAPL,2023-11-29,190.32,188.19,189.95,48744366,189.37,43014224,0.016475682526271344,0.49038461381286946,-0.005409663865546224,-0.010140609481992566,1.1585273963587368,1.0698340972159888,1.0528429841347997,0.7927326254716673,51.236915838504714
AAPL,2023-11-30,191.56,189.23,191.24,45676673,189.95,48744366,0.011213477230850201,0.05164319224579978,0.0030627871362939436,2.2887483858166733,1.0002843661793823,1.0729652917023627,1.0524456654944236,0.9226066743039316,50.63863869143759
AAPL,2023-12-01,190.05,187.4511,189.43,43389519,191.24,45676673,0.012183643589207344,0.3905579382379452,0.006791260858120666,0.006685266094646577,1.005732316592164,1.0793070978237782,1.0553275688916026,0.8934193202920935,51.15983820329104
AAPL,2023-12-04,194.4,190.18,193.42,66628398,189.43,43389519,0.013719579792007679,0.2116279956457347,-0.009464547165864893,-0.0018968333421148914,0.9965908732204672,1.0703121367336494,1.0424056727592348,0.8660047907021948,50.35947190217683
AAPL,2023-12-05,194.76,192.11,192.32,41055862,193.42,66628398,0.021817805811188085,0.76066350530648,0.021063189568706016,0.01586134453781503,1.0143589851165815,1.0911424145151027,1.0609757918930267,1.3350240009845633,50.965330434035046
AAPL,2023-12-06,195.0,193.59,194.27,47413955,192.32,41055862,0.01377911813643915,0.8037735818725578,-0.005687105780167482,0.015577969055288528,1.0054791082855827,1.0843191570189845,1.052220509237714,0.8295153512993663,50.46671327600425
AAPL,2023-12-07,195.99,193.67,195.71,53383658,194.27,47413955,0.0072579399804395765,0.4539007060007158,0.010139351081530872,0.022742827059752682,1.0111067160761127,1.017035222180341,1.0594520355320756,0.9640333356635131,50.81336929064928
AAPL,2023-12-08,193.49,191.42,193.18,60943699,195.71,53383658,0.011854274181186559,0.6508620661600796,0.007412364235342552,0.023373771177577905,1.0138838522509452,1.0215042538754633,1.0646024740377455,1.0997147423571543,50.75740084636167
AAPL,2023-12-11,194.72,191.721,194.71,52696900,193.18,60943699,0.010715394968423343,0.03381642495740493,-0.012927290378621436,0.019796230797656127,0.9969037052327381,1.0065180353151424,1.048450387356028,1.233453507772324,50.44885059435418
AAPL,2023-12-12,198.0,194.85,197.96,70404183,194.71,52696900,0.01540239330286064,0.5435145030226253,0.007920074541878047,0.006669424051287461,1.0034632391593399,1.0122166770638386,1.0546734987853672,1.0746043228848408,50.59900298419764
AAPL,2023-12-13,199.62,196.16,198.11,66831572,197.96,70404183,0.01591230551626594,0.9111111082186947,0.01669148990806841,0.02932612312811988,1.0143160181589006,1.0245369244225464,1.0693957874770728,1.411522667006965,95.66782201184847
AAPL,2023-12-14,198.3999,197.0,197.57,127387901,198.11,66831572,0.017465044672151875,0.026011560618464623,0.0007577288341079293,0.019766304627580188,1.0111057805179295,1.0210013657329862,1.0677834337873826,1.3234206894141576,68.98320895522389
AAPL,2023-12-15,196.63,194.39,195.89,55751861,197.57,127387901,0.007085589917497608,0.028573469329421588,-0.0027257584170411408,0.00950385774870975,1.0064389269813454,1.0149074321408758,1.0626163405590547,2.344635725431042,67.84403669724767
AAPL,2023-12-18,196.95,195.89,196.94,40714051,195.89,55751861,0.011434989024452545,0.0892857138871246,-0.008503315280660053,0.01402836732581002,0.995133300820938,1.0029490973509323,1.0523240918557306,1.0175126793817255,62.00262352426754
AAPL,2023-12-19,197.68,194.83,194.83,52242815,196.94,40714051,0.0053823499543008135,0.735849049661801,0.005360151105212168,0.011452929998459194,0.9982057234381176,1.0065110954381447,1.0561774605093288,0.7413165082627637,66.53560506771512
AAPL,2023-12-20,197.08,193.5,194.68,46482549,194.83,52242815,0.014628137350510672,0.7263157869252068,-0.010713923022240201,-0.0158112750050515,0.9906543006488092,0.9944517321110471,1.0438763650953542,0.9404322203483896,59.99180999181003
AAPL,2023-12-21,195.41,192.97,193.6,37149570,194.68,46482549,0.01838915142798445,0.3966480435847771,-0.0007699019658163819,-0.01731361364898292,0.9933565327428028,0.9934781943069434,1.0061657889160514,0.8723771370681322,57.38831615120273
AAPL,2023-12-22,48.852863,47.734355,48.355809,111854367,193.6,37149570,0.012603305785123956,0.6475409809527066,-0.005547565235257923,-0.02009414384775016,0.991864253950038,0.989031760384578,0.9996463028319009,0.68873059738169,59.24611973392457
AAPL,2023-12-25,193.89,192.83,193.05,28919310,48.355809,111854367,0.023130788691799128,0.5556097895087947,-0.7502282592975207,-0.7531481494716422,0.2918606344538562,0.2667692097369917,0.2591459846837896,1.9449862985194732,5.720244361757523
AAPL,2023-12-26,193.5,191.09,193.15,48087681,193.05,28919310,0.005490805490805355,0.528301881808488,2.9922814650872662,-0.01975220879455665,1.1706870741152764,1.0659939964223102,1.0338495880039371,0.5070514475483795,50.11873842589062
AAPL,2023-12-27,194.66,193.17,193.58,34049898,193.15,48087681,0.012477349210458176,0.2738589200254806,0.0005180005180004885,-0.008622902017143184,1.173684943504932,1.0693864851779775,1.0333392175532814,0.8394031487724263,49.81672296991577
AAPL,2023-12-28,194.4,191.725,192.53,42672148,193.58,34049898,0.007697076144229822,0.37583892365206795,0.002226249029251912,-0.005650297924799642,1.1778724857784553,1.0744620226294435,1.0346350444028516,0.6020859172599807,49.65029038605715
AAPL,2023-12-29,52.097402,51.231508,51.744775,164313803,192.53,42672148,0.0138939386069704,0.5121495307957022,-0.005424114061370035,-0.005526859504132196,1.1730109740687396,1.0716318462042778,1.0286684470477736,0.7565581954200079,49.89275993692859
AAPL,2024-01-01,188.44,183.885,185.64,81964874,51.744775,164313803,0.016733940769865254,0.24222248632948165,-0.7312378590349555,0.07008394792857248,0.3139644145621266,0.3131377262551395,0.28702444319328957,2.631159073102784,33.83892980710404
AAPL,2024-01-02,185.88,183.43,184.25,58414460,185.64,81964874,0.024536737772031927,0.33150384120416654,2.587608603960496,-0.03838383838383851,1.1366018964610407,1.1311507344853462,1.0319580738715344,1.2965836403319952,48.924879126394195
AAPL,2024-01-03,183.0872,180.88,181.91,71878670,184.25,58414460,0.013297150610583385,0.01224489790920502,-0.007487610428786827,-0.04607817758219004,1.1405211503844144,1.1299656196568573,1.0265337141874256,0.9115300848026912,48.793100993281016
AAPL,2024-01-04,182.76,180.17,181.18,62371161,181.91,71878670,0.012133472596338851,0.10873504843813818,-0.01270013568521033,-0.060285153424940674,1.1425434250193396,1.1244208796695572,1.0169982602045111,1.1006239993589682,48.640622243483996
AAPL,2024-01-05,185.6,181.5,185.56,59144470,181.18,62371161,0.014295176067998693,0.3127413115338178,-0.004012973448408497,-0.05895185165948161,1.1544174835056025,1.1285727087583317,1.0170479350982093,0.9485159815652895,48.72097818642296
AAPL,2024-01-08,185.15,182.73,185.14,42841809,185.56,59144470,0.02209527915499027,0.847560973542534,0.024174853736615494,2.58606255414194,1.0100812158425327,1.0648488257977244,1.0438674717828884,0.9006779551816135,49.01621572485212
AAPL,2024-01-09,186.4,183.92,186.19,46192908,185.14,42841809,0.013071189370206418,0.5041322293217638,-0.002263418840267385,-0.002693385046326223,1.008343863012505,1.0672832474707112,1.0443158528908616,0.6573465273464598,49.15985888209466
AAPL,2024-01-10,187.05,183.62,185.59,49128408,186.19,46192908,0.013319727160427617,0.7419354808792884,0.005671383817651569,0.010529172320217084,1.0119241722646144,1.0776600688613729,1.0537364907376805,0.7221783804976936,49.2650481164428
AAPL,2024-01-11,186.74,185.19,185.92,40477782,185.59,49128408,0.018481599224096163,0.27696792922166397,-0.0032225146355872726,0.020229783959100692,1.0046445661823615,1.0791780377878328,1.0540752160857603,0.778850031866113,49.30602344342565
AAPL,2024-01-12,50.998027,47.942074,49.30295,338088684,185.92,40477782,0.008336919104991456,0.09032258006244384,0.001778113044883798,0.026161828016337235,1.001292546316243,1.0852682928480792,1.0594545396023478,0.6891872911581999,65.91461091254021
AAPL,2024-01-15,184.26,180.934,183.63,65076641,49.30295,338088684,0.061983167335828836,0.03903888561427848,-0.7348163188468158,-0.734301843069627,0.31119982826332043,0.28820623950218244,0.29319563379658004,4.640921613062806,33.05339322239709
AAPL,2024-01-16,182.93,180.3,182.68,47317433,183.63,65076641,0.018112508849316526,0.44197233781728157,2.7245235832744283,-0.008155990061574976,1.1612847655792742,1.074693667971978,1.0963529867153092,0.8786114393953013,49.14747981331599
AAPL,2024-01-17,189.14,185.83,188.63,77722754,182.68,47317433,0.014396759360630585,0.5361216709653165,-0.0051734466045852455,-0.018851710618185677,1.1604286217292992,1.0701170658746737,1.0946514140067063,0.6409723607897058,49.02480842629936
AAPL,2024-01-18,191.95,188.82,191.56,68887985,188.63,77722754,0.017547579918358553,0.7673715988901196,0.032570615283555884,0.01638019289832422,1.1936145576048585,1.1006387795192032,1.1323574341234857,1.0310335466947738,49.65411092272474
AAPL,2024-01-19,195.33,192.26,193.89,60131852,191.56,68887985,0.016339528085195214,0.7124600616215311,0.015533054127127216,0.030335628227194572,1.2035642742967967,1.1110061028488556,1.1506509611091766,0.8949948063253514,66.41373137345607
AAPL,2024-01-22,195.75,193.8299,195.18,42355590,193.89,60131852,0.015833720150600968,0.5179153077592218,0.012163290874921613,2.9326247212387893,1.0309020725443698,1.119112914995354,1.1158726547237914,0.8083961821561267,51.40142098992302
AAPL,2024-01-23,196.38,194.34,194.5,53631316,195.18,42355590,0.009837585818219032,0.08332899284761597,0.006653257001392648,0.06289821924522143,1.0251696535495936,1.120067885823661,1.1226087649284036,0.5643202129827667,51.85730147180521
AAPL,2024-01-24,196.2675,193.1125,194.17,54822126,194.5,53631316,0.010488431876606643,0.4509803899461702,-0.003483963520852581,0.06470330632800521,1.0090686477961317,1.1108680908680961,1.1182634857168325,0.7119220237175775,52.15151814469754
AAPL,2024-01-25,194.76,191.94,192.42,44587111,194.17,54822126,0.01624864809187826,0.33280507026052625,-0.0016966580976864396,0.029369665482690942,1.00159909212834,1.1035753836135054,1.1161768622966088,0.7178325823664544,52.22291356716536
AAPL,2024-01-26,192.2,189.58,191.73,47145622,192.42,44587111,0.014655441222326126,0.6560283664679942,-0.009012720811659887,0.0044894550010439824,0.9916920920260576,1.089603833421307,1.106152044498964,0.58308583060973,51.18458001458103
AAPL,2024-01-29,191.8,187.47,188.04,55836970,191.73,47145622,0.013665049809627999,0.10687022859973336,-0.0035859058309946875,-0.011140337304657263,0.9903409090909091,1.0046688569946394,1.0595531101410929,0.6676991136330127,51.1368964830737
AAPL,2024-01-30,187.095,184.35,184.4,55467803,188.04,55836970,0.023027015528611,0.6697459568828031,-0.01924581442653731,-0.03658161696895181,0.9784984284911434,0.9830614805520702,1.0384724812040913,0.8056970361997909,50.31627813464968
AAPL,2024-01-31,186.95,183.82,186.86,64885408,184.4,55467803,0.01488611713665946,0.9617486303761369,-0.019357583492873785,-0.05192802056555267,0.969750515377172,0.9631657021081003,1.01832798469537,0.802075315794689,49.798649155798515
AAPL,2024-02-01,187.33,179.25,185.85,102527680,186.86,64885408,0.016750508402012178,0.9185303485030992,0.013340563991323252,-0.03764742236184773,0.9903015528114898,0.976918049928114,1.030504570437498,0.9430238464872694,50.15791201344201
AAPL,2024-02-02,189.25,185.84,187.68,69654320,185.85,102527680,0.0434759214420232,0.7413366327458669,-0.00540511612972289,-0.03414405986903645,0.9918559473998804,0.9745469418575383,1.0236164451623928,1.44785463954978,92.13711537672259
AAPL,2024-02-05,189.31,186.7695,189.3,43490759,187.68,69654320,0.018169224211423682,0.13782991161926691,0.009846650524616694,-0.02112345485839453,1.0059710772595223,0.9873581540695381,1.0330924963056611,0.9763847283885988,56.85743311886219
AAPL,2024-02-06,191.05,188.61,189.41,53438955,189.3,43490759,0.013420496566296928,0.9604408543182763,0.008631713554987236,0.006700701978302592,1.013285657698937,0.9989709491015595,1.04081817545646,0.6093578646486828,60.960264900662246
AAPL,2024-02-07,189.535,187.35,188.32,40962046,189.41,53438955,0.01288210759727574,0.5040983585897572,0.0005810882197569213,0.027169197396963073,1.0084655521243744,1.0022435524324553,1.0405019118419223,0.7449624143115894,51.600985221674875
AAPL,2024-02-08,189.99,188.0,188.85,45155216,188.32,40962046,0.011602591333899757,0.48741418541229053,-0.005754712000422382,0.007813336187519958,1.0011057242493833,0.9995700659762952,1.033738976983485,0.5742978232948724,42.8063943161634
AAPL,2024-02-09,188.67,186.79,187.15,41781934,188.85,45155216,0.01053746359544617,0.10050251205777015,0.00281435853865761,0.016142050040355127,1.0007312730509983,1.004286230882134,1.0358153094407736,0.6310180151246015,37.83783783783789
AAPL,2024-02-12,186.21,183.5128,185.04,56529529,187.15,41781934,0.010045418113812425,0.6728723368464181,-0.009001853322742857,-0.0028239556692242172,0.9922802031748725,0.9976757327305875,0.9890995573759662,0.7363236929887292,30.99858021769998
AAPL,2024-02-13,185.53,182.44,184.15,54617917,185.04,56529529,0.014576307825335115,0.27065104452525035,-0.011274378840502343,-0.02250396196513481,0.9855449151549368,0.9880076460600364,0.9775838295039702,1.0037805633274643,29.03368794326242
AAPL,2024-02-14,184.49,181.35,183.86,65434496,184.15,54617917,0.01677979907683955,0.37864077547365,-0.0048097708603544445,-0.027770445066258333,0.986331158744952,0.9833868237379912,0.9725042446390804,0.9635909003215559,28.330449826989664
AAPL,2024-02-15,184.85,181.665,182.31,49752465,183.86,65434496,0.01707821168280221,0.09872611433526741,-0.001574803149606256,-0.023683092608326146,0.9895054087508746,0.9834136531148208,0.9721972525090157,1.1670719947752726,30.24007386888279
AAPL,2024-02-16,58.815662,56.919509,57.073864,82805370,182.31,49752465,0.017470242992704745,0.3485086331286964,-0.00843032742303933,-0.034630659253375655,0.9881193699797292,0.976972996725739,0.9663646169870478,0.9027772375117765,29.085257548845505
AAPL,2024-02-19,182.43,180.0,181.56,53574453,57.073864,82805370,0.03322279003222921,0.00561136150083277,-0.6869405737480117,-0.6950367940154957,0.3601175226908274,0.3288680633686764,0.31391227516038844,1.4722490608493553,4.546522994133753
AAPL,2024-02-20,182.8888,180.66,182.32,41496371,181.56,53574453,0.0133840052875083,0.09465020537180538,2.1811408458344435,-0.018806744487678287,1.150637624610202,1.0508623732247064,1.0023535477716412,0.9431279368722881,49.463973492326545
AAPL,2024-02-21,184.955,182.46,184.37,52284192,182.32,41496371,0.012224659938569585,0.17049533304694947,0.004185944040537513,-0.009937550909584645,1.1581404677116995,1.0596095067904583,1.0099449375494078,0.7383915644656939,49.137578205320146
AAPL,2024-02-22,185.04,182.23,182.52,44926677,184.37,52284192,0.01353257037478985,0.3567134254239996,0.011243966652040431,0.0027738496682257743,1.1704042222338982,1.0739892409217635,1.024080396522152,0.9324568894963379,49.719964564770144
AAPL,2024-02-23,182.76,180.65,181.16,40867421,182.52,44926677,0.015395573087880792,0.8861209932878181,-0.010034170418180801,0.001151884153365191,1.1583513456163697,1.0671475876526566,1.0165997097738164,0.8009975265985949,49.023734128262994
AAPL,2024-02-26,183.9225,179.56,182.63,54318851,181.16,40867421,0.011647162729079185,0.5118483388064156,-0.007451238220469064,2.1741323839577427,0.9932779928283969,1.0629185693648338,1.0120037566455369,0.7327259170311401,48.458404994143606
AAPL,2024-02-27,183.12,180.13,181.42,48943139,182.63,54318851,0.02388709412473313,0.35071633157428855,0.008114374034003086,0.005893368583388374,1.0001642935377875,1.0730608147671856,1.0217594926503284,0.9752284201095661,48.72254927975294
AAPL,2024-02-28,182.57,179.53,180.75,136682597,181.42,48943139,0.016481093594973042,0.3645484937640519,-0.006625417510814258,-0.004936375603334827,0.9945181449402478,1.0676639131758332,1.0158367208985057,0.8838911515455464,48.70052714754725
AAPL,2024-02-29,180.53,177.38,179.66,73450582,180.75,136682597,0.016818810511756526,0.17105263101627805,-0.003693087862418628,-0.01963443076422414,0.9947935012328286,1.0656713787701226,1.0138193920447678,2.3181386045315655,48.475335858287586
AAPL,2024-03-01,176.9,173.79,175.1,81505451,179.66,73450582,0.017533118111989345,0.034920634809771006,-0.0060304287690179995,-0.015669515669515743,0.9919171396391424,1.060902472259662,1.0094580181805513,1.2772156300845592,48.586911216276945
AAPL,2024-03-04,172.04,169.62,170.12,94702355,175.1,81505451,0.017761279268989228,0.3376205776925405,-0.025381275743070256,-0.03345109295650255,0.973253590644315,0.9666075992691099,0.9873260646392215,1.4028254548642822,48.14186346762704
AAPL,2024-03-05,171.24,168.68,169.12,68568907,170.12,94702355,0.014225252762755628,0.2644628088245296,-0.028440890919474528,-0.06849915128949237,0.9589087424609661,0.9450848587539237,0.9644609125093287,1.5611607637960379,47.41679875177949
AAPL,2024-03-06,170.73,168.49,169.0,71763761,169.12,68568907,0.015137180700094621,0.7578124970397934,-0.00587820362097343,-0.06779847866828345,0.9666761931980566,0.9464700450513474,0.9643380072866959,1.1164301789453706,47.29315073258727
AAPL,2024-03-07,173.7,168.94,170.73,76267041,169.0,71763761,0.013254437869822371,0.06696428541534113,-0.0007095553453169616,-0.06500691562932227,0.9791425260718425,0.9540045611579019,0.9689911746646087,1.139865704490417,47.54285032729308
AAPL,2024-03-08,174.38,172.05,172.75,60139473,170.73,76267041,0.027880278802787976,0.36344537738771837,0.010236686390532483,-0.049704998330179266,0.9995082370297514,0.9702277105626559,0.9840221431852194,1.1821840945817634,88.57035316848543
AAPL,2024-03-11,174.03,171.01,173.23,59813522,172.75,60139473,0.013487698986975306,0.08154506402770317,0.011831546886897502,-0.0134209023415191,1.0141243601183487,0.9864213603764105,0.9998136775589905,0.9191203753252231,32.287897064736626
AAPL,2024-03-12,173.185,170.76,171.13,52488692,173.23,59813522,0.017433469953241416,0.026490066137444753,0.0027785817655571043,0.01828121326122728,1.0132423990734998,0.9945001951914022,1.0060299470938705,0.9118505410900308,31.516876779178517
AAPL,2024-03-13,174.3078,172.05,173.0,72913507,171.13,52488692,0.01417051364459774,0.6762886570049982,-0.012122611556889653,0.011885052034058603,0.9986111759488353,0.9882824456135689,0.9976058555416866,0.8014851185409386,23.13311688311684
AAPL,2024-03-14,172.62,170.285,172.62,121752699,173.0,72913507,0.013050867052022975,0.03986181220718677,0.010927365160988748,0.023668639053254437,1.0048324891965987,1.0035734174865416,1.0117095544538024,1.1070440127981949,30.69748580697484
AAPL,2024-03-15,177.71,173.52,173.72,75604184,172.62,121752699,0.01352682192098255,0.6209850080471786,-0.002196531791907488,0.011070110701107099,1.0004288711416087,1.005475302889096,1.0123556820470125,1.752764140089463,31.967905405405403
AAPL,2024-03-18,176.605,173.03,176.08,55215244,173.72,75604184,0.024119272392355503,0.4415274452469501,0.0063723786351523246,0.005615050651230095,1.0056732661803867,1.0126965990836065,0.9851116132818813,1.0940765527208358,30.888030888030883
AAPL,2024-03-19,178.67,175.09,178.67,53423102,176.08,55215244,0.02030327124034523,0.48671328535185504,0.013585079438176455,0.016452115684350416,1.015982920777797,1.0229002312098434,1.0000482758424847,0.7980784535419063,39.084219133278864
AAPL,2024-03-20,177.49,170.84,171.37,106181270,178.67,53423102,0.020036939609335558,0.8240223440669772,0.014709223080417848,0.04406007129083148,1.0220343442894895,1.0322196738169653,1.0158111081420669,0.7655760986007684,46.05761940864288
AAPL,2024-03-21,173.05,170.06,172.28,71146138,171.37,106181270,0.03880492501604718,0.854135337061451,-0.04085744668942734,-0.00942196531791905,0.9821080622607339,0.9886920902325044,0.9779215813831398,1.4650456590719958,37.28137465480208
AAPL,2024-03-22,171.94,169.45,170.85,54288328,172.28,71146138,0.017355467843046257,0.1739130428966148,0.005310147633774853,-0.0019696443054107483,0.9877081135623538,0.9930541545378563,0.985995295518151,0.9642044723821996,45.12785072563925
AAPL,2024-03-25,171.42,169.58,169.71,57388449,170.85,54288328,0.01457418788410892,0.11445783086562941,-0.008300441142326484,-0.016520838130324688,0.9827437446074202,0.9858911105340604,0.9807044885096562,0.7291091034463713,51.43757384797162
AAPL,2024-03-26,173.6,170.11,173.31,60263665,169.71,57388449,0.010842024630251457,0.15760869479560274,-0.006672519754170245,-0.036176737846433465,0.9833928240311516,0.9813059794267477,0.9777864840650937,0.7691592365298141,51.15550332941638
AAPL,2024-03-27,172.23,170.51,171.48,65671690,173.31,60263665,0.020137326178523922,0.8309455563583285,0.021212656885274846,-0.02999944030894938,1.0105303666386791,1.0008604708912514,1.0008662508662507,0.8016135891263652,57.42847294036541
AAPL,2024-03-28,52.174209,50.884158,51.847245,47369145,171.48,65671690,0.010030324236062508,0.15697674327339708,-0.010559113726847917,0.0006418859777089644,0.9997318190828212,0.9911623094752294,0.9929558502922757,0.9168514737299633,51.28821710752319
AAPL,2024-03-29,171.25,169.475,170.03,46240500,51.847245,47369145,0.024881765656015055,0.11638997127718166,-0.6976484429671098,-0.6990524436963084,0.35165110390503423,0.3221692003928039,0.3117583727870062,0.6735907447126102,8.798907844935144
AAPL,2024-04-01,169.34,168.2302,168.84,49297581,170.03,46240500,0.01043933423513501,0.6535211230787502,2.2794413666531366,-0.004799531752999668,1.1545033551383028,1.058963097004498,1.0239541172200337,0.674452211432251,49.39491465857436
AAPL,2024-04-02,170.68,168.58,169.65,47691715,168.84,49297581,0.006573086946221316,0.21625517916512507,-0.006998764923836957,-0.005126392080608123,1.14777931249338,1.0563147355445772,1.017179745081797,0.7436671646217715,49.565490471509634
AAPL,2024-04-03,171.92,168.82,168.82,53682486,169.65,47691715,0.012378426171529585,0.40952380757370377,0.004797441364605557,-0.02111822745369567,1.159053348626051,1.0674059159939462,1.0218964597550662,0.7309524836005504,49.3617965955449
AAPL,2024-04-04,170.39,168.95,169.58,42104826,168.82,53682486,0.018362753228290455,0.4741935468574407,-0.004892425582080828,-0.015512013062747824,1.1575901879633124,1.0638906309592067,1.0169520383910415,0.8343314079963159,49.27730689250294
AAPL,2024-04-05,169.2,168.24,168.45,37425513,169.58,42104826,0.008491567401816238,0.006944444396212832,0.004501836275322944,2.2707620240959767,1.0011571340858643,1.070501571365698,1.0218841433609869,0.6722379727851399,49.21162531971545
AAPL,2024-04-08,170.08,168.35,169.67,42451209,168.45,37425513,0.005699020480854732,0.6041666603732898,-0.006663521641703171,-0.009292477798035714,0.9963446660515296,1.0649817502621968,1.0163916167096283,0.6085636013207872,48.540190730299145
AAPL,2024-04-09,169.09,167.11,167.78,49691936,169.67,42451209,0.01019626333470866,0.5606936383774869,0.007242505194419703,0.004915896706941389,1.0025763144521787,1.072722014155296,1.0248535456301717,0.7001684149015336,48.26900114557505
AAPL,2024-04-10,175.46,168.16,175.04,91053075,167.78,49691936,0.011801168196447668,0.5151515125497477,-0.011139270348323136,-0.011022693781314498,0.9936041691341941,1.0644944533719625,1.0144638047644878,0.8214879334749181,49.29484928454309
AAPL,2024-04-11,178.36,174.21,176.55,101282386,175.04,91053075,0.04170475319926881,0.9178082179208077,0.04327095005364162,0.036843975832247355,1.0290175422094718,1.108053410238047,1.0577082947568892,1.4830182372793104,50.528927120013684
AAPL,2024-04-12,176.63,172.5,172.69,73498773,176.55,101282386,0.023506088926649706,0.5518072275860109,0.008626599634369398,0.04110154499351338,1.02945806948186,1.0358423149359604,1.0655674830593969,1.6775933342584723,51.09201464862935
AAPL,2024-04-15,173.76,168.27,169.38,73665235,172.69,73498773,0.02391568706931493,0.6464891025508784,-0.021863494760691098,0.025170673790442324,1.0019959848212316,1.011616395344069,1.0425945217942787,1.2195251920740482,50.565024219630445
AAPL,2024-04-16,170.65,168.0,168.0,50351210,169.38,73665235,0.03241232731137077,0.4316939882847128,-0.019167293995019992,-0.0017092002121765312,0.9831212852897475,0.9919126732684862,1.024683249546991,1.2038602777335776,49.254030258127166
AAPL,2024-04-17,168.64,166.55,167.04,43103753,168.0,50351210,0.015773809523809558,0.6075471675186938,-0.008147360963513966,0.0013112409107164076,0.9748624747580252,0.98478276161223,1.0196255941191052,0.8249258385327328,49.33831626816764
AAPL,2024-04-18,166.4,164.075,165.0,68149377,167.04,43103753,0.012511973180076479,0.4736842082598942,-0.005714285714285762,-0.04570383912248629,0.9783754656420589,0.9801781501954018,1.0151330284690043,0.7446654379196147,89.91633363712542
AAPL,2024-04-19,167.26,164.77,165.84,48071343,165.0,68149377,0.014090909090909194,0.5204301052884723,-0.012212643678160872,-0.06542056074766361,0.9796819892888102,0.9708166627441752,1.004958634920468,1.1804121820856355,41.06571936056841
AAPL,2024-04-22,167.05,164.92,166.9,49537761,165.84,48071343,0.015014471780028826,0.13052208782923644,0.005090909090909111,-0.03966645434014705,0.9927447740823218,0.9772597363567258,1.0116182239381364,0.8371488726068262,44.604316546762604
AAPL,2024-04-23,169.3,166.21,169.02,48251835,166.9,49537761,0.01276213301378085,0.7276995270999994,0.006391702846116753,-0.014641634195300448,1.0020653714066141,0.9851140938012773,1.0189574795408456,0.8686239335827767,45.09803921568628
AAPL,2024-04-24,170.61,168.1511,169.89,50558329,169.02,48251835,0.018281860134895297,0.8025889941663836,0.012702216896345144,0.006071428571428632,1.0135524106500362,0.9968975971122882,1.0332536111008643,0.8550807170860212,50.34083162917521
AAPL,2024-04-25,171.34,169.18,169.3,44812854,169.89,50558329,0.014473482841838838,0.14844035890665627,0.005147319843805325,0.01706178160919537,1.015299109544015,1.005081908052369,1.0390770890261771,0.9081154642457109,50.526315789473635
AAPL,2024-04-26,176.03,173.1,173.5,68149919,169.3,44812854,0.012758417011222661,0.2685185172753703,-0.00347283536405895,0.026060606060606128,1.0065996789345384,1.0059059094744098,0.9995660478173977,0.8067689040733534,51.47007955724667
AAPL,2024-04-29,174.99,170.0,170.33,65824776,173.5,68149919,0.016887608069164305,0.04436860053116353,0.02480803307737737,0.046189097925711506,1.0222599309458997,1.0303645768378793,1.0233150689779238,1.2031787975710937,56.005017246785854
AAPL,2024-04-30,172.705,169.11,169.3,49387185,170.33,65824776,0.029296072330182638,0.6012024036048037,-0.018270893371757854,0.02055122828040747,0.9995422750105629,1.0109685307629301,1.0041769469082635,1.1454178452449544,53.843834790473345
AAPL,2024-05-01,173.415,170.89,173.03,94211515,169.3,49387185,0.02123449497932663,0.0778859524954497,-0.006047085070157935,0.0016566086853626856,0.9931715787497652,1.0040803738761181,0.9982075894436452,0.8581212418605487,39.346696362286586
AAPL,2024-05-02,187.0,182.66,183.38,163224109,173.03,94211515,0.0145928451713576,0.20594059324380323,0.022031896042527994,0.018482547530755282,1.0113272391461903,1.0225694547044815,1.01893536771006,1.5812835534275624,43.964334705075416
AAPL,2024-05-03,184.2,180.42,181.71,78319667,183.38,163224109,0.023666703021049208,0.7523041457320209,0.0598162168410102,0.08316597755463664,1.0544655795018054,1.0720904536127076,1.0755141359905454,2.4868416051196163,64.99298737727914
AAPL,2024-05-06,184.9,181.32,182.4,77298571,181.71,78319667,0.02080237741456167,0.1703703699196565,-0.00910677282146356,0.04731988472622483,1.0350897180290515,1.052561458791909,1.0615917157170605,1.157208690162688,68.12702146427529
AAPL,2024-05-07,183.07,181.45,182.74,45057087,182.4,77298571,0.01962719298245621,0.29329608856620626,0.0037972593693247356,0.0708624434920448,1.0249263896068868,1.047156487892253,1.0616749318991408,1.1134563982137209,71.60864345738302
AAPL,2024-05-08,184.66,182.11,184.57,48948972,182.74,45057087,0.008865054175331096,0.0679012341487485,0.0018640350877193168,0.07938570584760778,1.0115581338706465,1.040909556955536,1.059043071074227,0.6512039568242074,74.00611620795117
AAPL,2024-05-09,185.09,182.13,183.05,50745096,184.57,48948972,0.013815896407866842,0.78823529102653,0.010014227864725752,0.06669363694157078,1.0087997376475732,1.042615209065335,1.0667028842069366,0.7296534560660767,80.11695906432757
AAPL,2024-05-10,187.1,184.62,186.28,71969409,183.05,50745096,0.01617044523354279,0.6249999978885099,-0.008235357858806858,-0.001799541934780151,1.0008529530766455,1.0260592709682121,1.0559348383505378,0.7860343638935849,75.94211637021417
AAPL,2024-05-13,188.3,186.29,187.43,52393619,186.28,71969409,0.013313291818767392,0.3407258050777195,0.017645452062278008,0.025149964228716046,1.013448816155989,1.0367377378547298,1.0703717111122601,1.1161179933063743,77.41935483870978
AAPL,2024-05-14,190.65,187.37,189.72,70381988,187.43,52393619,0.01072400362802123,0.03980099482685242,0.006173502254670419,0.027576754385964918,1.0141547718246453,1.0333041143619515,1.0714234675065952,0.8261590584077816,76.78207739307547
AAPL,2024-05-15,191.095,189.6601,189.84,52845230,189.72,70381988,0.017288635884461317,0.5518292666102771,0.012217894680680744,0.038196344533216534,1.0188496858385694,1.0342853716111235,1.0778228795914135,1.092551115633664,77.70326906957261
AAPL,2024-05-16,190.81,189.18,189.87,41282925,189.84,52845230,0.0075584702907711705,0.43905498335037013,0.0006325110689437305,0.02855285257625839,1.013755980861244,1.0255412939193569,1.0715646458175168,0.814169277305898,79.07701019252555
AAPL,2024-05-17,191.9199,189.01,191.04,44361275,189.87,41282925,0.008584821193448125,0.22085889435056794,0.0001580278128950755,0.03725757989620319,1.0065843883198675,1.0221198206297337,1.0642638939491607,0.6494742089811624,76.27608346709478
AAPL,2024-05-20,192.73,190.9201,192.35,42309401,191.04,44361275,0.015231888609715357,0.5893673301853388,0.006162110917996458,0.025552931071505212,1.0077012343074165,1.0232787341853513,1.063312275624078,0.6999463652322675,85.52315608919389
AAPL,2024-05-21,192.8231,190.27,190.9,34648547,192.35,42309401,0.009409409929815435,0.696171055328074,0.006857202680067014,0.026249799925305378,1.0093721794252848,1.0248336343632285,1.0630742659758203,0.6713999461993306,89.16072035338098
AAPL,2024-05-22,191.0,186.625,186.88,51005924,190.9,34648547,0.013374017810371926,0.5346441559882256,-0.007538341564855673,0.006219692177946484,1.000524109014675,1.0127052332829367,1.048719589741336,0.5558305940631078,82.90976058931871
AAPL,2024-05-23,190.58,188.0404,189.98,36326975,186.88,51005924,0.0234107448630137,0.9371428550008151,-0.021058145625982242,-0.015592077538980235,0.9825033647375505,0.9901661580196676,1.021866678331811,0.817941323180852,58.40537944284345
AAPL,2024-05-24,54.731521,52.996059,53.879202,38037578,189.98,36326975,0.013367722918201954,0.4567648430588852,0.01658818493150682,0.0005793437615209629,0.9986858013983073,1.0029087415337672,1.032977190549982,0.5865375642676813,68.58426966292136
AAPL,2024-05-27,193.0,189.1,189.99,52230051,53.879202,38037578,0.03221023949092636,0.18354939385852564,-0.7163953995157385,-0.7179690012562814,0.3309577195103873,0.305803576858518,0.3028044897653014,0.6294590801174279,9.241358780893634
AAPL,2024-05-28,192.247,189.51,190.29,53068016,189.99,52230051,0.020527396178746278,0.389743588744242,2.526221490808272,-0.01226930075383408,1.1704236339194705,1.0767666180734854,1.0618892691548698,0.874153994907806,51.235381618549354
AAPL,2024-05-29,192.18,190.63,191.29,49947941,190.29,53068016,0.014383309685217423,0.2484472040611986,0.0015790304752880831,-0.003195390256678961,1.173153481019553,1.0781185824175525,1.0573636881798065,0.8854512932253924,50.97978224140988
AAPL,2024-05-30,192.57,189.91,192.25,75158277,191.29,49947941,0.008102880443306036,0.3419354816649306,0.0052551368963161494,0.02359803082191779,1.1729405785985083,1.0828946226937954,1.0575551248010386,0.8653471583579487,51.41395340562277
AAPL,2024-05-31,194.99,192.52,194.03,50078439,192.25,75158277,0.013836150845253558,0.30451127705071074,0.005018558210047613,0.011948626171175968,1.1755545286688442,1.0868648372208725,1.0602628585699998,1.4096539609466203,51.03247328758132
AAPL,2024-06-03,195.32,193.0342,194.35,47471445,194.03,50078439,0.012729990207699835,0.45748987669032276,0.009258777633289993,2.6012040415891833,1.0128412590697917,1.095076798058112,1.0664565736407108,0.9648138853329828,51.13894589025456
AAPL,2024-06-04,196.9,194.87,195.87,54156785,194.35,47471445,0.011761255466941059,0.12468282384861712,0.0016492295005926566,0.022948576240854703,1.0099146755905677,1.095646097915024,1.0647187958697573,0.9416432103166757,50.80445743505555
AAPL,2024-06-05,196.5,194.17,194.48,41162753,195.87,54156785,0.010364016950017875,0.23152709245553088,0.007820941600205867,0.029323663881444178,1.0119447400779096,1.1011299007210782,1.0692004752424982,1.0646450585402936,51.04263352338381
AAPL,2024-06-06,196.94,194.14,196.89,53085712,194.48,41162753,0.011980666392431163,0.517167379754649,-0.0070965436258743795,0.0166762507188039,1.001462440009063,1.0886643428743377,1.0587491445794968,0.8154417628622684,50.79337326188784
AAPL,2024-06-07,197.3,192.15,193.12,97262077,196.89,53085712,0.014221138706892232,0.799999997142847,0.012392019744960904,0.02413524057217158,1.0090506549681229,1.097908279688403,1.0678463427915048,1.0492053100243497,51.002496487012394
AAPL,2024-06-10,207.16,193.63,207.15,172116296,193.12,97262077,0.02666735708367857,0.7339805810990663,-0.0191477474732083,-0.00468999639231045,0.9906536303105539,0.9992962702322309,1.0454603078340012,1.875446863734875,50.13084930552463
AAPL,2024-06-11,220.2,206.9,213.07,198109293,207.15,172116296,0.06531498913830558,0.9977827043623186,0.07264913007456504,0.0658605608438385,1.0488501382264483,1.062460250702665,1.115458067383975,2.975377250995902,52.648204991574055
AAPL,2024-06-12,216.75,211.6,214.24,97750229,213.07,198109293,0.06242080067583416,0.4285714282491941,0.02857832488534872,0.08781334558635824,1.0603557245374287,1.0802027883396705,1.1401680552489641,3.08421732128846,54.241823167536594
AAPL,2024-06-13,215.17,211.3,212.49,70108898,214.24,97750229,0.024038461538461564,0.09708737845225741,0.005491153142159928,0.10160427807486641,1.0456138295899344,1.0736425367711544,1.1389930963222212,1.4704037167615294,53.95395296137647
AAPL,2024-06-14,218.95,212.72,216.67,93689100,212.49,70108898,0.018212621770436144,0.3514211877224242,-0.00816840926064227,0.07923205850982794,1.0215177824569501,1.0541799582277036,1.1229372383708236,1.032230697702512,95.99259524391925
AAPL,2024-06-17,218.63,213.0,214.29,79943254,216.67,93689100,0.02875340379378774,0.529695023226812,0.019671513953597713,0.12194490472245227,1.0185498580320038,1.062978026129233,1.1373248195186056,1.331072248588503,82.93827160493827
AAPL,2024-06-18,51.000798,48.869953,50.184123,80820303,214.29,79943254,0.026272807877175768,0.5861456472715022,-0.010984446393132393,0.034467776973207756,1.0006444021069147,1.0411170546138262,1.1183919283310653,1.1062072742842828,78.18224518553312
AAPL,2024-06-19,214.24,208.85,209.68,86095783,50.184123,80820303,0.042460540757083685,0.09483843219549846,-0.7658121097578048,-0.7644711925658234,0.2763826048602996,0.2623891017210959,0.2718979993821168,1.0837239403535008,15.698695734953148
AAPL,2024-06-20,211.89,207.11,207.49,246421353,209.68,86095783,0.025705837466615866,0.7884972156057544,3.178213894462199,-0.02128454070201644,1.1606150876044703,1.087673653384477,1.129074238482188,1.1279274192020923,52.39277305770154
AAPL,2024-06-21,212.7,206.59,208.14,80721906,207.49,246421353,0.023037254807460467,0.6066945594002193,-0.01044448683708507,-0.023530519083250975,1.1548855499848354,1.0704276698205293,1.1120390981241792,2.8377892061433827,51.845697728234605
AAPL,2024-06-24,211.38,208.61,209.07,56280868,208.14,80721906,0.02935524166426437,0.06873977075492485,0.0031326810930646164,-0.03936862509807542,1.169609541347143,1.0655245248502014,1.0712399466998372,0.907294602303262,51.88923905708761
AAPL,2024-06-25,214.86,210.64,213.25,66213186,209.07,56280868,0.01324915100205664,0.02888086632173443,0.004468146439896257,-0.0243595128097438,1.1817684810171758,1.0692344943774827,1.070768951206547,0.6311464648957377,51.811336890839236
AAPL,2024-06-26,215.7395,212.35,214.1,49772707,213.25,66213186,0.019788980070340103,0.4146919421452771,0.01999330367819394,3.2493519314863786,1.0177734505502898,1.0905116358069677,1.0857931576565203,0.7370968594929515,52.55609411867011
AAPL,2024-06-27,216.07,210.3,210.62,82538718,214.1,49772707,0.015831387202241934,0.1740669710161776,0.003985932004689305,0.021079740557039237,1.0175371892970866,1.0949367306152624,1.0838272484326645,0.5541325972329132,52.353653916003914
AAPL,2024-06-28,217.51,211.92,216.75,60402929,210.62,82538718,0.027395309087455993,0.8925476587650859,-0.01625408687529187,0.01508506434045012,0.9980287723421597,1.0781706354793064,1.0612760379622228,0.9151653060610649,52.395214472075274
AAPL,2024-07-01,220.38,215.1,220.27,58046178,216.75,60402929,0.02579008073817764,0.8336314833029838,0.02910454847592819,0.04136638800807156,1.0187631017400052,1.109504868272664,1.0859479252077218,0.6659185643853555,51.34298884865437
AAPL,2024-07-02,221.55,219.03,221.55,37269801,220.27,58046178,0.02397058155899578,0.7803030288251843,0.01623990772779705,0.053570574448749304,1.0245211583363567,1.124082246132479,1.0964641221554041,0.6362276668891648,51.01405093195873
AAPL,2024-07-03,59.187676,54.739633,56.972338,103412340,221.55,37269801,0.011374407582938435,0.615079362638576,0.005811050074908073,0.03892145369284882,1.02257936471305,1.0396917763219642,1.0958317007260785,0.4123195832761629,51.02922447268606
AAPL,2024-07-04,226.45,221.65,226.34,59517108,56.972338,103412340,0.0780737311500189,0.043453042060400106,-0.742846589934552,-0.7338984680056048,0.30757209434270905,0.2879991035623598,0.29171730475871516,1.105978294992785,34.98717662421305
AAPL,2024-07-05,227.85,223.25,227.82,59085861,226.34,59517108,0.02120703366616587,0.977083331297746,2.9728051883705384,0.07463678662994966,1.2015301214831782,1.133364721236859,1.1502633932033564,0.6343442724879312,50.707764247573174
AAPL,2024-07-08,229.4,226.3721,228.68,48013382,227.82,59085861,0.02019137915898514,0.15869565182892048,0.006538835380401121,0.05107266435986156,1.1953378511990176,1.129643562825823,1.147665468959131,0.6428259062350131,50.99159078539557
AAPL,2024-07-09,233.08,229.25,232.98,62627687,228.68,48013382,0.01324077313276201,0.2476964224455998,0.003774910016679895,0.038180414945294394,1.189353852137278,1.1229883735375463,1.1457842449621318,0.5601798199200306,67.19642612977556
AAPL,2024-07-10,232.39,225.77,227.57,64456867,232.98,62627687,0.016439179328697796,0.9608355066296635,0.018803568305055023,0.05159106296547045,1.1974806487425274,1.1331258271817324,1.1615354786192154,0.7933924595799136,53.20235012146554
AAPL,2024-07-11,232.64,228.68,230.54,53046527,227.57,64456867,0.0290899503449487,0.5770392740528119,-0.02322087732852604,2.99439461304888,0.9951547590935728,1.09960978430689,1.1308060786109317,0.8341564973671943,52.73558059935393
AAPL,2024-07-12,237.23,233.09,234.4,62623152,230.54,53046527,0.017177062548798385,0.40909090805785453,0.013050929384365246,0.01855615445789515,1.00445280980141,1.103340761240554,1.1404497278118777,0.6941555210040486,53.032474630019415
AAPL,2024-07-15,236.27,232.33,234.82,41184278,234.4,62623152,0.017662116040955574,0.5024154577236319,0.016743298343020793,0.028882451057852747,1.0154483308351456,1.112417612270598,1.154481760708979,0.8364754895664853,53.402143359449724
AAPL,2024-07-16,231.4599,226.64,228.88,57345884,234.82,41184278,0.016778809300740983,0.04568527907186653,0.001791808873720083,0.026849746370473965,1.011884754936181,1.106768447673469,1.1507325175112353,0.5647286911956412,52.92668770234646
AAPL,2024-07-17,230.44,222.27,224.18,66034585,228.88,57345884,0.02105863334498435,0.118259714686486,-0.025295971382335396,-0.01759807708816205,0.9897855925826622,1.0750575324168574,1.0745735806416479,0.7992031560770124,51.97807614958264
AAPL,2024-07-18,226.8,223.275,224.31,49151453,224.18,66034585,0.03644392898563648,0.7466340260139123,-0.020534778049632947,-0.014896515357911791,0.9723113755833522,0.9763044320859154,1.0489370599017303,0.9333409215668583,51.808890823257805
AAPL,2024-07-19,227.78,223.09,223.96,48201835,224.31,49151453,0.01571485890062862,0.14468085065338485,0.0005798911588901572,-0.02702351001995311,0.9781613305540778,0.9777349641266162,1.045431519975836,0.8072533439885654,51.02490318433732
AAPL,2024-07-22,226.94,222.68,225.01,39960260,223.96,48201835,0.02094123950705482,0.6503198280376943,-0.0015603406000623884,-0.04453924914675767,0.9856092945473749,0.9778546229347864,1.039966373479501,0.8133784037385917,50.504587336114824
AAPL,2024-07-23,224.8,217.13,218.54,61777576,225.01,39960260,0.018932491889249326,0.15140845034880251,0.004688337203071901,-0.041776680010220606,0.9988546975158477,0.984015918483371,1.0409894902073957,0.6837214137462073,50.47343389463328
AAPL,2024-07-24,220.85,214.62,217.49,51391199,218.54,61777576,0.035096549830694684,0.7118644058515453,-0.028754277587662767,-0.0451765117091926,0.9791218637992831,0.9617949045202687,1.0098208851622166,1.061042744964897,88.96808744097457
AAPL,2024-07-25,219.49,216.01,217.96,41599345,217.49,51391199,0.028644995172191778,0.23113964649897328,-0.004804612427930736,-0.02984209117673297,0.9802940566658555,0.9614389977587494,1.0041825924863101,0.8814294589629551,38.65093613747113
AAPL,2024-07-26,219.3,215.75,218.24,36284528,217.96,41599345,0.01596623233620856,0.21264367754986782,0.0021610188974205656,-0.028309036601132334,0.9880684702981068,0.9689048920895291,1.0046502784332982,0.7394464704703041,37.019483938915215
AAPL,2024-07-29,220.325,216.12,218.8,41493840,218.24,36284528,0.016266495601173072,0.36056337926601784,0.0012846393833731012,-0.025540275049115907,0.994495279063833,0.9771692360044595,1.0055955749249619,0.6591016243895718,36.04278074866307
AAPL,2024-07-30,223.82,220.63,222.08,50036262,218.8,41493840,0.01921846435100541,0.09274672986266838,0.0025659824046920924,-0.02759877338784934,1.0027221982896897,0.9867545786224221,1.0085174697827528,0.7652319147959683,28.936423054070104
AAPL,2024-07-31,224.48,217.02,218.36,62477496,222.08,50036262,0.014364193083573475,0.20062695861872903,0.014990859232175507,0.016198407614166837,1.0144623002640307,1.0046277656893923,1.023510994644929,0.9120353068898936,41.29400570884873
AAPL,2024-08-01,225.6,217.71,219.86,105568560,218.36,62477496,0.03416376625755623,0.8056300257297194,-0.016750720461095096,0.004000183916501929,0.9966771343021982,0.9904070756321579,0.9702818954178665,1.1829396247997006,31.13382899628253
AAPL,2024-08-02,213.5,196.0,209.27,119517900,219.86,105568560,0.035886473210224624,0.08998732561471938,0.006869389998168162,0.008717195815746034,1.0017861373867716,0.9992273780848066,0.9783556718463539,1.9153181309748524,25.70187165775397
AAPL,2024-08-05,209.99,201.07,207.23,69579488,209.27,119517900,0.08362402637740718,0.5817142853818779,-0.04816701537341946,-0.041101539589442806,0.9613918060953535,0.9574901286139796,0.9350905845265677,2.055704488580963,18.134198054377634
AAPL,2024-08-06,213.64,206.39,209.82,63516417,207.23,69579488,0.04304396081648418,0.21636771276191677,-0.009748172217709277,-0.05287934186471673,0.9622492570579495,0.9559328914167624,0.9304340798477038,1.1749732020802393,20.088422216081767
AAPL,2024-08-07,214.2,208.83,213.31,46801649,209.82,63516417,0.0345534267467353,0.40275862013412433,0.012498190416445513,-0.055205331412103834,0.9854960828151127,0.9717893020735395,0.9469864509897729,1.0717832279296897,28.931924882629076
AAPL,2024-08-08,216.78,211.97,216.24,42201646,213.31,46801649,0.02517462847498934,0.03724394778911547,0.016633304737394,-0.0231269463271662,1.0066635834222126,0.9898697405484168,0.9658460605017817,0.8016779769023369,35.309829059829056
AAPL,2024-08-09,219.5099,215.6,217.53,38028092,216.24,42201646,0.022243803181650028,0.860706858917452,0.013735877361586456,-0.01646502319657966,1.0239896957011754,1.0042680463122502,0.9822929253468279,0.7296605588169434,40.35482258870565
AAPL,2024-08-12,221.89,219.01,221.27,44155331,217.53,38028092,0.01797407254171835,0.3734110837274354,0.005965593784683648,0.03947054045013614,1.0221025626568183,1.0105923344947736,0.9919537425699232,0.6717840388634005,40.710382513661216
AAPL,2024-08-13,223.03,219.7,221.72,41948574,221.27,44155331,0.013015772585528971,0.7847222194975002,0.01719303084632009,0.06775080828065445,1.0261368800838457,1.0267892360450492,1.0121353783100124,0.7779829593954982,53.63709032773783
AAPL,2024-08-14,225.35,222.76,224.72,46398713,221.72,41948574,0.015018942810752356,0.34534534430827263,0.0020337144664888535,0.05671527976360693,1.0169989083269884,1.0290493407159533,1.0158573071442643,0.7492649568077026,55.72705117790413
AAPL,2024-08-15,226.8271,223.6501,226.05,44338440,224.72,46398713,0.011525453898184422,0.04633204615315982,0.013530579108785856,0.053490225493413326,1.0200820713948506,1.0399033767243415,1.0294750923100884,0.8435438206499589,58.56563608717687
AAPL,2024-08-16,225.99,223.04,225.89,40687813,226.05,44338440,0.014054412740544094,0.67044381280944,0.005918476326094752,0.04536625971143175,1.0170612531382448,1.0430701932483066,1.0351554450412828,0.8096295984905468,59.63959516168847
AAPL,2024-08-19,227.17,225.45,226.51,30299033,225.89,40687813,0.01305945371641072,0.05762711844871706,-0.0007078080070781907,0.03843148071530357,1.0087527352297592,1.0343990695033383,1.0339658396252107,0.7481006096870562,58.83819496384937
AAPL,2024-08-20,227.98,225.05,226.4,34765480,226.51,30299033,0.007593483731402582,0.43023255563817187,0.0027446987471778502,0.02368147512089294,1.0068095547120164,1.0281608308443713,1.036447954535575,0.5620810601259842,55.91455273698261
AAPL,2024-08-21,228.34,223.9,224.53,43673321,226.4,34765480,0.01294169611307411,0.04095563125953895,-0.0004856297735198677,0.021107703409705966,1.0021512610993564,1.0199852228289272,1.0340850699400514,0.6615130277459851,61.87943262411344
AAPL,2024-08-22,228.22,224.33,226.84,38647250,224.53,43673321,0.019774640359862813,0.7342342325805519,-0.008259717314487653,-0.0008454966180135178,0.994040978235846,1.0064728400706453,1.0238976330376057,0.8371572941149706,56.825489622917246
AAPL,2024-08-23,227.28,223.8905,227.18,30599408,226.84,38647250,0.017148651031564037,0.3036246778827178,0.010288157484523237,0.003494802034947985,1.0035658352283288,1.0120189519331149,1.0323414499837305,0.742916441501553,83.8796760509062
AAPL,2024-08-26,228.85,224.89,228.03,35934559,227.18,30599408,0.014919887314024114,0.1239120810623677,0.0014988538176688565,0.005710744167515253,1.0039241334205362,1.0091910213183721,1.0317898269828618,0.5914445048679835,91.16797358646302
AAPL,2024-08-27,229.86,225.68,226.49,37737167,228.03,35934559,0.017366136034732308,0.5138888875911878,0.003741526542829449,0.006710520506820936,1.0063284435735846,1.0099341414696152,1.0334841054740258,0.6983174662490389,90.48465984882165
AAPL,2024-08-28,232.92,228.88,229.79,51906297,226.49,37737167,0.018455560951918436,0.3421052623394554,-0.006753497346840293,0.0003975265017667995,0.9994528140362027,1.00099883322137,1.0254796536306525,0.7422174285485413,82.08373904576435
AAPL,2024-08-29,230.4,227.48,229.0,52988670,229.79,51906297,0.017581269855085045,0.07673267307739509,0.014570179698882878,0.02342671357947709,1.0093294563088033,1.0133129897561857,1.0377358490566035,1.0316214245544277,82.40076518412239
AAPL,2024-08-30,51.676427,50.930739,51.223907,130230227,229.0,52988670,0.012751091703056838,0.40753424517967424,-0.003437921580573533,0.009522130135778507,1.0039544406351655,1.0085173473791762,1.0320382530161205,1.1111936086649559,78.09897109260167
AAPL,2024-09-02,229.0,221.17,222.77,50175516,51.223907,130230227,0.014557421400909426,0.17420556353051697,-0.7763148165938865,-0.7745228145083194,0.26553709842779016,0.24438957970692227,0.23937669658772465,2.7006460630694527,6.27423251954977
AAPL,2024-09-03,221.78,217.48,220.85,43840196,222.77,50175516,0.03514835929433951,0.7381864613816255,3.3489458935648937,-0.023067140288558483,1.1611386402486605,1.0647369291780704,1.0372699403270877,1.061877923509139,50.143622274010255
AAPL,2024-09-04,225.48,221.52,222.38,36615398,220.85,43840196,0.019470228661987825,0.1883720925851812,-0.00861875476949327,-0.02490176166718184,1.1579391125823297,1.058367692987695,1.025696065012394,0.947530043046655,49.46908072378186
AAPL,2024-09-05,225.24,219.77,220.82,48423011,222.38,36615398,0.01780735677668846,0.1906565651751095,0.006927779035544493,-0.03224683406588623,1.1750918485300963,1.0667989887584135,1.030631150533575,0.8001869106161742,49.49679454836592
AAPL,2024-09-06,221.27,216.71,220.91,67179965,220.82,48423011,0.02477130694683452,0.5722120647674361,-0.007015019336271258,-0.03572052401746728,1.1770237957528784,1.0623834389053342,1.022316256706702,1.0510832508451426,49.307494710748415
AAPL,2024-09-09,221.48,216.73,220.11,51591033,220.91,67179965,0.02064189036259111,0.019736842061981348,0.00040757177791868223,3.312634723470039,0.9971292643514214,1.0660321750225803,1.021933354606796,1.4135050859472293,49.23399358326273
AAPL,2024-09-10,223.09,217.89,222.66,44587072,220.11,51591033,0.021580119031393393,0.2505263152620554,-0.0036213842741387122,-0.011940566503568686,0.9959097613725829,1.066246758854604,1.0185058154735145,1.0770794625434332,49.14123171117765
AAPL,2024-09-11,223.55,219.82,222.77,37497490,222.66,44587072,0.02335399263451009,0.23173076878512933,0.011585116532642692,0.008195607878650679,1.0058000867302688,1.0806042087052994,1.0300813007812262,0.9282991905187707,49.74516368785004
AAPL,2024-09-12,224.04,221.91,222.5,36766619,222.77,37497490,0.01674372671365093,0.07238605878717114,0.0004940267672685424,0.0017537548340678783,1.0059425433724385,1.0848339955653932,1.0310552558703867,0.7879963553800774,49.44201047371841
AAPL,2024-09-13,217.22,213.92,216.32,59357427,222.5,36766619,0.009573033707865148,0.5070422511406537,-0.001212012389460027,0.007608006521148478,1.0032012263853196,1.086959757130337,1.0306523162464305,0.7788337290482842,49.35825741943691
AAPL,2024-09-16,216.9,214.5,216.79,45519339,216.32,59357427,0.015255177514792953,0.06666666646464589,-0.027775280898876435,-0.02077769227287132,0.9793907783693724,0.9778987292560429,1.0042515636638922,1.2329973760414665,48.41740582644302
AAPL,2024-09-17,222.71,217.54,220.69,59894928,216.79,45519339,0.011070621338622657,0.4333333315277735,0.0021727071005917106,-0.015083367407205586,0.9844783114146625,0.9826799207655103,1.0087093819439146,0.9308320926957816,48.68525271500329
AAPL,2024-09-18,229.82,224.63,228.87,66781315,220.69,59894928,0.02342652589605336,0.6073500955370359,0.017989759675261802,-0.00884757028653552,1.0039851874766847,1.0004306534599607,1.0282217238157607,1.1941193001856776,48.76858018318146
AAPL,2024-09-19,233.09,227.62,228.2,317079888,228.87,66781315,0.022676628653820936,0.7475915207175495,0.03706556708505146,0.027382502132243993,1.0354515594885854,1.0344687313554266,1.0652563394477255,1.3014338748676306,49.98275323100573
AAPL,2024-09-20,229.45,225.81,226.47,54090023,228.2,317079888,0.02397020157756354,0.3235831803956451,-0.0029274260497226196,0.025617977528089836,1.0271228856661896,1.0280112801938897,1.0618018196611003,4.860558676640846,94.29361149834878
AAPL,2024-09-23,229.35,225.73,227.37,43556068,226.47,54090023,0.016072769020179213,0.23901098835436757,-0.00758106923751091,0.04692122781065092,1.0101068669604467,1.017668892503752,1.0539263135837094,0.8144884836060433,56.174899866488616
AAPL,2024-09-24,227.29,224.02,226.37,42308715,227.37,43556068,0.015921185732506508,0.3522099437784267,0.003974036296198197,0.04880298906776149,1.0046394485683987,1.0183907840045867,1.0582771772991888,0.6521259549550988,61.264685556323435
AAPL,2024-09-25,228.5,225.41,227.52,36635707,226.37,42308715,0.01444537703759324,0.440366971130378,-0.004398117605664775,0.025737459785219116,0.9952254501969613,1.0122297493683905,1.0536521746998864,0.6312900028542978,57.02217529039072
AAPL,2024-09-26,229.52,227.3,227.79,34003467,227.52,36635707,0.013581223628691998,0.07119741077282347,0.00508017846887841,-0.005898545025560337,1.0014701610134427,1.0152157422694215,1.0595646756223092,0.55294230729944,61.96428571428574
AAPL,2024-09-27,233.0,229.65,233.0,54793391,227.79,34003467,0.009745818517055178,0.30180180044234156,0.0011867088607594137,-0.0017966695880806162,1.0030206425250106,1.0140269499062942,1.0611210408116898,0.5206737213192045,62.20723917672107
AAPL,2024-09-30,229.65,223.74,226.21,63235048,233.0,54793391,0.014377682403433453,0.8835820869146842,0.022871943456692603,0.028833841126860073,1.0200954424061994,1.029574869535631,1.0413035511579476,0.8904451742974228,69.7760049094814
AAPL,2024-10-01,227.37,223.02,226.78,32880605,226.21,63235048,0.026126165951991496,0.5600676809474328,-0.02914163090128752,-0.005101816422571124,0.9913751544846569,0.9954279226751275,1.0101817532264548,1.0168400058500215,54.81944067336411
AAPL,2024-10-02,226.805,223.32,225.67,34044158,226.78,32880605,0.019181585677749337,0.20459770067908942,0.0025197825029839227,0.0018111940628174961,0.9935161657758697,0.9952689833141692,1.011388038434351,0.5334311828425204,55.37677661571465
AAPL,2024-10-03,228.0,224.13,226.8,37345098,225.67,34044158,0.015442903354455683,0.15208034389646932,-0.004894611517770587,-0.008131153305204038,0.9902584580279958,0.9917903822658193,1.005699872098257,0.5534621805919027,54.15683189089953
AAPL,2024-10-04,225.69,221.33,221.69,39505354,226.8,37345098,0.017063492063492083,0.284237725363725,0.005007311561129189,-0.004346108257605605,0.9960824271384151,0.9973702495184655,1.0093907160977347,0.6126428903972458,65.84038694074971
AAPL,2024-10-07,225.98,223.25,225.77,31855693,221.69,39505354,0.01966710271099276,0.6444954113658389,-0.022530864197530923,-0.04854077253218885,0.9834094840970589,0.9769522298607439,0.9864770456861376,0.6631348331849588,56.495227995758206
AAPL,2024-10-08,229.75,224.83,229.54,33591091,225.77,31855693,0.012091951986534923,0.5384615364891535,0.018404077766250224,-0.0019450952654612868,1.0018993352326686,0.9956341506438526,1.0033687092243968,0.5437343361075001,56.70184696569921
AAPL,2024-10-09,229.5,227.17,229.04,28183544,229.54,33591091,0.021434172693212458,0.8760162583820835,0.01669840988616726,0.012170385395537485,1.0161403135984133,1.0108465410411447,1.0185661797333996,0.5787868048034788,51.00029859659598
AAPL,2024-10-10,229.41,227.34,227.55,31759188,229.04,28183544,0.010172895564093664,0.5407725298679222,-0.002178269582643548,0.014933309700004452,1.0109106316867342,1.007969933415189,1.0149355584161792,0.48954093138291427,51.260504201680675
AAPL,2024-10-11,231.73,228.6,231.3,39882085,227.55,31759188,0.00909690177982858,0.8454106239352172,-0.0065054139015018365,0.0033068783068783067,1.0036697571432354,1.0015184524988447,1.0072060268588274,0.5540584898721681,51.6324062877872
AAPL,2024-10-14,237.49,232.37,233.85,64748367,231.3,39882085,0.01353220925205359,0.8306709238636797,0.016479894528675015,0.04334882042491774,1.0116340097970609,1.0187856497896801,1.0204216684092804,0.7077913374640684,55.46896743668245
AAPL,2024-10-15,232.12,229.84,231.78,34082240,233.85,64748367,0.021894376737224736,0.04687499990844345,0.01102464332036309,0.03578863445098987,1.0156087137794454,1.0265628909696705,1.0278036602732017,1.129817673111865,59.97865528281749
AAPL,2024-10-16,233.85,230.52,232.15,32974310,231.78,34082240,0.009836914315298996,0.0789473680747952,-0.00885182809493262,0.009758647730243136,1.0046639850197654,1.0152475481714767,1.0162290614854097,0.6084152988378849,55.54687499999999
AAPL,2024-10-17,236.18,234.01,235.0,45831472,232.15,32974310,0.014344174025414535,0.3843843832300791,0.0015963413581845049,0.01357841425078595,1.0035620725729058,1.0139901374553935,1.0171199491768625,0.6069520481466343,55.66233766233768
AAPL,2024-10-18,236.85,234.45,236.48,36254470,235.0,45831472,0.009234042553191556,0.543778799337424,0.012276545337066527,0.03274005713030098,1.0093807985705452,1.0227752462277002,1.0280752026073738,1.1242770968546636,52.767017155506366
AAPL,2024-10-21,236.22,232.6,235.86,38846578,236.48,36254470,0.010148849797023029,0.8458333298090263,0.0062978723404254885,0.02239515780371802,1.0112378769478132,1.0226339050188975,1.0322896068237275,0.9092371317343144,66.65585468699317
AAPL,2024-10-22,235.144,227.76,230.76,52286979,235.86,38846578,0.015348087848723838,0.5455801089901158,-0.002621786197564175,0.00859525336754338,1.0068558060908246,1.0155217325784158,1.0276788340250322,0.9800330372380108,64.70207253886014
AAPL,2024-10-23,230.82,228.41,230.57,31109503,230.76,52286979,0.03199861327786451,0.4496208011245676,-0.021622996692953544,-0.004400724825265382,0.9859431745353556,0.9930414800087787,1.0044966416659773,1.3027145584315158,57.2985374247204
AAPL,2024-10-24,233.22,229.57,231.41,38602304,230.57,31109503,0.010452357201717468,0.2448132769924778,-0.0008233662679840429,-0.006805944432479055,0.9864632445429419,0.9915709800885906,1.0030037476155986,0.7804568417524629,55.555555555555536
AAPL,2024-10-25,234.73,232.55,233.4,36087134,231.41,38602304,0.01577287066246059,0.45753424532181985,0.0036431452487314196,-0.015276595744680866,0.9931077694235588,0.9935341496505178,1.0058658483312,0.9628773111676509,66.38570465273098
AAPL,2024-10-28,234.325,232.32,233.67,35413047,233.4,36087134,0.009340188517566317,0.03669724753809212,0.008599455511862102,-0.013024357239512788,1.004302925989673,1.001175330079013,1.0144275590499847,0.9216420228668097,63.837504533913695
AAPL,2024-10-29,233.47,229.55,230.1,47060257,233.67,35413047,0.008580476740702682,0.2842892753900757,0.0011568123393315415,-0.009285169168150708,1.007363275019184,1.0024108996688228,1.0139572625280153,0.9377421889499942,58.57914416285834
AAPL,2024-10-30,229.83,225.37,225.91,64370086,230.1,47060257,0.017036071273359356,0.6403061208155526,-0.01527795609192448,-0.0028601144045761685,0.9925376353362378,0.9878080192324203,0.997747371753039,1.2231976021839817,51.95283714075167
AAPL,2024-10-31,225.35,220.27,222.91,65276741,225.91,64370086,0.019742375282192057,0.7690582942397798,-0.018209474141677524,-0.02021078197510516,0.9783973875910575,0.9724254894195837,0.9795279482637886,1.6096771047556555,47.25201072386056
AAPL,2024-11-01,222.79,219.71,222.01,44344468,222.91,65276741,0.022789466600870237,0.38287401499434237,-0.013279624629277146,-0.0367313426386068,0.9725652056300665,0.9645315806098474,0.9673359746915643,1.577265405295783,35.57923685115155
AAPL,2024-11-04,223.95,221.14,223.45,28111338,222.01,44344468,0.013873248952749806,0.3311688300936035,-0.0040375039253510644,-0.04880034275921172,0.9783624184734708,0.9666898894017245,0.9633634623979725,1.0652563561888222,28.425655976676353
AAPL,2024-11-05,226.065,221.19,222.72,54561121,223.45,28111338,0.012575520250615362,0.5889679694342776,0.0064861943155713605,-0.043736893910215256,0.993658727476476,0.9782461178798613,0.9701003312537716,0.6783499610568194,34.46475195822451
AAPL,2024-11-06,227.875,224.57,227.48,42137691,222.72,54561121,0.02188846982758621,0.022564102517814193,-0.003266950100693622,-0.03207301173402866,0.9969561324977618,0.9784943874524967,0.9683646672116036,1.2841155375597302,32.64630106735366
AAPL,2024-11-07,228.66,226.405,226.96,38328824,227.48,42137691,0.014528749780200488,0.8638426600186255,0.021372126436781567,0.00694967022265501,1.0168339934022903,1.0007654879325667,0.9893962195217426,0.9757038297544148,37.070151306739994
AAPL,2024-11-08,225.7,221.5,224.23,42005602,226.96,38328824,0.00993567148396191,0.09312638539632644,-0.00228591524529621,0.018168767664079724,1.0108496196397714,1.000436390565148,0.9872612157632942,0.8808095363691022,33.07254623044098
AAPL,2024-11-11,225.59,223.355,224.23,40398299,224.23,42005602,0.018730767515497432,0.18333333289682832,-0.012028551286570401,0.009999549569839191,0.9967195334447566,0.9924140494989908,0.9768880562877124,0.9629535914646521,30.764141581210666
AAPL,2024-11-12,226.65,222.76,225.12,48566217,224.23,40398299,0.009967444142175506,0.14317673314015764,0.0,0.003490713806220636,0.9960288552086851,0.9965777777777778,0.9789394640565109,0.9526974254239502,37.00756068444088
AAPL,2024-11-13,228.87,225.0,228.22,44923941,225.12,48566217,0.01727967306325522,0.28534704296826197,0.003969138830665009,0.010775862068965542,0.9978546479672347,1.0027527594408958,0.9842559275274245,1.1260864019633243,39.45025164537362
AAPL,2024-11-14,226.92,224.27,225.0,47923696,228.22,44923941,0.0169573218823942,0.8268733828762923,0.013770433546552925,0.003253033233690914,1.0109323505439598,1.0155161903236287,0.9986675389290864,1.0274011522111854,44.32182271270915
AAPL,2024-11-15,229.74,225.17,228.02,44686020,225.0,47923696,0.011777777777777677,0.5283018847988675,-0.014109192884059237,-0.008635882974973598,0.9984025559105432,1.000257844244294,0.9867360744130563,1.093389059142557,35.67530695770802
AAPL,2024-11-18,230.16,226.66,228.28,36211774,228.02,44686020,0.02004210157003781,0.6061269133345137,0.013422222222222268,0.016902287829460915,1.0084115373389115,1.0109823847337316,1.0018387400786022,1.0098080939962562,41.19114437168697
AAPL,2024-11-19,229.93,225.89,229.0,35075316,228.28,36211774,0.015332048361661119,0.3714285703673502,0.0011402508551881015,0.018061811532801193,1.0059578368469293,1.009972304071213,1.0046540285403074,0.8207517472457959,46.83588317107094
AAPL,2024-11-20,230.155,225.7103,228.52,42108327,229.0,35075316,0.017641921397380002,0.23267326675080702,0.0031540213772559963,0.017235252309879157,1.00569159962056,1.0103505784146762,1.0082131952653606,0.8108087012995969,56.109134045077106
AAPL,2024-11-21,230.7199,228.06,229.87,38168252,228.52,42108327,0.0194499387362157,0.08099534258555827,-0.0020960698689955885,0.0013145210761546374,1.003319225162888,1.0077703983982926,1.0065541421473625,0.961166439414207,62.318840579710184
AAPL,2024-11-22,233.245,229.74,232.87,90002832,229.87,38168252,0.011571322921651339,0.6804767070924621,0.005907579205321172,0.021644444444444466,1.0049488934938664,1.012424630806566,1.0128439558502786,0.8716619298699511,66.92506459948325
AAPL,2024-11-25,235.57,233.33,235.06,45986189,232.87,90002832,0.015051316184995901,0.4022824524899212,0.013050854830991429,0.021270064029471073,1.0137653020356279,1.0217495272318826,1.026182255644399,1.9362238078829728,69.00726392251822
AAPL,2024-11-26,235.69,233.8101,234.93,33498439,235.06,45986189,0.00952948183442517,0.7723214251235672,0.009404388714733532,0.029700367969160684,1.0172939099124052,1.0264808118919106,1.0355157314161356,0.9781725321150218,73.51371951219514
AAPL,2024-11-27,54.252918,50.968883,52.379192,43302374,234.93,33498439,0.008001958030051472,0.24735358132159666,-0.0005530502850335891,0.02589519650655025,1.0115392895586652,1.021536936302326,1.0338431478682184,0.7229734536823111,67.23739009717728
AAPL,2024-11-28,237.81,233.97,237.33,28481377,52.379192,43302374,0.06269732072232047,0.21376020592423386,-0.7770434086749245,-0.7707894626290914,0.26585475206894627,0.24661458676349327,0.23965264789542132,0.9563060754633573,7.135112133320547
AAPL,2024-11-29,240.79,237.16,239.59,48137103,237.33,28481377,0.016180002528125407,0.657552081620959,3.53099772902186,0.032453125679732055,1.1955337819914926,1.110960696570756,1.0822953052878017,0.6556319665060268,51.6974997585663
AAPL,2024-12-02,242.76,238.9,242.65,38861017,239.59,48137103,0.015150882758044975,0.6391184555396175,0.009522605654573761,0.028857302357538535,1.1988021181359878,1.1154983873596593,1.0882393679449793,1.1032842154674969,51.97876121385623
AAPL,2024-12-03,244.11,241.25,243.01,44383935,242.65,38861017,0.01590768596744276,0.7357512934306999,0.012771818523310665,0.03228962818003915,1.204960843008463,1.122237030231949,1.0973532573864846,0.8798411282158842,52.24575667031494
AAPL,2024-12-04,244.54,242.13,243.04,40033878,243.01,44383935,0.011769063001522627,0.04895104877988644,0.001483618380383207,0.034393223513386896,1.1971417270537907,1.1166665451709936,1.0939622719985405,1.0165960685006585,51.908132928543885
AAPL,2024-12-05,244.63,242.08,242.84,36870619,243.04,40033878,0.009916063199473324,0.39419086973365547,0.0001234517098061855,3.640010483552323,1.0079461190093062,1.1094022980454261,1.0902788009235047,0.9191743855638936,52.346748380826874
AAPL,2024-12-06,247.24,241.75,246.75,44649232,242.84,36870619,0.01050074122879255,0.025490195978469098,-0.0008229098090848776,0.02321661821092989,1.0025348228513868,1.1019652812941632,1.0855151160536798,0.8479657374973032,51.94212103981862
AAPL,2024-12-09,248.21,245.34,247.77,36914806,246.75,44649232,0.022249240121580582,0.8961748617555976,0.016101136550815336,0.029884385825785703,1.012689917835655,1.1126998345319972,1.0974692356756701,1.0237493329135177,52.39750804960407
AAPL,2024-12-10,250.8,246.2601,246.49,45205814,247.77,36914806,0.011583323243330525,0.3066202079908782,0.004133738601823749,0.021100350298784275,1.0126204624778283,1.110932164710952,1.0962669953617015,0.8498026872792181,52.43455359610207
AAPL,2024-12-11,248.74,245.68,247.96,32777532,246.49,45205814,0.018418191407359393,0.3237956776056822,-0.005166081446502809,0.01432039833751705,1.0045317836154832,1.0994941179790119,1.0854718970458324,1.04470790841236,52.325962984399844
AAPL,2024-12-12,249.2902,246.24,248.13,33081590,247.96,32777532,0.012340700112921448,0.34967320147166303,0.005963730780153349,0.020243581303489203,1.0064863899465015,1.0173010096700212,1.087219793761859,0.7682727449657669,52.34076814088321
AAPL,2024-12-13,251.38,247.65,251.04,51694753,248.13,33081590,0.012292749768266593,0.10327191625705844,0.0006855944507178072,0.021783890627573677,1.002869614420823,1.0135077178206295,1.0824761041338715,0.7891257816129282,51.98914642457734
AAPL,2024-12-16,253.83,249.78,253.48,51356360,251.04,51694753,0.01485818992989161,0.8176943677809779,0.011727723370813672,0.017386018237082034,1.0111246264268279,1.0206205685292395,1.0896993995622613,1.2229002070612127,52.07909612329083
AAPL,2024-12-17,254.28,247.74,248.05,56764701,253.48,51356360,0.015977591920467143,0.8395061707666435,0.009719566602931795,0.02304556645275852,1.016277764413439,1.0260229669177618,1.0943056837572378,1.1935155002340865,52.39904845487105
AAPL,2024-12-18,252.0,247.0949,249.79,60559114,248.05,56764701,0.026365652086272895,0.6284403660115576,-0.02142180842670025,0.0063288571544484655,0.9932647798439926,1.001999555654299,1.0664782494613707,1.2867741980930683,96.70152592088911
AAPL,2024-12-19,255.0,245.69,254.49,147495267,249.79,60559114,0.019636894991793125,0.4668610212495932,0.007014714775246848,0.007380222616550992,0.99876848275476,1.006284494219071,1.0690710018573322,1.344667538116201,73.70624048706244
AAPL,2024-12-20,255.65,253.45,255.27,40858774,254.49,147495267,0.03658296986129122,0.6928034364201913,0.01881580527643227,0.025631725305283577,1.0124119823367945,1.020429439242968,1.0834780955265508,2.9205337308649844,75.94011142061288
AAPL,2024-12-23,258.21,255.29,258.2,23234705,255.27,40858774,0.008618325694362898,0.22727272623966768,0.0030649534362843377,0.016849904397705617,1.0121086687601104,1.020072168697327,1.0816412694709052,0.8504157891009794,73.86535552193652
AAPL,2024-12-24,58.307311,56.532621,57.306634,79070749,258.2,23234705,0.01130906274206037,0.9280821886024553,0.01147804285658314,0.01862079848508758,1.0199083583504502,1.027498109753671,1.088718959115051,0.4953242639840465,76.18062736987251
AAPL,2024-12-25,260.1,257.63,259.02,27262983,57.306634,79070749,0.03096831686188373,0.31625072369680757,-0.7780533152594887,-0.7689714412416851,0.26652844225879174,0.24661627481382484,0.2510384744587406,1.6075640999185044,9.600938283559117
AAPL,2024-12-26,258.7,253.06,255.59,42355321,259.02,27262983,0.009535943170411657,0.33603238730350243,3.519895549963726,0.03695103887265299,1.1944258643328438,1.1093994869917823,1.0855355598166665,0.5634627122727038,51.875347431872335
AAPL,2024-12-27,253.5,250.75,252.2,35557542,255.59,42355321,0.022066591024687922,0.3971631198631835,-0.013242220677939846,0.004322370230657371,1.1774145359523565,1.091221938423494,1.0670776754229663,0.8630132621047596,51.02574401181553
AAPL,2024-12-30,253.28,249.43,250.42,39480718,252.2,35557542,0.01090404440919905,0.0109090908694219,-0.013263429711647618,-0.0120264817644064,1.1650934305052913,1.07621559381313,1.0501602169523077,0.733910360225339,50.51122062100487
TSLA,2020-01-29,43.392,41.2,42.7207,435084870,38.7327,273250080,0.038502350726905235,0.23697445023151312,0.02485625759063112,0.02006810514422964,1.0218162209733936,1.0404507934040694,1.1161295401855607,0.8879239627672797,66.86014439921604
TSLA,2020-01-30,43.5333,42.168,43.3713,235788840,42.7207,435084870,0.05131002066913698,0.25520072876277206,0.10296209662636478,0.11990552262712102,1.1004664025796653,1.121995450078342,1.206645117388702,1.3498292417953877,73.09505023066937
TSLA,2020-01-31,52.4093,44.9013,52.0,708244425,43.3713,235788840,0.03147934233006615,0.5160770488824653,0.015229151207728272,0.15181637352043703,1.08526303515226,1.1118153679122105,1.201541130192116,0.7350727348377398,69.94099790743965
TSLA,2020-02-03,64.5993,55.592,59.1373,913961370,52.0,708244425,0.14438461538461544,0.9439664345445301,0.19894953575290578,0.39780061449465465,1.2114547708020762,1.2933026323185384,1.3981780605196157,2.0318766336378173,78.04624088927716
TSLA,2020-02-04,56.3987,46.9407,48.98,726357555,59.1373,913961370,0.15231165440424232,0.03034205585431655,0.1372557692307693,0.5647561869431883,1.2531106703621768,1.3923546960683373,1.5326663867155061,2.401320260589357,85.49198695151702
TSLA,2020-02-05,53.0553,45.8,49.9307,598211280,48.98,726357555,0.19309922417313188,0.6242334525013395,-0.17175792604667453,0.2645645668905084,0.99468216675812,1.1240699686508866,1.243364250921537,1.8457667227892287,66.59327085049972
TSLA,2020-02-06,51.3167,48.6667,49.8713,255952815,49.9307,598211280,0.14530739605092668,0.45062230307413603,0.019409963250306347,0.1687706428031376,0.9851400426092253,1.1157149816098426,1.2394305984236298,1.4877570152303257,67.5899422362469
TSLA,2020-02-07,54.666,50.16,51.4187,370064445,49.8713,255952815,0.0531367740564212,0.4407547153179067,-0.001189648853310762,0.14986869196911323,0.9593612325056275,1.0847751309113483,1.2109115961595487,0.6317414392666253,62.542815518435134
TSLA,2020-02-10,52.2337,50.5333,51.6253,175461795,51.4187,370064445,0.08763348742772571,0.4249001322128271,0.031027865726379767,-0.011178846153846131,0.9913452714218511,1.0848834068985307,1.2240705014064037,0.9167233658146365,70.04500454876029
TSLA,2020-02-11,52.65,50.8913,51.1527,179260800,51.6253,175461795,0.0329373388629219,0.21912491049679844,0.004017993453743515,-0.12702642832865213,1.0250192593298548,1.0583552690923106,1.2063529915836912,0.44913842528788867,68.97589691707338
TSLA,2020-02-12,54.5333,49.0,53.6,394340220,51.1527,179260800,0.0343813718532941,0.4010348530105456,-0.00915442622125198,0.044358922008983385,1.006948067057036,1.022628586508013,1.17258638292225,0.46368608147886164,67.92674925707229
TSLA,2020-02-13,54.198,52.3667,53.3353,235405665,53.6,394340220,0.10323320895522382,0.7489201728644388,0.04784302685879725,0.07348785416587389,1.040098110747163,1.0487445099888022,1.2020042802430548,1.0110924590857822,70.85405184838362
TSLA,2020-02-14,28.898642,28.269078,28.423733,122479856,53.3353,235405665,0.03433560887442273,0.46633538761352367,-0.004938432835820986,0.06945878691752569,1.0212325567146117,1.0236093835674145,1.1707303740185602,0.601184142193804,71.20550969980546
TSLA,2020-02-17,57.3333,55.4907,57.2267,250356660,28.423733,122479856,0.02214923704778674,0.15570934558346275,-0.467074657871991,-0.4472101978463089,0.5967936326812302,0.5713599902409574,0.6319569942644641,0.33781043999885535,42.48770721236046
TSLA,2020-02-18,62.9853,60.068,61.1613,381344370,57.2267,250356660,0.03219825710725945,0.6078367491162674,1.0133421602292705,0.10850106440059425,1.1739367340562168,1.1547781920822393,1.2436624364119861,0.6920996174566953,60.248807167191345
TSLA,2020-02-19,60.8,57.3293,59.9607,264523395,61.1613,381344370,0.04769846291690995,0.13896411017391372,0.06875461978412167,0.19566122609363715,1.2051628599732238,1.2045655142905947,1.2964993006403003,1.0673522671209141,60.22526637892978
TSLA,2020-02-20,60.8707,58.6967,60.0667,215091690,59.9607,264523395,0.05788291330821677,0.24087359829177518,-0.019630060185116968,0.118669776119403,1.1526127906393313,1.1580438436654197,1.242325511604615,0.7435265516782289,59.14301307336123
TSLA,2020-02-21,57.5667,54.8133,55.586,227882445,60.0667,215091690,0.036193098671976315,0.18334866520998863,0.0017678245917741877,0.12620909603958355,1.125522694604168,1.1376890940740125,1.21628243588443,0.6045705829616169,54.90680948878305
TSLA,2020-02-24,57.1067,52.4667,53.3273,259357215,55.586,227882445,0.049534055337674944,0.12613495995447616,-0.07459540810465698,0.955619270698891,0.9453356344561624,1.0445778119544318,1.1049857384510546,0.6383904651621534,47.767669518385624
TSLA,2020-02-25,54.2207,51.7407,51.92,212307645,53.3273,259357215,0.08700984298848795,0.7053232743419768,-0.04063433238585251,-0.06813952228592597,0.9191129326926393,0.9989370737678835,1.043966637526033,0.7182003331437204,53.03396660764973
TSLA,2020-02-26,49.318,44.6,45.2667,364157400,51.92,212307645,0.04776579352850547,0.09947580605049942,-0.026389860352952415,-0.15109718073356837,0.924301619984569,0.9711793675083261,1.003463676561632,0.5929157754639139,51.379533998366774
TSLA,2020-02-27,46.0347,40.768,44.5327,368462520,45.2667,364157400,0.10422672737354383,0.7206443392949465,-0.1281452234206472,-0.24506051463708733,0.8503449154233043,0.8601348870770624,0.8727273921911675,1.0271626484682488,47.074376409361314
TSLA,2020-02-28,49.5793,45.778,49.5747,302924865,44.5327,368462520,0.1182659034821603,0.48468680485942495,-0.016215010150949855,-0.2586125090940571,0.888405623049187,0.8605821063114754,0.8576159468178162,1.0202162971512267,45.579149063620626
TSLA,2020-03-02,53.7987,47.7407,49.7007,386759910,49.5747,302924865,0.07667822498169438,0.5675426812733994,0.11322017304138311,-0.1081441370129169,1.0132944215019617,0.9203973541409685,0.9569501724843393,0.8886158113502779,48.760462474074345
TSLA,2020-03-03,51.1013,48.3156,49.9667,225734655,49.7007,386759910,0.1218896313331603,0.6546715076680895,0.0025416190113101574,-0.06800644322889034,1.0311571038047294,0.9358124545280633,0.9682005787784527,1.2296239002619025,49.11860829852868
TSLA,2020-03-04,49.7167,47.8713,48.3027,162789855,49.9667,225734655,0.0557511302527483,0.34605305544009357,0.00535203729524947,-0.03762134052388287,1.0451469723876399,0.9610788336729486,0.9724478276160753,0.7797290151472986,47.73452365960907
TSLA,2020-03-05,47.1333,45.618,46.8987,189021270,48.3027,162789855,0.0382049036596299,0.027853039840397997,-0.033302179251381445,0.06706917005215758,0.9976701676116121,0.9503836935079634,0.9415548070058791,0.6080307959210829,46.91583541222018
TSLA,2020-03-06,44.1999,40.3333,40.5333,256106100,46.8987,189021270,0.032310064031625535,0.5929518868016115,-0.02906669813488694,0.05312949809914961,0.9592952972772849,0.9473026576514887,0.91684320924768,0.7149434211792077,65.90471236076164
TSLA,2020-03-09,44.5333,40.5333,43.022,233916645,40.5333,256106100,0.09539317055359417,0.045000775759062694,-0.1357265766428494,-0.1823793184830166,0.8609375192489787,0.8444024094653698,0.8009252013630116,0.9900176568226784,26.582235863825872
TSLA,2020-03-10,43.572,40.8667,42.282,201167805,43.022,233916645,0.09297568685788667,0.23499999941250121,0.061398899176726335,-0.13437838903677413,0.940480947729878,0.9159108588936941,0.8573888676816355,0.8941386363235868,23.47799641485875
TSLA,2020-03-11,39.6333,36.4167,37.37,283035780,42.282,201167805,0.06398230925689422,0.147118618463319,-0.01720050206870908,-0.15379642842132873,0.9564388498484654,0.9190136850053534,0.8501560860897664,0.7657511248427981,23.798542214423122
TSLA,2020-03-12,40.5047,33.4667,36.4413,339603810,37.37,283035780,0.08607439122290607,0.42156313989441346,-0.11617236649165127,-0.2263372440878047,0.8893130134313155,0.8264344010783232,0.763855015931482,1.1007014197210172,20.555963478897112
TSLA,2020-03-13,32.9913,29.478,29.6713,306996960,36.4413,339603810,0.1931325172263338,0.4582836026452353,-0.024851485148514832,-0.2229784620895675,0.9126360014545557,0.8205797851391636,0.7579589614245649,1.2944626022477548,22.642690360987828
TSLA,2020-03-16,31.4567,26.4,28.68,359543700,29.6713,306996960,0.118407349863336,0.4635812470794379,-0.18577822415775508,-0.26797719406019244,0.7858423214359493,0.6994835081651162,0.6163470211978149,1.130423061457534,20.05675748201331
TSLA,2020-03-17,26.9907,23.3673,24.0813,356792430,28.68,359543700,0.1763145048814506,0.12933335944522434,-0.0334093888707269,-0.3333643252289526,0.8220374835334542,0.7113659814270975,0.6139586977910332,1.2978211445456733,20.270228781079382
TSLA,2020-03-18,30.1333,23.8973,28.5093,452742900,24.0813,356792430,0.15046529880031395,0.5111221490557981,-0.16034518828451885,-0.4304597701149425,0.7706316854610004,0.6382828150569361,0.5368191703649016,1.293622334948319,21.39489289996436
TSLA,2020-03-19,31.8,28.386,28.502,424282530,28.5093,452742900,0.21873564065059461,0.5659878117928355,0.18387711626864003,-0.23710730532512705,0.9671828268079402,0.7974870289787775,0.6586161513463613,1.5873474834038508,30.32722075983186
TSLA,2020-03-20,29.4667,27.3667,28.9527,246818235,28.502,424282530,0.11978106799522846,0.2083479783000941,-0.000256056795501845,-0.21786544387823706,1.0219880539772626,0.8405376114187132,0.6833629696247293,1.434941500576087,20.478227855904024
TSLA,2020-03-23,34.246,31.6,33.6667,343427550,28.9527,246818235,0.07253209545223754,0.02190476180045324,0.015812925408743288,-0.024218689440637875,1.0435263070254668,0.8840197867619468,0.7170633014973707,0.8320853270532119,21.195175316814215
TSLA,2020-03-24,37.1333,34.074,35.95,318341175,33.6667,343427550,0.07859398159011727,0.6979213881408859,0.16281728474373716,0.17387377963737793,1.1713252894678245,1.0581801540499238,0.8546205564640473,1.141601483862486,29.8580424488666
TSLA,2020-03-25,37.3333,34.15,35.2107,261331230,35.95,318341175,0.08509874826147427,0.13074886369186084,0.06782072492997544,0.4928596047555574,1.155348960378762,1.1528917218205363,0.9314620144867605,1.0398844223395287,34.96583670260284
TSLA,2020-03-26,35.0533,32.9353,34.2907,215661120,35.2107,261331230,0.09040717736369917,0.40272672885770366,-0.020564673157162726,0.23506013827066968,1.084860868820406,1.1370566866872072,0.9243487684170402,0.8682389224090367,35.54088090772787
TSLA,2020-03-27,34.4431,32.7487,33.4753,179971005,34.2907,215661120,0.061766018191521374,0.29461756234835984,-0.02612842119014963,0.20309802820854686,1.020126637107695,1.1150914086383512,0.9124638042125218,0.7351667776326908,41.074859887910335
TSLA,2020-03-30,36.1973,33.1333,34.9333,266572275,33.4753,179971005,0.05061642464742667,0.31987724079392627,-0.023779042130956902,0.15620650232966174,0.9697734675833489,1.075274308931651,0.9102641251468034,0.626635116877177,35.66505599317692
TSLA,2020-03-31,34.2637,31.6733,32.104,200297700,34.9333,266572275,0.08771000735687724,0.49497388872397685,0.04355450137862859,0.037621744928965535,1.0046387898308984,1.100011965790435,0.9693731442683912,0.9480051629264125,39.19839373013845
TSLA,2020-04-01,32.9507,29.76,30.298,297876405,32.104,200297700,0.0806877647645153,0.57751698356425,-0.08099148949569618,-0.10698191933240621,0.9441575399672968,0.9860111359306527,0.9135022570795783,0.7155508065371461,41.754869418175
TSLA,2020-04-02,34.366,31.226,32.0007,338431140,30.298,297876405,0.10531058155653826,0.5549565908579427,-0.056254672314976356,-0.13952292910961736,0.9175578871880478,0.9254592627482028,0.8847776944208309,1.0390723321087991,40.638438586706414
TSLA,2020-04-03,34.7333,33.1973,34.416,223527540,32.0007,338431140,0.09812285356257833,0.6261146476875332,0.05619842893920403,-0.06678195545731055,0.9827542682848183,0.9671330059861203,0.9552809912495188,1.1505556479941161,54.198024798154556
TSLA,2020-04-06,37.6667,35.4893,36.3633,268796760,34.416,223527540,0.04463040446304049,0.2187499985758452,0.07547647395213214,0.028101316493056066,1.0508573941081636,1.0232338542462598,1.0368493349399033,0.7641525754016123,59.832693362589126
TSLA,2020-04-07,37.1472,35.5553,36.5893,189840360,36.3633,268796760,0.05987905388124836,0.01377790018472589,0.0565812412831243,0.040935153564077814,1.1007040718722378,1.0725308368874655,1.1066152605924604,0.9134640644283349,73.15907770981195
TSLA,2020-04-08,38.3455,37.1407,38.2,204750000,36.5893,189840360,0.04350725485319466,0.22451158851365258,0.00621505748928175,0.13971156242212815,1.0782661125626445,1.0771655666649889,1.123222368362282,0.646387114660948,68.10473860163299
TSLA,2020-04-09,51.928255,50.112251,51.713919,506200988,38.2,204750000,0.03153926701570677,0.6036686536880095,0.04402106626800735,0.2608092943428611,1.0756363853436377,1.1147731961831566,1.171175770028907,0.7065699135206307,70.27343423363156
TSLA,2020-04-10,43.4667,38.702,43.3967,337129815,51.713919,506200988,0.035116348463167135,0.8819738233948047,0.35376751308900506,0.6160246182114765,1.3106563942444387,1.436123484252308,1.5492288527852052,1.6980336719396458,80.77402478268765
TSLA,2020-04-13,49.4587,46.162,47.326,458647665,43.3967,337129815,0.10979406268218561,0.8505677149651227,-0.16083134213827413,0.26094549046954923,1.0519737888896226,1.1728355422050898,1.2738746388465065,1.1252035241318954,61.987353379144984
TSLA,2020-04-14,50.2087,47.3333,48.6553,353655015,47.326,458647665,0.06965938384820186,0.22082688682371232,0.09054375102254313,0.30147703866260755,1.0893267299285772,1.2375789738810299,1.3522102196191714,1.5058762907319772,63.46895810078976
TSLA,2020-04-15,50.63,47.1143,49.6807,309867930,48.6553,353655015,0.05909736452143958,0.28218682519932464,0.028088154502810218,0.3297685388897846,1.0609902915941838,1.2195557260703378,1.3430415245604377,1.1617526508635034,65.69881186175628
TSLA,2020-04-16,51.6633,49.844,50.2593,196923555,49.6807,309867930,0.0707659111083379,0.5360810065247862,0.021074785275191084,0.30054188481675387,1.0316933089472269,1.1875620812457954,1.3324128532103656,1.0423741113656346,67.92626622688181
TSLA,2020-04-17,51.038,47.4807,49.7573,221198655,50.2593,196923555,0.03619827574200194,0.6738855566762737,0.011646373742721048,-0.028128191174217408,1.0500526496126494,1.1511507158790162,1.3097182595610026,0.6887766059922753,69.65844252569009
TSLA,2020-04-20,50.222,44.9193,45.7813,303136395,49.7573,221198655,0.07149302715380453,0.2559806587693465,-0.009988201188635783,0.146568748314964,1.012650267463263,1.1009669366312835,1.2624154952840863,0.777165323412413,67.76050907197313
TSLA,2020-04-21,48.9333,45.914,48.8073,213372465,45.7813,303136395,0.11582676769772814,0.5456465563851497,-0.07990787281464225,-0.03263956387609346,0.9376268514942006,0.9923122498884108,1.1439579199656966,1.0726397359022422,65.94844166258665
TSLA,2020-04-22,48.9333,46.8753,47.042,198550455,48.8073,213372465,0.061861647745316814,0.621104227400044,0.06609685613995225,0.0031240173218539612,0.9989790651036349,1.0306078123139462,1.2002890311273593,0.769299559732356,70.98572558412933
TSLA,2020-04-23,48.7153,46.5453,48.3433,198535110,47.042,198550455,0.04374813996003571,0.7117103949868303,-0.03616876983565975,-0.05311318077241262,0.9733611645407022,0.9751257752534417,1.1402871471229628,0.7240543825530792,67.02955581744789
TSLA,2020-04-24,53.2993,49.0,53.25,310221630,48.3433,198535110,0.044887295654206516,0.4405529933615048,0.027662514348879674,-0.038122297763797025,1.0082813584548027,1.0091510433583857,1.152206451234268,0.726266316068252,66.17635040869638
TSLA,2020-04-27,53.6667,50.446,51.2747,228329460,53.25,310221630,0.08073802816901413,0.9480613101015015,0.10149700165276265,0.07019472519610186,1.0946703839548662,1.0891742218540506,1.23993250627072,1.1084229187785,68.3520215664591
TSLA,2020-04-28,53.5467,52.2107,53.3673,243239730,51.2747,228329460,0.06281265419397872,0.5489489845407863,-0.03709483568075112,0.11999222389927768,1.030782740082817,1.040368776620611,1.1716461762450943,0.8214340295455654,65.37511601954878
TSLA,2020-04-29,57.988,50.9,52.1253,427077810,53.3673,243239730,0.025034056435307737,0.5159431099106082,0.040811550335740576,0.09342864694420716,1.0535349989912244,1.072573293201748,1.1905402222852832,0.8683673587556785,65.7210135927951
TSLA,2020-04-30,51.518,45.536,46.7547,487977105,52.1253,427077810,0.13598003272882844,0.689531601735988,-0.023272678213063006,0.10805875600527191,1.0087703001154202,1.0424897371601003,1.135194989916472,1.4903004149113872,50.57188642739617
TSLA,2020-05-01,50.8,46.5333,50.746,288556350,46.7547,487977105,0.12794435639625534,0.5982280163854433,-0.10303250053237109,-0.03286081008123152,0.9104322122349789,0.9416797313693044,1.002132968671621,1.659509925872381,55.08473549684438
TSLA,2020-05-04,53.2613,50.812,51.214,254874840,50.746,288556350,0.08407953336223545,0.9404692128800501,0.08536681873693987,-0.04702347417840371,0.9978841222646971,1.0200367081353485,1.0689740417782656,0.9705886243391706,55.16891156627089
TSLA,2020-05-05,52.6533,50.7407,52.172,166848465,51.214,254874840,0.04782481352755108,0.5873923137737642,0.009222401765656335,-0.0011838197005541562,1.0073274843011983,1.0183236214732785,1.0622177231300884,0.8593094188383956,53.97053483586843
TSLA,2020-05-06,53.0933,51.49,52.0027,172915290,52.172,166848465,0.03665951084873121,0.21191048723250602,0.018705822626625502,-0.022397610521798988,1.0310182916225317,1.0304780290636202,1.0648790838750453,0.5647176398566877,53.874048709790785
TSLA,2020-05-07,54.9333,52.4673,54.628,241951305,52.0027,172915290,0.030831091462558625,0.11769475383462234,-0.0032450356513072107,-0.0023520248324710954,1.028170813011538,1.0171677261613692,1.0466796717713331,0.5884215686344038,52.745996144201804
TSLA,2020-05-08,54.9333,52.3333,54.086,247794015,54.628,241951305,0.04514168558248519,0.6934306541223413,0.05048391718122334,0.16839590458285478,1.0474657610156668,1.0555427491142138,1.0963050878104694,0.8621090864463412,57.190774690929715
TSLA,2020-05-11,56.2193,53.8667,53.9607,238603575,54.086,247794015,0.048071589690492945,0.532807690258432,-0.009921651900124508,0.06581799550703496,1.0239577255363157,1.0433845894453526,1.073909243291691,0.8972073618739191,63.6439210480487
TSLA,2020-05-12,55.0667,50.8867,52.7307,285982365,53.9607,238603575,0.04359839661086671,0.49842726983580943,-0.0023166808416225223,0.05363181942437623,1.0110702890844048,1.0356013078806972,1.0644102881533914,0.8997747317044456,59.35858787636655
TSLA,2020-05-13,53.5573,50.9333,53.5553,205232820,52.7307,285982365,0.07927070947284978,0.4763875586689299,-0.022794367011547367,0.010708809323008545,0.9859592884433942,1.0132333474437287,1.0359835961945545,1.0923786885047855,60.535527100456704
TSLA,2020-05-14,53.6699,52.4368,53.278,157776420,53.5553,205232820,0.04899608442114964,0.5927210343265226,0.015637949050553164,0.029856142084930308,0.9955971262716078,1.0262583067436415,1.048194665814102,0.7999219078344244,59.826175483579064
TSLA,2020-05-15,55.648,53.592,54.242,175471530,53.278,157776420,0.023144637561470033,0.4768469671815191,-0.005177825537341848,-0.024712601596251032,0.9954385231980635,1.0083399353563218,1.039695900950417,0.6196819352368353,50.06395146997021
TSLA,2020-05-18,54.8047,53.7387,53.8673,144547830,54.242,175471530,0.037904207072010705,0.4588034997139901,0.018093772288749553,0.002884295381429553,1.0128593286618537,1.0198368246039349,1.0538962364332134,0.6954260108384154,57.105501357739094
TSLA,2020-05-19,55.0667,54.12,54.3707,109639065,53.8673,144547830,0.01978937128833254,0.4478423972997946,-0.006907931123483595,-0.0017308893324216065,1.006213544645656,1.0077644971859943,1.038458531821327,0.5914566795659147,51.30463824990607
TSLA,2020-05-20,55.5,53.0667,55.1733,183818760,54.3707,109639065,0.01741195165778627,0.3478398611192615,0.009345187154358937,0.031101426683127677,1.0094321372171369,1.0130153185619206,1.0425722382330305,0.4583453028675669,56.09374830382439
TSLA,2020-05-21,55.452,54.1333,54.4587,149812125,55.1733,183818760,0.044102854097906104,0.3177988726511361,0.01476162712637502,0.03021176242127287,1.0182156878884059,1.0219321642106198,1.0497782411891068,0.7708265672083178,80.3793357294418
TSLA,2020-05-22,71.184373,65.124534,65.779826,172009261,54.4587,149812125,0.02421468011539019,0.2676120401333722,-0.012951916959833783,0.02216111715905255,1.0006670047627446,1.0090125910953904,1.0301881074561408,0.6347069778217035,67.5473338941876
TSLA,2020-05-25,55.64,54.3803,54.5913,121346040,65.779826,172009261,0.09212306216802697,0.8918631321857504,0.20788461715024412,0.21271018767744557,1.1595252309444393,1.1929244572550224,1.229774003676503,0.7507292219943453,83.98113196454722
TSLA,2020-05-26,55.1807,52.3333,54.682,173242950,54.5913,121346040,0.02307510537393325,0.8271810682926007,-0.17009053809294059,0.013440436034477254,0.9598509955694726,0.9888884015311401,1.0174467498357422,0.5422711471160208,53.82041965272002
TSLA,2020-05-27,54.9833,53.446,53.7207,109136610,54.682,173242950,0.05207197981054095,0.014750298466141567,0.0016614368956226603,0.00572551024724719,0.9603943972822802,0.9870425155323457,1.0178901178031252,0.7864887901228004,54.24152593997142
TSLA,2020-05-28,55.6667,53.614,55.6667,177187335,53.7207,109136610,0.02861652956867654,0.33389709013271934,-0.01757982517098865,-0.02632795210726922,0.9483497668625813,0.9694010593899718,0.9985130991696848,0.5339969641828692,48.48379780958332
TSLA,2020-05-29,59.9333,56.94,59.8733,226279455,55.6667,177187335,0.036874828218665764,0.8525356805547045,0.036224397671660975,0.022181947053455157,0.978529690948469,1.000205684090274,1.0261843443125533,0.9383066289526475,52.52313294865891
TSLA,2020-06-01,60.5773,58.0667,58.7707,203483940,59.8733,226279455,0.049993903793510715,0.8930945749069747,0.0755676194205872,-0.08979236278308185,1.0747933824954943,1.0650128522196225,1.0945226169462434,1.2183673664806627,58.34984397318243
TSLA,2020-06-02,59.8627,58.6733,58.864,119242035,58.7707,203483940,0.04271856554371487,0.34892057536477245,-0.018415554178573795,0.07655798634580971,1.039404216425539,1.0363608507732458,1.0669965586348573,1.1109994151597853,58.56056337804593
TSLA,2020-06-03,59.7167,57.2293,57.6253,133315695,58.864,119242035,0.02020589834194073,0.28922145376474434,0.0015875257568822437,0.07647854869975486,1.0258791183128066,1.0298461427987837,1.0622376198956456,0.6596207137312533,57.68335616615999
TSLA,2020-06-04,59.1013,57.7467,59.044,117178755,57.6253,133315695,0.04316506812112043,0.683444557837722,-0.02104342212557751,0.07268334180306664,0.9908063961485557,1.0038682024091434,1.0346356266510648,0.7456399604575344,56.12155203120682
TSLA,2020-06-05,63.3333,60.6107,63.328,212620905,59.044,117178755,0.022942212587223173,0.3848368493663267,0.024619394606188498,0.06067002355088407,1.0035444611123971,1.0204317486755063,1.0559216737174735,0.6790804976541481,56.67633367898631
TSLA,2020-06-08,63.6293,61.5954,62.7113,170822310,63.328,212620905,0.04299204143506821,0.7571071741823739,0.0725560598875416,0.05770017687349791,1.0638641006343406,1.0991276819527704,1.1232525964135065,1.2448795052299866,61.863794058570015
TSLA,2020-06-09,68.4987,65.5,68.3367,278451195,62.7113,170822310,0.03243275135422169,0.021633315199208823,-0.009738188479029837,0.06705041798038824,1.039738026597907,1.0732980081672332,1.1037485146763204,1.0203993463241252,60.42954322487089
TSLA,2020-06-10,67.9307,64.8,64.856,238747230,68.3367,278451195,0.04388125267974602,0.7374528937958013,0.08970313165250907,0.16092518347377,1.0985007650011107,1.1428675117783418,1.1864637367999251,1.6670654475255735,64.68858905721206
TSLA,2020-06-11,65.8653,60.84,62.352,251450610,64.856,238747230,0.04827155544591102,0.3696617358109648,-0.050934563711739066,0.12547787169871552,1.0188641305030852,1.0648260643991885,1.1150924951223258,1.415163429980629,60.92742156530056
TSLA,2020-06-12,66.5893,60.5667,66.06,235434420,62.352,251450610,0.08059565050038493,0.5932581127629029,-0.03860860984334523,0.05602601449766276,0.9694512164784319,1.0126001747755178,1.063742465833547,1.4502009709525547,45.577823345767825
TSLA,2020-06-15,67.5253,64.1593,65.4753,210766170,66.06,235434420,0.09116863457462908,0.8092850250568118,0.059468822170900784,0.043140474987367346,1.018451140245933,1.0621466746416102,1.1157541508389455,1.3347505752709214,68.33425521234658
TSLA,2020-06-16,67.0,65.5047,66.1193,148362000,65.4753,210766170,0.05140869915830854,0.5886512163141657,-0.008851044504995428,0.04407499126951606,1.000906506053565,1.04151800215254,1.0951429161480486,1.172882902173022,66.98624833573072
TSLA,2020-06-17,67.9467,66.2981,66.9307,145379040,66.1193,148362000,0.022615181951412076,0.18190329578075193,0.009835770130109998,-0.03244815743224355,1.0176502312054387,1.0397622045582389,1.0951541824550786,0.8168121859906232,69.7094749693197
TSLA,2020-06-18,67.7313,66.0893,66.7267,130196235,66.9307,145379040,0.024631447153548397,0.03882081742799886,0.01227175726300802,0.03198933020846194,1.0236014673149867,1.0373422246565596,1.0979032869783223,0.8089493422513577,68.57593308442287
TSLA,2020-06-19,67.2587,66.0013,66.288,95435250,66.7267,130196235,0.024607840639504282,0.48233860851194316,-0.0030479286784690393,0.07016134205799329,1.0070069903897232,1.0220111625741313,1.0836532825089045,0.7284414149594672,63.02125686839284
TSLA,2020-06-22,67.4667,66.2673,66.7853,95479065,66.288,95435250,0.018968742457156712,0.2984730372318104,-0.006574579591078193,0.0034514078110807513,0.9996983772697109,1.0107096679758971,1.0760846803060333,0.5456438940995881,64.65229238703742
TSLA,2020-06-23,66.7256,63.5428,64.0567,164393895,66.7853,95479065,0.01795904188496566,0.16116391394728125,0.007502111996138213,0.020007544829882446,1.0032341895748835,1.0120058187989636,1.0735322484198886,0.5499611594047603,65.20035461673379
TSLA,2020-06-24,65.732,62.4767,65.732,138818235,64.0567,164393895,0.04968723021947743,0.6966507455804596,-0.04085629622087495,-0.031195127595119568,0.9682457675231886,0.9769953481278122,1.0219715254747823,0.9493312444960456,61.67384249007124
TSLA,2020-06-25,66.3333,63.658,63.9827,132823620,65.732,138818235,0.04952382401265743,0.64940251083033,0.026153392229071943,-0.01790956915137601,0.9971822456291735,1.001209396124449,1.038746778213056,0.7948267696702427,62.02756556893551
TSLA,2020-06-26,67.3333,63.2347,67.29,135396060,63.9827,132823620,0.04181286504008103,0.8731730988181815,-0.026612608775025835,-0.04112296876662555,0.97879359830525,0.9721499454461225,1.004502644597219,0.7702867049951859,51.29550698311309
TSLA,2020-06-29,72.5127,66.9153,71.9873,253777515,67.29,135396060,0.060909496210432415,0.6561508791876484,0.05169053509776869,0.015115858073859668,1.0262418380297864,1.0204937406229153,1.0503110545589691,0.8064577668522999,58.188327783480645
TSLA,2020-06-30,75.6887,72.0333,74.642,199903440,71.9873,253777515,0.07775538185207659,0.8731375265781687,0.06980680636052902,0.07789139226746002,1.080732337342857,1.0810548211011677,1.1121583208019645,1.4892652314276749,56.75271729077418
TSLA,2020-07-01,81.8667,79.04,80.5773,258751725,74.642,199903440,0.0489724283915222,0.6680527420581784,0.03687733808602338,0.16524891229176633,1.0860683168720209,1.1067561023419479,1.139286132119613,1.1459883668503437,68.67229417735818
TSLA,2020-07-02,35.056177,34.532875,34.611092,1741306926,80.5773,258751725,0.035080599622970596,0.3023667163039391,0.07951689397390208,0.22584585894237197,1.1238766087748997,1.1710659411569784,1.2087066697777882,1.4318665673608109,80.7486865592069
TSLA,2020-07-03,91.8527,84.4029,91.4387,308547960,34.611092,1741306926,0.015119488284276065,0.850531799027483,-0.5704610107313102,-0.45905546342995845,0.5258323163106137,0.5276464027285687,0.5288785502056834,6.648346442605859,28.128313380006034
TSLA,2020-07-06,95.3,89.114,92.6573,322337220,91.4387,308547960,0.08147316180129416,0.849150311620244,1.6418900622956363,0.3588750185763113,1.2942256965586627,1.3425089545768791,1.3678608500012353,1.156857554957451,60.13110840664496
TSLA,2020-07-07,94.484,87.4227,91.0587,244604430,92.6573,322337220,0.06676214394332657,0.1632719040360933,0.01332696112258824,0.2871339805771296,1.2389778039523887,1.3106161878755413,1.3557239715074527,1.1751784570352408,60.309092848309824
TSLA,2020-07-08,93.904,90.0853,92.952,175763820,91.0587,244604430,0.07754668142637648,0.36933709038089835,-0.017252823037148767,0.21993917633503934,1.1663931278179247,1.240620463397242,1.3105487151800579,0.8973162912460328,59.315915289912766
TSLA,2020-07-09,103.261,91.734,102.9767,350063295,92.952,175763820,0.041082494190549886,0.04731976838369191,0.02079208246987928,0.15357551072076137,1.1540587707632248,1.221129205259759,1.3112856879388404,0.652314641695441,59.995303233106874
TSLA,2020-07-10,119.666,98.074,99.804,584750430,102.9767,350063295,0.1119379432434716,0.8597206551056467,0.10784813667269123,1.9752514020649796,1.092977379376985,1.286901354308003,1.4122378840616092,1.2758477369555168,63.03105323708799
TSLA,2020-07-13,106.0,95.4,101.12,351255900,99.804,584750430,0.21634403430724217,0.4999999997684324,-0.030809882235495915,0.09148533389035501,1.0408204256263496,1.1985515755678846,1.337772924361747,2.003648528727167,61.508822379017296
TSLA,2020-07-14,103.3333,97.1333,103.0673,245500560,101.12,351255900,0.10482594936708854,0.2465377356164735,0.013185844254739313,0.09133333261383612,1.0362537132766318,1.173306635409184,1.3237885005629624,1.175290493190001,63.047065876873866
TSLA,2020-07-15,102.114,97.7333,100.0427,214511775,103.0673,245500560,0.06015486968223664,0.03235483865749363,0.019257318037974668,0.13187756908455756,1.0308379340694511,1.1577173189158785,1.3174195887665257,0.8083008693487644,63.11769531010974
TSLA,2020-07-16,102.5007,99.3333,100.056,139871730,100.0427,214511775,0.04378830239487743,0.35734015030168553,-0.029345874006595753,0.07628345812892674,0.9865935768219487,1.0996984361791318,1.252258350808796,0.6983240087063781,62.55709053702672
TSLA,2020-07-17,110.0,99.2,109.5333,256820505,100.056,139871730,0.03165627248740706,0.26542274336862115,0.00013294323323941655,-0.028362726713907094,0.992441825864429,1.026032908608869,1.2268336444771268,0.4546239985222507,61.677934831891626
TSLA,2020-07-20,111.6667,103.8667,104.5573,242359200,109.5333,256820505,0.09860015173467793,0.7653703696616935,0.09471995682417846,0.09748406877479855,1.0658737419945106,1.1027567584982099,1.3083515419412173,0.8134080651109598,62.94063007392227
TSLA,2020-07-21,108.428,104.1333,106.1553,212416200,104.5573,242359200,0.07460024312027962,0.611717947933694,-0.045429106947384945,0.033992286392404994,1.0106908254046445,1.0401972605574392,1.2213617014669471,0.7501571322600727,60.14824353933642
TSLA,2020-07-22,112.6,98.718,100.8713,364927560,106.1553,212416200,0.04045676475880142,0.1035462311603921,0.01528348570592392,0.02996100606108818,1.0200480604583961,1.040468325569661,1.2102699472268614,0.652626381988699,58.93996720795702
TSLA,2020-07-23,97.6667,91.1027,94.4667,290949240,100.8713,364927560,0.13762090901971116,0.7966215237021894,-0.049776129877641455,0.008282463388133354,0.9677329916427017,0.9810628234890666,1.1274435176295872,1.0835640208768156,82.36246377036973
TSLA,2020-07-24,103.196,94.2,102.64,240730035,94.4667,290949240,0.0694848025812271,0.010054844591629187,-0.06349278734387286,-0.05586171743823454,0.9161137498668983,0.926440306062556,1.0381726162684493,0.8440876910031592,52.91439681225818
TSLA,2020-07-27,104.3133,98.2947,98.4327,237130500,102.64,240730035,0.08764614185502723,0.7751556238604315,0.08652043524331851,-0.062933372773394,1.0088647205197028,1.003804461942129,1.1065024856159635,0.6878836812084161,58.47374613139751
TSLA,2020-07-28,102.3207,99.1333,99.9407,141403395,98.4327,237130500,0.06114431484659054,0.3047220278723931,-0.040990841777084994,-0.05857649346339281,0.9793012261076157,0.9651943387016526,1.0462323639110749,0.679213510239554,55.99391342233435
TSLA,2020-07-29,100.8827,98.0667,99.166,114315585,99.9407,141403395,0.03189291249711075,0.03953065181799717,0.01532011211721318,-0.05854253155518368,1.0067534815052401,0.9829949168679725,1.0481682634857485,0.40844409550599453,55.716531620181556
TSLA,2020-07-30,101.1367,94.732,95.384,183704400,99.166,114315585,0.028396829558518067,0.012073863593489829,-0.0077515966968413254,-0.016905700630407344,1.0023934283521088,0.9762169314955916,1.030002998751848,0.3372356888767373,46.327184827216634
TSLA,2020-07-31,100.654,96.2923,99.0,132140190,95.384,183704400,0.06714648159020387,0.8768560574627124,-0.03813807151644714,0.009710300031651336,0.9623793847568243,0.9433244790348547,0.960408860462462,0.7035835909500207,45.7893854407999
TSLA,2020-08-03,101.8273,97.4667,99.1333,124949850,99.0,132140190,0.04405757575757575,0.5471948998161397,0.03790992199949677,-0.03546375681995324,1.006254225759539,0.9893925129970198,0.9930377023314317,0.5237884220715522,48.0652132646058
TSLA,2020-08-04,99.9892,97.8873,99.0013,74670225,99.1333,124949850,0.04398723738642808,0.12246021161661029,0.0013464646464647022,0.00711755341466818,1.0061761099743416,0.996124358162763,0.9911555831506161,0.5154517522348542,46.2867455505131
TSLA,2020-08-05,101.154,98.484,99.3053,89884695,99.0013,74670225,0.021231034339953117,0.25281887695504834,-0.0013315404611770716,-0.009399573947350841,1.006756160351575,1.002000939237032,0.9859211315278202,0.3192239579949478,48.960259425956174
TSLA,2020-08-06,99.9833,94.334,96.8473,133446300,99.3053,89884695,0.026886782477873804,0.031235954939190215,0.0030706667488204905,0.0014047153258173746,1.0095615524174404,1.0066732896084016,0.9858298738061164,0.3914535775887391,49.25482177067927
TSLA,2020-08-07,97.1667,92.3893,94.5713,112833960,96.8473,133446300,0.05833203403708721,0.5525994361202274,-0.024751951809218624,0.015341147362241087,0.981652270725857,0.9793926403038034,0.9643626453150063,0.6099373025229669,35.36834043809631
TSLA,2020-08-10,94.6667,91.0,91.626,129387510,94.5713,112833960,0.050516382877257696,0.4106836345906072,-0.023500913293401163,-0.044734343434343495,0.9672666016853546,0.9642439363940138,0.9441590086876009,0.5780692133820385,37.71745975518559
TSLA,2020-08-11,105.6667,95.6667,103.6507,328463985,91.626,129387510,0.040018117128326085,0.3929146087956048,-0.03114369792949858,-0.07572934624389585,0.9517583003844178,0.9407426390322875,0.9191102528049735,0.7028199187577173,32.70259652130434
TSLA,2020-08-12,110.0787,104.484,108.0667,306379620,103.6507,328463985,0.09647788196317053,0.56506999943493,0.13123676685656904,0.04696301967751938,1.0663639098387943,1.0601643555614835,1.0394271666820767,1.7448671455914548,52.85129833891405
TSLA,2020-08-13,111.2533,108.4427,110.0473,188664210,108.0667,306379620,0.05177080451239839,0.11916635365762734,0.042604632674936076,0.08822691236016601,1.0921079225971277,1.0953602722276894,1.079368950899648,1.5887826001362584,64.54526786821987
TSLA,2020-08-14,123.0573,111.522,122.376,303634845,110.0473,188664210,0.02553992692233243,0.33871771031552805,0.01832756991746773,0.13629703667526097,1.0832237450832938,1.0991000042746601,1.0936940110957258,0.9661271665080519,59.131759780462005
TSLA,2020-08-17,128.26,123.0073,125.806,247082715,122.376,303634845,0.09426112963326136,0.9168378794510447,0.11203091761451664,0.29400780152118045,1.1420642604327593,1.194348918999845,1.2085090985795652,1.536461378463569,74.5928967754261
TSLA,2020-08-18,127.4,122.7473,125.2353,183079965,125.806,247082715,0.041752380649571486,0.1510270905419561,0.028028371576125977,0.37303822059240815,1.1036646058306854,1.1966731789343439,1.2294819822780285,1.2488022903109852,75.55794021102224
TSLA,2020-08-19,134.7993,123.804,133.4553,309176940,125.2353,183079965,0.03715166570447797,0.19386592689434948,-0.0045363496176653115,0.208243649102225,1.0585686674568193,1.1622421572855521,1.2125992081887018,0.9322315487785293,75.86378635363403
TSLA,2020-08-20,139.6993,135.0033,136.6653,321893385,133.4553,309176940,0.08238938431070168,0.8558202133131252,0.06563644595413592,0.234934535800575,1.081625831813822,1.2004810009050249,1.2721223854192822,1.5969767100079966,84.71422605511412
TSLA,2020-08-21,141.9333,128.5013,134.28,300954315,136.6653,321893385,0.034361319222948314,0.07410562164798917,0.024052997520518166,0.24187781072320713,1.0618279047745285,1.1868459563044687,1.2770366348876037,1.6494781896108301,84.60020613897294
TSLA,2020-08-24,135.1967,131.2,134.8893,159883395,134.28,300954315,0.10002978850163849,0.5562611669473926,-0.017453589170038048,0.09727397528927237,1.024347085531151,1.1272584835267305,1.236469496528645,1.5187453267363655,81.00378784537403
TSLA,2020-08-25,144.4,136.9086,143.5447,213590730,134.8893,159883395,0.029629481359900334,0.8081667355363973,0.004537533512064272,0.0722008489261243,1.0149299078499956,1.0926882985347823,1.221576011487891,0.8228794307139584,81.3933511317632
TSLA,2020-08-26,153.04,142.8333,149.25,355395645,143.5447,213590730,0.05218862138414026,0.8291374097910437,0.06416669076049779,0.14619999313292667,1.0510942181313014,1.1264009810683102,1.2747907896050847,1.0792488471886628,83.76537933139979
TSLA,2020-08-27,154.566,145.768,147.56,301217640,149.25,355395645,0.06838659966499151,0.38073030423081883,0.039745807403547426,0.11835198751941667,1.0681630444070984,1.134507170085315,1.2966224267203086,1.6926758257839734,88.10700827403053
TSLA,2020-08-28,166.7133,146.7033,166.1067,355123218,147.56,301217640,0.059623204120357834,0.6192316428515219,-0.011323283082077036,0.07971811425431327,1.0398520698383704,1.0905635581047697,1.25353017279662,1.3955824507277745,88.86437547765703
TSLA,2020-08-31,167.4967,156.8367,158.35,270320157,166.1067,355123218,0.1204647374247998,0.8947226382335212,0.12568921116833823,0.23701742627345834,1.1202977214427665,1.1892008878053906,1.3719788464427742,1.5645183139223315,94.45404051677933
TSLA,2020-09-01,159.68,135.0402,149.1233,288528384,158.35,270320157,0.06731922955478369,0.8470919316631411,-0.04669709289270087,0.17392558194015392,1.0352225398313883,1.1078566098426363,1.2766894921440464,1.1539609042033596,84.40004175853755
TSLA,2020-09-02,143.9333,134.0,135.6667,262788258,149.1233,288528384,0.16523105376557526,0.42776321219012964,-0.05826776128828541,0.03886315551880351,0.9678429107335246,1.026154525597764,1.1784879343390011,1.177921301104937,74.34703506121065
TSLA,2020-09-03,142.6667,124.0067,139.44,330941055,135.6667,262788258,0.07321840952864633,0.007711435265510852,-0.09023807815411816,-0.09101038525963155,0.8963101145906874,0.932137861094545,1.0569572982993884,1.0362629332287285,63.37249481686246
TSLA,2020-09-04,15.103245,14.795278,14.920854,171828960,139.44,330941055,0.1338209982788296,0.2770632367218304,0.02781301527935747,-0.0550284629981025,0.9312306469448436,0.9562404116222709,1.0686242374920807,1.2561006094529565,59.78036590398459
TSLA,2020-09-07,122.9133,109.96,110.07,345882819,14.920854,171828960,0.02064003843211653,0.4077579608283391,-0.8929944492254733,-0.9101730754990618,0.12486052446713325,0.11144517071681274,0.11794861064002986,0.6449630595406423,23.386519071490298
TSLA,2020-09-08,123.0,113.8367,122.0933,238387707,110.07,345882819,0.11768238393749444,0.6636687171117257,6.376923599681358,-0.3048942216608778,1.0020559051823623,0.8376506715488887,0.8638008286330616,1.2475866851340092,47.496678745229275
TSLA,2020-09-09,132.9967,120.1867,123.78,254791824,122.0933,238387707,0.07505162035918439,0.35212205171486055,0.109233215226674,-0.18125940077774566,1.1690486252752332,0.94456992475304,0.9512725560804524,0.8740548468986924,48.14774295975064
TSLA,2020-09-10,127.5,120.1667,124.24,182152377,123.78,254791824,0.10349006301502668,0.38693989040832255,0.013814844876827818,-0.08761693178945158,1.2128061179764569,0.9768679639137555,0.9585465946886093,0.9431204450314659,47.88892647937639
TSLA,2020-09-11,140.0,124.4333,139.8733,248700624,124.24,182152377,0.059025273663876325,0.4190882680115532,0.0037162708030375967,-0.10900745840504879,1.2546854939132666,0.9988817621583831,0.9568505554165894,0.6750566766983894,48.34464542852468
TSLA,2020-09-14,153.98,143.5667,149.92,291894684,139.8733,248700624,0.11129143303260877,0.8280496182054967,0.12583145524790731,8.37434948428555,1.1279075168299153,1.1488024613580168,1.070042627122496,0.9311630663491485,50.782952763203056
TSLA,2020-09-15,152.5967,145.1033,147.2533,217640280,149.92,291894684,0.06945904482390604,0.42253656341165763,0.07182714642465708,0.36204233669483055,1.1359183254115053,1.2399023734349846,1.136418741598668,1.0837944694524888,50.997157750834795
TSLA,2020-09-16,145.93,136.0,141.1433,230334759,147.2533,217640280,0.0508878239061536,0.08407398499469598,-0.017787486659551707,0.20607191385604284,1.0747371131507508,1.219734030318938,1.1069670609400022,0.802938832477531,49.684700040985994
TSLA,2020-09-17,150.3333,142.9333,147.3833,259196157,141.1433,230334759,0.07035403026569455,0.262839878889387,-0.04149312782803499,0.14027548877039916,1.0046789010547532,1.163843791921753,1.0579782933130844,0.8623136307249297,49.000685215945815
TSLA,2020-09-18,151.8933,135.69,149.7967,328430400,147.3833,259196157,0.050209216376618016,0.2608108104583645,0.044210387598986135,0.18627897617514486,1.015633570809947,1.2073894835276842,1.100331906590375,0.9818867528714346,46.967853671559745
TSLA,2020-09-21,145.92,139.2,141.41,238742385,149.7967,328430400,0.10816860451531986,0.0769349453031574,0.016374989568017514,0.0709456343705338,1.0183371343932794,1.1050595432182226,1.1119094098807398,1.2377184879989445,48.59044837337416
TSLA,2020-09-22,137.3833,125.2934,126.7867,284734878,141.41,238742385,0.04752139169789972,0.26636904722266397,-0.055987214671618206,-0.05676360725720379,0.9725763858646089,1.0196170837091132,1.0471225689740937,0.8865478903659867,48.72534823856952
TSLA,2020-09-23,133.1667,117.1,129.2633,289642233,126.7867,284734878,0.0953562163854725,0.6837608245860108,-0.10341064988331802,-0.1389890752872771,0.897261931721678,0.9110945736327153,0.9447003748671488,1.0435521250032072,48.5381834965052
TSLA,2020-09-24,136.2441,130.4333,135.78,201625377,129.2633,289642233,0.12429436661449923,0.4977126600373979,0.019533594612053083,-0.08416977639037788,0.9304337498560407,0.9252457589988876,0.9703793543731903,1.0744843433202684,48.31753926146217
TSLA,2020-09-25,142.6933,138.5167,140.4,149125083,135.78,201625377,0.04279569892473119,0.7956391533082551,0.05041415467499294,-0.07872872978146093,0.9939436636420856,0.9639290480636263,1.023827185957737,0.7620458076203779,82.7651351730513
TSLA,2020-09-28,142.8333,137.2,139.69,151024212,140.4,149125083,0.029747863247863302,0.27294928824174963,0.03402562969509504,-0.06272968630150051,1.0420996377887302,0.996354789166643,1.0690243866520739,0.5864499404669681,66.14957498876507
TSLA,2020-09-29,144.6433,140.1567,143.0033,144424698,139.69,151024212,0.04032715298160226,0.181651962115187,-0.005056980056980113,-0.012163213351248136,1.0394838671270392,0.9985655940146395,1.0712283437078154,0.608184767265199,60.653032264157574
TSLA,2020-09-30,149.6267,144.8067,149.3867,152224362,143.0033,144424698,0.03137410115710623,0.5713234953610211,0.023718949101582062,0.12790458305169233,1.0390618664956928,1.0253656706604335,1.0992161695745235,0.598988177143112,61.41299765960908
TSLA,2020-10-01,146.3767,138.3333,138.3633,214290075,149.3867,152224362,0.03226525520678878,0.5117634844154298,0.044638130728451686,0.15567759758570301,1.054603535424844,1.0648421127664125,1.1422599409236778,0.6461513185542591,63.94867545077053
TSLA,2020-10-02,144.5467,139.7767,141.8933,134168358,138.3633,214290075,0.05813246720770602,0.2610836210295597,-0.07379104030010691,0.019025629695095067,0.9732334819783771,0.9926485780698484,1.0584070744389569,0.932694794222171,49.117270858714235
TSLA,2020-10-05,142.9266,135.35,137.9933,147438777,141.8933,134168358,0.03361680925033093,0.16280922397734018,0.02551254559554449,0.01063603988603992,0.9959708654588293,1.0237784678327182,1.0351395779101145,0.588791708820952,44.920678111968215
TSLA,2020-10-06,143.3,137.9483,141.7667,129383127,137.9933,147438777,0.054905564255655986,0.4315920063991838,-0.027485441525427947,-0.012146180828978401,0.9709087542087068,0.998099973823919,0.9965382695955386,0.6764845932326776,44.2302995259624
TSLA,2020-10-07,146.3333,141.7667,141.9733,121263348,141.7667,129383127,0.037750049905937166,0.3382102876876251,0.027344805871009542,-0.008647352893254981,0.99919678975274,1.0144018070611078,1.0165670147983605,0.6088668355918356,50.40007598491596
TSLA,2020-10-08,144.8633,142.1534,144.6667,86776968,141.9733,121263348,0.03216520289378371,0.9138965512330901,0.0014573238990539302,-0.04962556907676518,1.01122038935318,1.0067244110423268,1.0114508507367062,0.5891666591443833,46.236615987356146
TSLA,2020-10-09,149.58,146.1933,147.4333,116373399,144.6667,86776968,0.01873202333363521,0.4760323241594401,0.01897117274867878,0.045556878160610374,1.021234423649073,1.0193994010160825,1.0231942644080718,0.4316123164499738,46.44524147412302
TSLA,2020-10-12,149.63,145.5333,148.8833,103390995,147.4333,116373399,0.02297106555981599,0.02952726834520952,0.019123958727198527,0.03904342206432574,1.0326871834082272,1.0337709413163187,1.039981391782511,0.598515672027682,54.52629901993937
TSLA,2020-10-13,155.3,149.1167,153.7667,144136182,148.8833,103390995,0.027516182137284698,0.26850879911023673,0.009834955874961686,0.07891687494972571,1.0271734053534638,1.0372517562105537,1.050593701418263,0.5588355243024846,70.70389068162824
TSLA,2020-10-14,152.19,147.5,149.6267,107017062,153.7667,144136182,0.04021221759977943,0.6210276056134584,0.03280018645476017,0.08464611223933408,1.0435851560551972,1.063300405372531,1.0825655403763301,0.7948556964138573,71.96818372535871
TSLA,2020-10-15,151.9833,146.2833,146.5567,98247612,149.6267,107017062,0.03134467310981261,0.10162046886647892,-0.026923904850660037,0.05390731919311593,1.0050469070297339,1.0345005201309267,1.0502822024446572,0.6109311828851307,62.96665324430877
TSLA,2020-10-16,149.0,142.9567,143.61,108863529,146.5567,98247612,0.03889279712220606,0.8637368405899298,-0.020517728453544676,0.013064513118775881,0.9819324646269222,1.0075672368276316,1.0290313294294422,0.5878761498159781,55.937774262925934
TSLA,2020-10-19,143.9167,139.6834,140.6467,94968861,143.61,108863529,0.0420813313836083,0.8499826239803046,-0.020106211452632274,-0.025932404687407724,0.9671444314812417,0.986145009392789,1.010536253049649,0.6971967393845679,53.624246951749456
TSLA,2020-10-20,144.3167,140.4167,140.88,97111383,140.6467,94968861,0.030098822083987647,0.772447025317252,-0.020634356938931855,-0.05532252442013296,0.9578139292635263,0.9640400180927104,0.9899503429538729,0.6375633646361163,47.80700611574125
TSLA,2020-10-21,148.41,141.5033,141.93,119979573,140.88,97111383,0.02768313458262355,0.0051282051150585,0.0016587662561580586,-0.08380683203840618,0.9765428691090127,0.9662263825617262,0.9866985844888503,0.6957659655539472,41.0606535085046
TSLA,2020-10-22,140.962,135.7934,140.21,100834140,141.93,119979573,0.04866272105967731,0.7784759714791781,0.007453151618398718,-0.05143934872586238,0.9944320771992624,0.9734567233568778,0.9896626863069818,0.91523429501019,54.74210712452834
TSLA,2020-10-23,141.92,136.6667,140.0933,84717483,140.21,100834140,0.03686327651380071,0.07802886646668596,-0.012118650038751488,-0.043305423771141126,0.9911962319697508,0.9646082807021791,0.9761616330395312,0.7999402646940066,47.64880561616014
TSLA,2020-10-26,143.5,140.0333,141.56,68059518,140.0933,84717483,0.03749858130260331,0.5488550043803787,-0.0008323229441552577,-0.024487849035582578,0.9953201375468909,0.9686970726247774,0.9754532950156584,0.6897037005441865,53.27987655169398
TSLA,2020-10-27,139.5333,135.3333,135.34,76264227,141.56,68059518,0.024489262503532092,0.08847030291496326,0.010469451429868545,0.006493575746889137,1.0044370916281349,0.9838206810977511,0.9850244758333438,0.5734540502259066,49.65209868480851
TSLA,2020-10-28,139.3533,135.4867,136.9433,67815924,135.34,76264227,0.03103295404167274,0.830166664690078,-0.043938965809550715,-0.03932424758659847,0.9679126999100172,0.9527943683333787,0.9442611055683079,0.6615825632835238,40.71489161564498
TSLA,2020-10-29,135.8638,126.37,129.3467,127762917,136.9433,67815924,0.028235043262430343,0.07500129293176973,0.01184646076547946,-0.0351349256675827,0.9864148293746594,0.972767568565888,0.9596127949867571,0.6106515463677968,38.848686110308975
TSLA,2020-10-30,135.66,130.7667,133.5033,87063354,129.3467,127762917,0.07339808437323869,0.662021529143208,-0.05547259340179472,-0.07747878182725917,0.9465085711885537,0.9301770509722702,0.909253036778765,1.1970815153746344,27.082361885453594
TSLA,2020-11-02,142.59,135.5633,141.3,103000050,133.5033,87063354,0.03665302655439986,0.44346351042555077,0.03213533859000653,-0.04704007971830204,0.9864387603660328,0.9670975468710169,0.9412478452302475,0.8341525541259468,31.762817016311473
TSLA,2020-11-03,145.1333,139.0333,140.3267,96429171,141.3,103000050,0.0497289455060156,0.6721932049579585,0.05840080357564207,-0.0018366770274088082,1.0444488761863144,1.023092641798975,0.9950575638688051,1.0083069513863328,36.172662317352106
TSLA,2020-11-04,146.6667,141.3334,146.03,85243569,140.3267,96429171,0.043469988248850684,0.5267704909397216,-0.006888181174805542,0.03684572188562128,1.0296637903202137,1.0164526063571757,0.9887047356885886,0.9594581059001074,38.9056430909594
TSLA,2020-11-05,145.5233,141.4267,143.3167,65118042,146.03,85243569,0.03652194754502486,0.6118725730563257,0.04064301376715916,0.06635373910224164,1.0574118976687699,1.0546322317651644,1.027420367182295,0.863638848990112,49.40881999708169
TSLA,2020-11-06,150.8333,140.3333,140.42,104499075,143.3167,65118042,0.028584247334748812,0.5004149770531329,-0.01858042867903858,0.10800430161728129,1.0171855222465132,1.032719634518937,1.0088095484628636,0.6670573894569171,49.66905948805205
TSLA,2020-11-09,140.03,132.01,136.7867,90852672,140.42,104499075,0.07477567298105683,0.5790476184961463,-0.020211880401935084,0.05180920621437816,0.9869363421139415,1.0116082806643127,0.9908654022395235,1.077019885179213,49.74382154520694
TSLA,2020-11-10,139.565,136.86,139.0433,52073166,136.7867,90852672,0.058631431272192475,0.4044014957551104,-0.02587451929924506,-0.031941259731068754,0.9675382006085615,0.988833766809459,0.96936443231125,0.9424627568448761,45.70451134920719
TSLA,2020-11-11,141.0,136.5067,137.2533,59521500,139.0433,52073166,0.01945437140804328,0.08377079451470758,0.016497217931275423,-0.009145800478454922,0.9852887633969941,1.0024630561405643,0.9905238171548113,0.5672701243329092,47.04553037575915
TSLA,2020-11-12,137.5106,133.8867,136.1667,59491053,137.2533,59521500,0.032737282090849584,0.24407451039531128,-0.012873687549130323,-0.06010203382866538,0.9848547688068656,0.9893365419983626,0.9821005477198694,0.6656300879977369,46.97821683417444
TSLA,2020-11-13,137.4833,134.6956,136.03,80515905,136.1667,59491053,0.026613702175348454,0.21614834786790726,-0.007916749542633978,-0.04988951043388527,0.9871873504719648,0.9767028104000818,0.9779608028378716,0.6800262902495032,46.06497905517808
TSLA,2020-11-16,154.0,144.3367,147.2033,183501468,136.03,80515905,0.020493273542600905,0.1004412235877565,-0.0010039165229089823,-0.03126335279874652,0.9925140088722859,0.9739571183928897,0.9796456171769191,0.9355126409287577,44.30636492803163
TSLA,2020-11-17,165.3333,147.8334,162.2133,234124872,147.2033,183501468,0.06564594679602966,0.6402264230229542,0.08213849886054556,0.07615214052243396,1.0579561550250498,1.0495205003762005,1.0576152826005747,2.027803886234614,61.08381932233731
TSLA,2020-11-18,169.5371,162.5233,166.4233,187426038,162.2133,234124872,0.10788202940202805,0.7293355957866423,0.10196782273223487,0.16663873771695592,1.1282573150567854,1.1387678432992974,1.156594224789971,2.405144165937946,68.87990675851351
TSLA,2020-11-19,167.5,163.02,163.2033,98528766,166.4233,187426038,0.04214433916404736,0.34550457619905967,0.02595348223604358,0.21252676620525712,1.1124007835980219,1.1518326455372807,1.1763401145901629,1.8609414877841417,79.17744788813971
TSLA,2020-11-20,175.3333,167.2633,173.95,150780912,163.2033,98528766,0.02745042532840935,0.6235267843224843,-0.019348252318034786,0.1985551533524718,1.0528250751025838,1.1142110098206979,1.1442812754776228,0.9794069237580908,73.72212051795692
TSLA,2020-11-23,186.6633,175.4,185.1267,160905282,173.95,150780912,0.04639264156366785,0.7579553893953419,0.06584854595464659,0.27876203778578246,1.0698121460302494,1.1610032135661237,1.2053243949238626,1.451161437726351,74.90472892365803
TSLA,2020-11-24,191.3333,181.79,191.3333,146776056,185.1267,160905282,0.0608410348156154,0.4433336584807896,0.06425237137108371,0.25762601789497913,1.087807547766726,1.1969812490931797,1.263695138301417,1.482370911682396,79.569707946331
TSLA,2020-11-25,44.065487,41.035106,42.949601,85430403,191.3333,146776056,0.04987788325398671,0.836188738867909,0.03352622825340704,0.17951672273481895,1.0870758102560736,1.1966534309269004,1.2815702122484933,1.309664541123401,79.70454977608466
TSLA,2020-11-26,199.5933,192.8167,195.2533,112683234,42.949601,85430403,0.07055667408877671,0.6317670925478784,-0.7755246943422812,-0.7419255536935032,0.2838468615314776,0.2854553718212352,0.29703109979188574,0.7563411137771368,27.38735154407759
TSLA,2020-11-27,202.6,184.8367,189.2,188451156,195.2533,112683234,0.03470671174315621,0.22626390782064124,3.5461027682189643,0.1963808329856074,1.23795400603014,1.2486732463448555,1.3202456875452036,1.0043227473605747,57.38328769543146
TSLA,2020-11-30,199.2833,190.6833,194.92,121146696,189.2,188451156,0.09388636363636357,0.6494682853695738,-0.031002292918992955,0.08766887036504743,1.1768175877045481,1.1701721624019772,1.2556704683807907,1.6070178349616793,57.011739580572886
TSLA,2020-12-01,190.5133,180.4033,189.6067,143325459,194.92,121146696,0.04412066488815922,0.4972906970961745,0.03023255813953488,0.05290052704445111,1.1978031984543311,1.1709911388850094,1.271017274746139,1.025146988890077,57.40643394354625
TSLA,2020-12-02,199.6567,194.1433,197.7933,127654275,189.6067,143325459,0.05332090057998998,0.4081800193786553,-0.02725887543607633,-0.009024043383979783,1.1676301724094917,1.12062935942773,1.2168200816938681,1.1892278214525775,56.87520588492641
TSLA,2020-12-03,199.68,195.1667,199.68,88203942,197.7933,127654275,0.02787455389034912,0.20314143685721403,0.04317674428171578,3.605241850791582,1.0229559504798071,1.147734840626144,1.2486190861715807,1.040883571213334,57.94483614116127
TSLA,2020-12-04,216.2619,201.0167,213.92,168920529,199.68,88203942,0.02260266426282059,0.5930693714287347,0.009538745751246473,0.022671575845325077,1.028006589785832,1.1346660766410643,1.2384960518322212,0.7125023586954379,58.16883163078797
TSLA,2020-12-07,217.0933,206.1667,216.6267,192193917,213.92,168920529,0.07126589379207186,0.8055059948013084,0.07131410256410246,0.1306553911205074,1.0739818459314001,1.1885878006794106,1.2972490063776512,1.3299188207560142,58.49553800983982
TSLA,2020-12-08,218.1067,196.0,201.4933,213873570,216.6267,192193917,0.050439765735248734,0.7435981908886581,0.012652860882572982,0.11136209727067521,1.064372131745364,1.1829231839695968,1.282613162292762,1.4551025322546054,57.152994353433876
TSLA,2020-12-09,209.25,188.78,209.0233,201236352,201.4933,213873570,0.10971431804432201,0.7420103404207733,-0.0698593479012513,0.0626908226344323,0.9785852208028784,1.0942142158770092,1.1713548235244837,1.525785628679281,54.4814753138386
TSLA,2020-12-10,208.0,198.9333,203.33,139424922,209.0233,201236352,0.09793166599130336,0.8581631651889772,0.03737096965507042,0.05677644288254465,1.0042019967844136,1.0412033454667324,1.190298349991819,1.3665517430754253,55.791387722619014
TSLA,2020-12-11,214.25,203.4,213.2767,155859900,203.33,139424922,0.04459105886981752,0.1845544683461942,-0.027237633316477126,0.018279246794871824,0.9734359651675284,1.0087848575404572,1.1361504773457611,0.9217860499207196,53.7615163020967
TSLA,2020-12-14,215.6333,207.9333,211.0833,135670602,213.2767,155859900,0.050872880159904925,0.6399446998710188,0.04891899867210934,-0.0030071989528794984,1.0216847904191617,1.0456431677673348,1.1665536857055245,1.005402526459413,53.615426523310454
TSLA,2020-12-15,210.8333,201.6667,207.59,126284172,211.0833,135670602,0.03647848977157354,0.43420779164388695,-0.010284292658316622,-0.025589643381909947,1.0165765657818011,1.0267529959749169,1.1347325763349512,0.8888806371710026,52.56299918172456
TSLA,2020-12-16,219.6067,206.5,218.6333,168795036,207.59,126284172,0.04415723300737038,0.19854689830629904,-0.016549390690784184,0.03025758176574605,0.9939162310413077,1.0010046211415222,1.1025064958333481,0.857682649900731,84.2429546050795
TSLA,2020-12-17,231.6667,209.5133,231.6667,666376995,218.6333,168795036,0.059948324431822554,0.7047235378053021,0.053197649212389744,0.04597573571941494,1.0372451889543475,1.0437667921319418,1.1452787440706336,1.1537024006602083,61.79140609239459
TSLA,2020-12-18,222.8333,215.3567,216.62,174126888,231.6667,666376995,0.09562617329119812,0.39271624202482797,0.05961305985867661,0.13936310431318535,1.0703012243012244,1.089353818762178,1.1921745056094613,3.814414721520611,70.00879192537512
TSLA,2020-12-21,216.6267,204.7433,213.4467,155584782,216.62,174126888,0.03451481857630883,0.730278467845974,-0.06494977482737048,0.015675880206323517,0.9977032835408988,1.017308951543887,1.102637018606672,0.990105695760119,59.398268293274484
TSLA,2020-12-22,217.1666,207.5234,215.3267,99518916,213.4467,155584782,0.05567385206704997,0.21486274953728568,-0.014649155202659088,0.011196527626770968,0.9809521831153758,1.0039054855287926,1.0787092946257337,0.8860133561366047,60.52011000222405
TSLA,2020-12-23,222.03,213.6667,220.59,68596704,215.3267,99518916,0.04478404210903701,0.4763356557197432,0.008807819469684917,0.03726913627824069,0.9826047140559577,1.0062010843287748,1.0816524753806003,0.5744632577688359,58.19316225577148
TSLA,2020-12-24,35.293568,34.870086,34.964823,301108916,220.59,68596704,0.037913323360079826,0.748508363028338,0.024443322634861424,0.00894968881684543,1.0048284057005052,1.0252544730961681,1.0607634380680342,0.3979010180313081,59.47209920925412
TSLA,2020-12-25,227.1333,220.2667,221.23,96834675,34.964823,301108916,0.012111658623296903,0.21962916441242694,-0.8414940704474364,-0.8490727281909743,0.19404457496776706,0.17630523562646416,0.1748769486925813,1.656103550095525,18.243554558818275
TSLA,2020-12-28,223.3,218.3333,221.9967,68732433,221.23,96834675,0.031038285946752276,0.525252671591106,5.327216356850998,0.02128150678607693,1.2215117392843773,1.1110656192888841,1.0976918662245616,0.5463574207348414,50.49463761590846
TSLA,2020-12-29,232.2,222.7868,231.5933,128537958,221.9967,68732433,0.02237285509199012,0.3349105032820363,0.003465624011210118,0.04005683854564166,1.2142801826649796,1.108838666766852,1.0941462195465221,0.39362013934687656,52.27333732318813
TSLA,2020-12-30,239.5733,230.3733,235.2233,148949253,231.5933,128537958,0.04064539000048788,0.8066651077139927,0.04322857051478691,0.07554381319176866,1.2446236413256855,1.1430676290706525,1.1297551516607567,0.7392474273312117,52.491058050782414
TSLA,2020-12-31,29.48665,28.41218,29.158471,183631805,235.2233,148949253,0.03911177166547697,0.20579347803717932,0.01567402856645678,0.06633709596989887,1.2445570269452595,1.151554858034613,1.137081948380412,0.8514230947609717,53.53617930101167
TSLA,2021-01-01,248.1633,239.0632,243.2567,145911486,29.158471,183631805,0.03684932587857579,0.2077898851732493,-0.8760391891449529,-0.16606267390514184,0.15523006823631724,0.15845703391068236,0.14701280777147546,1.0218063833795252,35.7730420021378
TSLA,2021-01-04,246.9467,239.7333,245.0367,96456495,243.2567,145911486,0.0374094526481696,0.3776551901873002,7.342573929888163,0.09956470641413916,1.265342774059384,1.3030771045339367,1.2174613957265574,0.8171453431460571,51.87276767506436
TSLA,2021-01-05,258.0,249.7,251.9933,134095740,245.0367,96456495,0.02943803928146265,0.5291124843636681,0.007317372964444561,0.1037853265386377,1.244765565593333,1.2907696389997927,1.2177128335924792,0.5550635353032575,52.18407524028531
TSLA,2021-01-06,272.33,258.4,272.0133,154495407,251.9933,134095740,0.03293738365266065,0.10080722879420892,0.028390033003219555,0.08808544979496387,1.254111715823916,1.3022618190577806,1.2367647943138198,0.789789417046894,51.955038768535985
TSLA,2021-01-07,294.83,279.4633,293.34,225164250,272.0133,154495407,0.05121073123997983,0.9191170129798175,0.07944655671400791,0.1564045738666196,1.3059248523794476,1.369332365425119,1.3146995086763984,0.9226379576116682,52.34527819594095
TSLA,2021-01-08,284.81,267.8741,270.3967,178660275,293.34,225164250,0.052385286698029526,0.521042253365365,0.07840315161060124,9.060198286803171,1.1233571275389846,1.3067290701265195,1.3875933076142986,1.3111021350471648,54.427277972898345
TSLA,2021-01-11,289.3333,275.78,283.1467,138811761,270.3967,178660275,0.06263353066069224,0.7520474254382425,-0.07821401786323028,0.11156938328934009,1.014408604570897,1.1787083762691126,1.2620144889740608,1.03345527550786,53.21309707067417
TSLA,2021-01-12,286.8233,277.3333,284.8033,99937155,283.1467,138811761,0.047866706551762866,0.4535205444773441,0.047152942325109734,0.15552772299006645,1.032711231389827,1.2022405434135224,1.2996657476405717,0.8022238623221559,53.780014052868275
TSLA,2021-01-13,287.6667,279.5833,281.6667,93797238,284.8033,99937155,0.0333212431176184,0.05795574282617456,0.0058506774050341,0.1302018744149149,1.014473534230961,1.1825570025077776,1.2845072312582664,0.5819897583250759,53.593438371561284
TSLA,2021-01-14,286.6333,273.0333,275.3867,116332788,281.6667,93797238,0.028698458142194246,0.0663953286161818,-0.011013215085639764,0.03548870588313136,0.9964482343906343,1.1474064604602852,1.2525561887593957,0.5584283903980386,67.3491479330054
TSLA,2021-01-15,29.224875,28.317833,28.676388,201259725,275.3867,116332788,0.04938510102339736,0.6333308818872542,-0.022295855349602822,-0.061203040839980766,0.9867660895251478,1.0195579843483258,1.2128393407880098,0.8282021304763169,55.09944180346022
TSLA,2021-01-18,283.3333,277.6667,281.5167,76098564,28.676388,201259725,0.03163027365929073,0.05060956327700981,-0.8958686530613135,-0.8939469749445906,0.12428226748131256,0.11533019008952497,0.13174713684865963,1.4191120059697329,37.55902122218274
TSLA,2021-01-19,286.5,279.0933,283.4833,76996599,281.5167,76098564,0.020128823618634405,0.39706349416393577,8.817020888404775,-0.005756733170473099,1.2218078720743621,1.1158280563769047,1.2734519283842571,0.5520526192651812,52.44676136834993
TSLA,2021-01-20,285.24,280.4734,281.6633,60010899,283.4833,76996599,0.026127465004111356,0.3730946300334891,0.006985731219497711,-0.004634777757139729,1.231754417745202,1.1097713522279047,1.2628800521673338,0.5631680747689344,52.36910037577074
TSLA,2021-01-21,282.6667,276.2067,282.2133,60198735,281.6633,60010899,0.016923042512105704,0.7000167819829337,-0.006420131274046807,-1.2071004488635616e-05,1.2238500087303115,1.0984966275940238,1.2379317838145263,0.44031391406834863,65.50469126572774
TSLA,2021-01-22,300.1333,279.6067,293.6,123142026,282.2133,60198735,0.022890487443362802,0.6362229092318572,0.0019526860616914286,0.024789141959288465,1.2190081271683435,1.1054386440805606,1.1764292067244468,0.4845137770345198,53.242400455078325
TSLA,2021-01-25,298.6333,290.5333,294.3633,69274509,293.6,123142026,0.06991348773841971,0.4189685576671404,0.04034785036708057,9.238388460917744,1.0320029166033382,1.1396823631034936,1.2057086710624636,0.9807344395971727,53.97835662843647
TSLA,2021-01-26,297.1667,286.22,288.0533,81821517,294.3633,69274509,0.027517017236863506,0.3411604934059795,0.0025997956403268335,0.045633527247228904,1.025425144664282,1.1376917876364563,1.1911438599504924,0.5516007533877401,53.506577030888586
TSLA,2021-01-27,282.6667,267.0,278.4767,79127121,288.0533,81821517,0.03800234192769173,0.1884951627536204,-0.021436096143778803,0.016120879078238448,1.0002592553392153,1.1119074498075903,1.1524456577392204,0.663853814210844,51.358308082239304
TSLA,2021-01-28,280.8033,260.0333,264.51,104969412,278.4767,79127121,0.05625856669516693,0.328301428936341,-0.03324593052744053,-0.0113135080076105,0.9691495118070732,1.0762663276363855,1.1045742830316605,0.6607074566858012,48.7157811886967
TSLA,2021-01-29,280.6667,265.1867,279.9367,76137696,264.51,104969412,0.07852255113228226,0.5853057291356276,-0.05015392670194671,-0.06273021151023007,0.9320274308030151,1.0266028389595967,1.0023881348768273,0.9062518119795802,49.48336333214258
TSLA,2021-02-01,293.5,280.7335,290.93,73038639,279.9367,76137696,0.055298215632319805,0.5495284234176144,0.05832180257835236,-0.04653712534059962,0.9959749953747847,0.9899393758421249,1.0535270639371193,0.6777470680997683,49.71959698612987
TSLA,2021-02-02,292.6933,284.3549,284.8967,54931530,290.93,73038639,0.04388168975354899,0.7339521397924629,0.03927066368932703,-0.011663478429545987,1.0376225464932864,1.0254015721461276,1.0855253357046333,0.657008389610155,50.52659569643859
TSLA,2021-02-03,285.5,277.8067,283.33,47437983,284.8967,54931530,0.029268152281160278,0.8926532657432361,-0.020737978207816303,-0.010958388603775652,1.0183974249581824,1.00363684299468,1.0565282366890851,0.5123717958560216,50.27624601217073
TSLA,2021-02-04,288.2567,279.6567,284.0767,55699797,283.33,47437983,0.027153142978152762,0.21707199743013936,-0.0054991861962599975,0.017428028987703424,1.0092950758027517,0.9975319595396275,1.0485180052301584,0.46572927615580484,50.684872896012486
TSLA,2021-02-05,292.59,284.9167,287.8067,60484350,284.0767,55699797,0.03027351416008431,0.2802325578136852,0.0026354427699150553,0.07397338474915892,0.9980419768515373,0.9995051674187084,1.0530863386867828,0.5964584793199561,88.23965768547068
TSLA,2021-02-08,286.6,280.5833,283.1533,45453543,287.8067,60484350,0.02666129732212622,0.2714998758402531,0.013130256722920116,0.02811349851591451,1.0055857274719273,1.014697219177359,1.063481791348988,0.6914440914682641,53.70712640534861
TSLA,2021-02-09,281.6067,266.6733,268.2733,108645195,283.1533,45453543,0.02124891357437831,0.31357720957738333,-0.016168490865570456,-0.026730484996390903,0.9947325983370331,1.0022522183708513,1.0462856198882606,0.5489061712463689,49.81147898733368
TSLA,2021-02-10,276.6266,267.2417,270.5533,64868259,268.2733,108645195,0.05566487607972916,0.8664068458178262,-0.052551038607001915,-0.05834886820380862,0.9535961582210088,0.9562780591547679,0.9943389522038165,1.3051588032680743,43.343832083624136
TSLA,2021-02-11,272.4433,261.7769,272.04,70779939,270.5533,64868259,0.03468780458416148,0.02770407779763306,0.008498795817548643,-0.04509476582077438,0.9705159035322904,0.9671368027365616,1.0048592013809117,0.7930449729872642,44.30182165776915
TSLA,2021-02-12,25.202888,24.42089,24.569011,285172963,272.04,70779939,0.039208939861785065,0.464383484151745,0.005495035543828302,-0.04237130324310299,0.9843492663985483,0.9698407131815876,1.0110092778296733,0.8901031870300349,38.33502500719592
TSLA,2021-02-15,273.6667,264.1467,265.4067,59406612,24.569011,285172963,0.03182863160425959,0.411353987972422,-0.909686035141891,-0.9146336377853608,0.10982144896303195,0.09636308221314006,0.09137799906238792,3.406495724338618,10.221540660362763
TSLA,2021-02-16,266.6133,254.0033,266.05,78176661,265.4067,59406612,0.03586947880366238,0.7626050412157515,9.80249831790136,-0.06267488318165461,1.205471016820319,1.0514880531483413,0.9900767989806784,0.7167797768476609,48.026091846743206
TSLA,2021-02-17,264.8967,258.7567,262.46,53861094,266.05,78176661,0.04739710580717904,0.5038302930183739,0.002423827280923996,-0.00828744418471758,1.2108383221851966,1.0619660435581206,0.9957143095687104,0.9425817069825909,48.89973796680671
TSLA,2021-02-18,265.5966,259.1233,260.4333,56874765,262.46,53861094,0.02339404099672326,0.35179153037167066,-0.013493704190941671,-0.029913883881660285,1.2033645669817683,1.056436809364071,0.9858209805203954,0.6518237335408479,49.81509502118937
TSLA,2021-02-19,256.1667,236.7333,238.1667,111790428,260.4333,56874765,0.024855884404951487,0.7054670713461941,-0.007721938581117143,-0.042665416850463336,1.2069177451911632,1.0583511714328118,0.9822262020588118,0.6896821739875522,48.197263646719
TSLA,2021-02-22,237.87,206.3333,232.9467,199814007,238.1667,111790428,0.08159578983963744,0.8257227243684997,-0.08549828305366473,8.693784580909668,0.9213292950102695,0.9877904099821698,0.9077364403327289,1.3650024800818141,45.22255107212631
TSLA,2021-02-23,248.3333,231.39,247.34,110135100,232.9467,199814007,0.13538161304710475,0.38801459874114413,-0.021917421705049442,-0.1223028657528239,0.9243500709134757,0.9866864229034996,0.8983555560642432,2.2597112370306425,45.28925325257068
TSLA,2021-02-24,245.7355,223.5267,227.4067,117071565,247.34,110135100,0.06850206193903138,0.5935502525520111,0.06178795406846292,-0.0703251268558542,0.9962567266662893,1.057024036024432,0.9614106743452964,1.2258992404659779,46.810671639091
TSLA,2021-02-25,235.5667,219.8367,225.1667,123267519,227.4067,117071565,0.09766115070488247,0.6593467451373575,-0.08059068488719981,-0.1335567324544692,0.9425845320881304,0.9900940779833142,0.8927912898368003,1.2761585445348127,45.143226216037675
TSLA,2021-02-26,290.6667,228.35,239.4767,81408606,225.1667,123267519,0.06985935309261979,0.5191735533889565,-0.009850193507930986,-0.13541509476706698,0.96140711724104,1.0007649913129395,0.8908773918200549,1.3304301088275579,44.61783517652258
TSLA,2021-03-01,240.37,228.3333,228.8133,71196474,239.4767,81408606,0.2602203053574732,0.1514842730517687,0.06355291435190018,0.0055003491252135685,1.0213647648013777,0.9715656528876868,0.9551402342103015,0.8761533998674409,46.30847011502164
TSLA,2021-03-02,233.5667,217.235,217.7333,90548880,228.8133,71196474,0.0526048966559199,0.881753303744588,-0.04452792275824745,-0.0177439731921508,0.9793384439730272,0.9422932082110973,0.9240565367435861,0.7670065117283824,46.640912973771
TSLA,2021-03-03,291.3133,200.0,207.1467,197758590,217.7333,90548880,0.07500781919899245,0.7100730476863572,-0.04842375858396336,-0.11970041238780621,0.956147598179408,0.9148675552536252,0.8913992980504981,0.9571288999666581,45.56999591141319
TSLA,2021-03-04,209.2806,179.83,199.3167,268137297,207.1467,197758590,0.4408146497144295,0.1254286067719127,-0.048621869048051006,-0.08909148235298252,0.926137450376081,0.8910953187778132,0.8614925215255608,1.936517830385178,44.639237794520405
TSLA,2021-03-05,206.7083,186.2633,187.6667,155360874,199.3167,268137297,0.14775781457349024,0.31815990155780904,-0.0377992987578369,-0.11480383200535424,0.9122156818934273,0.8805633366003782,0.8438008810139541,2.378314099498352,73.8973885597658
TSLA,2021-03-08,226.03,198.4033,224.5267,202569984,187.6667,155360874,0.10894314228363382,0.6122083636037131,-0.058449693377424,-0.2163467260071648,0.9016570660225217,0.8480142574819357,0.8116862714611851,1.3223730531361917,21.509867099796836
TSLA,2021-03-09,239.2833,218.3533,222.6867,181815615,224.5267,202569984,0.12304416356718377,0.7890917117176172,0.196412043266067,-0.018734050861553907,1.083215190882275,1.0184494329680278,0.9835815060873724,1.6161350158599288,37.97471067171195
TSLA,2021-03-10,234.1667,225.7267,233.2,108761676,222.6867,181815615,0.09398854983256749,0.5134543714699213,-0.008195016450159395,0.02274985039036283,1.0692278772566401,1.0215266455474328,0.9853598919307237,1.409415051081373,38.36356838125711
TSLA,2021-03-11,231.6267,222.0465,231.2433,100751520,233.2,108761676,0.03619210977701543,0.00790284359253186,0.04721117156974344,0.12577221843263725,1.0923772677602182,1.0669187254530346,1.040478585472647,0.8290050497104787,42.40932288661633
TSLA,2021-03-12,237.7267,228.0133,235.98,88269744,231.2433,100751520,0.04142909221586091,0.8256612588195853,-0.00839065180102909,0.16018025584409137,1.0517528326969117,1.0550334629811224,1.041224707676198,0.7592770680536702,47.82387855913441
TSLA,2021-03-15,235.9733,223.6667,225.6267,96587016,235.98,88269744,0.04116196287821005,0.4752918643571826,0.02048362049841005,0.25744205018791294,1.028112816538544,1.0783647351425987,1.0142769647914414,0.7185231575616073,50.95631404353147
TSLA,2021-03-16,234.5767,217.0033,233.9367,121117359,225.6267,96587016,0.0545440765654065,0.7169567543294183,-0.04387363335875918,0.004899194616943082,0.9820644713449131,1.0325565546127575,0.9781390760874621,0.7745061752648038,42.97546542196123
TSLA,2021-03-17,229.7433,217.3333,217.72,100107066,233.9367,121117359,0.07512032100991418,0.8524246868264393,0.036830747424839355,0.05051940686174792,1.0083594061897432,1.0627060856204127,1.0212736475725879,0.9547707940768942,52.28433498915553
TSLA,2021-03-18,219.0767,208.2067,218.29,128624754,217.72,100107066,0.05699981627778797,0.8361563248701401,-0.06932088894132474,-0.06638078902229841,0.9511521426654821,0.9843105723192717,0.9598518128467075,0.7750192208716169,47.62702931104918
TSLA,2021-03-19,233.2067,222.9167,223.3333,118536663,218.29,128624754,0.04979614274588839,0.25360625551646165,0.0026180415212198843,-0.056015893217230564,0.9645589859038027,0.9784941956454072,0.9713887109448416,0.9688903700969204,42.60068856794212
TSLA,2021-03-22,225.9333,219.17,220.72,91475610,223.3333,118536663,0.04607463374248274,0.4726336244192068,0.023103669430574084,-0.053592253580811856,0.9979978670250165,0.9853475561068012,0.9971222823400233,0.8906369221264956,48.007947851855306
TSLA,2021-03-23,222.6733,210.0367,210.09,101355102,220.72,91475610,0.0306419898513955,0.6707820137051684,-0.01170134503005154,-0.021746982959020368,0.9906642728904846,0.9754559600328223,0.9881517153130969,0.7164718347780896,51.15691908655026
TSLA,2021-03-24,215.1667,203.1667,213.4633,117666018,210.09,101355102,0.060148507782379054,0.9928857437974703,-0.04816056542225442,-0.10193654950249362,0.9635800763066993,0.9336752379851921,0.9484704136958965,0.7965907900771904,51.139724588823235
TSLA,2021-03-25,214.6067,199.9633,206.2367,101505216,213.4633,117666018,0.05621575230964761,0.7608333326993051,0.016056451996763293,-0.019551258497152283,0.9828896231924844,0.9570614426547881,0.9667422440355561,0.9245689025186707,55.6737730875792
TSLA,2021-03-26,205.4933,198.6733,203.7633,85907835,206.2367,101505216,0.07100288164036753,0.5271999668607021,-0.03385406297007491,-0.055216913280498325,0.9602737196386102,0.935145590813662,0.9380350271449595,0.8044623846029875,57.72185038322335
TSLA,2021-03-29,212.5533,197.0033,211.8733,118297077,203.7633,85907835,0.03347020783428612,0.2126099703627447,-0.011993015792048778,-0.08762687875028051,0.9663684928756138,0.937627347941726,0.9343739921743319,0.6796362658799376,37.9080932624865
TSLA,2021-03-30,224.0,213.7033,222.6433,99997239,211.8733,118297077,0.07339291925882124,0.7260450156102594,0.03980108292317613,-0.040081098223994194,1.013334173819568,0.9811553678184755,0.9753513445133395,0.9187573386099485,44.13122811435568
TSLA,2021-03-31,230.8068,219.8067,220.5833,105895134,222.6433,99997239,0.0462475178907247,0.6898617997126661,0.050832266264791315,0.05975201104288642,1.052209498498034,1.036450160539393,1.0237736452731159,0.7737920897232986,44.286467359360415
TSLA,2021-04-01,23.804694,22.700399,23.249446,75668512,220.5833,105895134,0.04986823571866049,0.8066653932176386,-0.00925246796108395,0.033354679703724265,1.0355052141118408,1.0254935328811552,1.0111774278576176,0.8496288022032749,44.237002982053625
TSLA,2021-04-02,236.0533,228.2333,230.35,125443290,23.249446,75668512,0.04749769091272112,0.4971923218234934,-0.8946001533207636,-0.8872681438366692,0.13178274966029677,0.11886487549755888,0.11105982689283189,0.6579098239725173,12.689814657063906
TSLA,2021-04-05,232.1833,227.1233,230.54,84815367,230.35,125443290,0.033948339483394804,0.7101406640535302,8.907762963470184,0.13047835405099942,1.2674709243160387,1.1734753434765897,1.0892499165139706,1.1050556586934832,50.49014072585382
TSLA,2021-04-06,230.46,222.6133,223.6567,78927816,230.54,84815367,0.021948468812353614,0.08695652156727911,0.0008248317777295322,0.08810312578319208,1.2429827520340335,1.1685972191118965,1.08860065020076,0.7880279956411904,49.641479726812676
TSLA,2021-04-07,229.85,223.8817,227.9333,71472537,223.6567,78927816,0.03508367958572222,0.6809614224056465,-0.029857291576299086,0.004551675258137074,1.2045543498600895,1.1259629354093716,1.0558561762138416,0.7701364140381274,50.63921040740621
TSLA,2021-04-08,226.99,223.1433,225.6733,64311261,227.9333,71472537,0.026184414475638264,0.3585610636888904,0.019121269338231325,0.03332074549614587,1.217944465541592,1.139194106962084,1.077384861905322,0.710314009240239,51.03008174973509
TSLA,2021-04-09,234.9333,227.3633,233.9933,87402510,225.6733,64311261,0.017045436921425787,0.06499077114152192,-0.009915181327168917,8.706609783304085,0.9914011583501099,1.1170474879647356,1.068108454959705,0.6509300797715922,50.251450186295365
TSLA,2021-04-12,254.3333,236.8867,254.1067,133695849,233.9933,87402510,0.032351353649869435,0.7168560096210638,0.03686745396996451,0.015816366398958153,1.0246715570881888,1.1411546580058443,1.108007825371175,0.8850379000672479,51.40903244178596
TSLA,2021-04-13,260.2633,242.6767,244.0767,147039441,254.1067,133695849,0.06865855957359653,0.9480357198835083,0.08595716202130567,0.10222390908302247,1.0902467067565969,1.2142358517870182,1.1951899376552169,1.3288378192365797,54.58038748562803
TSLA,2021-04-14,247.8967,240.4367,246.2833,83546550,244.0767,147039441,0.07205357987878402,0.7291517401151142,-0.03947160779310424,0.09130064066938298,1.0291791931965983,1.15448396989207,1.1452827447566447,1.4428756709368553,53.142106541533806
TSLA,2021-04-15,249.8033,241.5333,246.5933,83938044,246.2833,83546550,0.030290320131328465,0.1899061659652719,0.00904060076197363,0.08050600767856209,1.022657956556803,1.1509303597175669,1.1479439705676144,0.826545511348263,54.15311123334151
TSLA,2021-04-16,241.8,230.6,238.21,118960536,246.5933,83938044,0.0335370020191141,0.4486094311383203,0.0012587130349479736,0.0927003770494781,1.0064594740490067,1.043469072911357,1.1418570029431814,0.8491898261303055,54.46179010460919
TSLA,2021-04-19,245.75,236.895,239.6633,106767639,238.21,118960536,0.04701733764325602,0.14791964272507158,-0.03399646300203611,0.01802060144457129,0.9689083765161438,1.0046533488346552,1.0992516979159814,1.2032496430179924,52.742048890098594
TSLA,2021-04-20,248.28,232.6667,248.04,93646542,239.6633,106767639,0.03694766783232973,0.059096555551557434,0.006100919356869923,-0.056839902293013125,0.9864095007468554,1.0069083143323982,1.101145237626689,1.0716344864427418,51.80709750946118
TSLA,2021-04-21,251.2567,239.3467,239.8967,106770765,248.04,93646542,0.06294670214481539,0.8400978647434555,0.03495195134173651,0.01623792848723374,1.0175666864321733,1.0315344111794973,1.1297827848708655,0.943587423018138,52.87662786206907
TSLA,2021-04-22,245.7867,238.4867,243.1333,84641139,239.8967,106770765,0.049646368624495445,0.6104114184631292,-0.03283059184002573,-0.025931924738705335,0.9893436449735826,0.9927294293825303,1.0861527115145644,1.0817656489496736,87.60622630773375
TSLA,2021-04-23,249.7667,244.2018,246.0667,93114885,243.1333,84641139,0.030024681933737515,0.43835616378307324,0.01349164036020496,-0.014031200361080402,1.0055612202822084,0.9989056681508923,1.0916882311678622,0.8649449622841271,57.59255717596525
TSLA,2021-04-26,241.3333,234.45,234.9133,88310985,246.0667,93114885,0.022615412812867382,0.16771190826841176,0.012064986573209042,0.03298224255908647,1.0111222057856675,1.0059675315914918,1.0944649893054186,0.9480467726302512,58.930935905621425
TSLA,2021-04-27,236.1667,231.2,231.4667,66663141,234.9133,88310985,0.029301448662123517,0.6402016465355239,-0.04532673458050197,-0.019819471733886665,0.9690742956148674,0.9679655735277187,1.0395300068489641,0.9130741868725766,56.17161166096105
TSLA,2021-04-28,234.0833,222.8334,225.6667,86536347,231.4667,66663141,0.021457514191026195,0.13489842322890508,-0.014671795934925735,-0.06681704563780032,0.9680937319815602,0.9587454011914012,1.0222824839012075,0.7013363583444004,51.95503648471891
TSLA,2021-04-29,238.49,222.0467,236.48,122276166,225.6667,86536347,0.0498518390174536,0.6669659279931678,-0.025057600078110635,-0.059317197777210014,0.9552056314739334,0.9427723351367161,0.995548982184333,0.9197808527380619,49.99648587000274
TSLA,2021-04-30,235.3333,226.8333,228.3,81129429,236.48,122276166,0.06953357577807857,0.848369852250842,0.04791712733868133,-0.027364824152018675,1.0066462147667439,0.9921391183110374,0.9963884080270362,1.2682402414200242,51.289783495626025
TSLA,2021-05-03,227.8155,219.2337,224.5333,89200557,228.3,81129429,0.0372317126587823,0.7411764697162609,-0.03459066305818665,-0.07220278079073676,0.986751083805379,0.961819312194289,0.9623382822236374,0.861261701465231,34.72370703178183
TSLA,2021-05-04,228.4318,222.4467,223.6467,65705682,224.5333,89200557,0.038220611374793795,0.20741569343562502,-0.016498904949627746,-0.044186514769491536,0.9792574744207473,0.9520187159897234,0.9476604762171864,0.944744946217894,37.50473126419379
TSLA,2021-05-05,227.0067,216.6667,221.18,83326827,223.6467,65705682,0.026761405377320642,0.5636163129043504,-0.003948634790474229,-0.0337845573466939,0.9820896523856326,0.9581696337874321,0.9439205030366495,0.700812016498024,35.27857841505036
TSLA,2021-05-06,230.0,220.0733,224.1233,70407516,221.18,83326827,0.04674925400126595,0.5551257248016171,-0.011029449573814427,-0.01988197638375527,0.9751000758283809,0.9552615984189597,0.9348418644063821,0.8831745682334892,33.923752433897306
TSLA,2021-05-07,221.6833,209.2034,209.68,94176972,224.1233,70407516,0.044291245042349506,0.22061712329312097,0.013307261054344849,-0.05225262178619752,0.9989598704134747,0.9759866488803861,0.9475924447654057,0.7438406780947594,40.43021797583963
TSLA,2021-05-10,209.0333,198.5333,205.7333,139511688,209.68,94176972,0.059518790537962676,0.9578041483042274,-0.0644435451378772,-0.0815593517301796,0.9503579388473131,0.9277917158925482,0.8911063607348821,0.9914122015117226,32.68660663657077
TSLA,2021-05-11,206.8033,195.5883,196.63,101451138,205.7333,139511688,0.05103694929308964,0.5701523804093795,-0.018822491415490236,-0.08372922858213006,0.9486364025783608,0.9222358694823855,0.8834140966032366,1.4641740248772899,24.253437504183907
TSLA,2021-05-12,202.1533,186.55,190.5633,132554748,196.63,101451138,0.057036057570055455,0.37449843925591003,-0.04424806290474132,-0.12080079875982974,0.9298275513440909,0.8954116154326649,0.8530141782860367,1.0908240401382443,23.973320468383605
TSLA,2021-05-13,197.6233,190.1533,196.58,100101168,190.5633,132554748,0.0818798792842063,0.6377945686888061,-0.03085337944362507,-0.13842436024957053,0.9280108624478551,0.8818823382194365,0.8368096053329352,1.3886689072034295,19.418266433973244
TSLA,2021-05-14,196.5767,187.0667,192.2767,97166490,196.58,100101168,0.037999796520500555,0.2824631856995157,0.03157323576995158,-0.12289351441817958,0.9837001416952548,0.9268401215877698,0.8728147939665579,1.0398749958102929,22.208881396061926
TSLA,2021-05-17,198.75,187.7933,192.6233,110488101,192.2767,97166490,0.0494599709689213,0.044763406892993955,-0.021890833248550245,-0.08299933231590996,0.9792216877186646,0.9222140269683645,0.8625032586096544,1.0209460559646675,24.060026866804904
TSLA,2021-05-18,188.7367,182.3267,187.82,118240185,192.6233,110488101,0.056881488376536025,0.3002728921114258,0.0018026105087095583,-0.06372327668880057,0.9942634942038765,0.9382360743106088,0.8732714314997917,1.1586539753064542,25.441433831711407
TSLA,2021-05-19,196.2833,190.3567,195.5933,92298357,187.82,118240185,0.03412842082845291,0.5673478930306548,-0.02493623564750478,-0.04480496363728832,0.9783684822620055,0.9310880340216454,0.8632795988282435,1.2241617222902277,25.766169568363296
TSLA,2021-05-20,198.8933,193.3333,193.6267,78091785,195.5933,92298357,0.03030062890702293,0.6625383851406572,0.04138696624427647,0.026395428710564946,1.013548855609216,0.982079843215323,0.9082556322891199,0.9627943856411305,22.75908936459396
TSLA,2021-05-21,204.8267,191.2167,202.1467,103674267,193.6267,78091785,0.028715048079629525,0.9130575523146467,-0.010054536632901023,-0.015023400142435714,1.0064385512609935,0.987323816830591,0.9095786255761681,0.8173931329106796,24.813498157136607
TSLA,2021-05-24,204.6633,198.57,201.5633,83991249,202.1467,103674267,0.0673273419749122,0.6083761935280123,0.044002195978137364,0.051332272709069815,1.040052582294893,1.0347430040838081,0.9595001954749536,1.0792030793127763,34.788901210006216
TSLA,2021-05-25,208.7233,200.5,206.3767,85911915,201.5633,83991249,0.03023020559794367,0.14333776419454586,-0.0028860228734874805,0.046411830759830186,1.027597756818761,1.0339637368651537,0.9643638789251309,0.8762817705367008,34.93283590236234
TSLA,2021-05-26,210.3767,205.4033,210.2833,79111779,206.3767,85911915,0.039846067894292306,0.46899663095229716,0.023880339327645467,0.09880044723671605,1.0325994011648274,1.0533884246900473,0.9933553916179017,0.8874095045503765,40.21332832649521
TSLA,2021-05-27,211.8633,207.46,208.4067,68061054,210.2833,79111779,0.023650950883879026,0.711103066893667,0.018929462482925628,0.07510482209768943,1.0369032759179588,1.0626325869553133,1.0159202711249027,0.8203144127869253,40.96525540126278
TSLA,2021-05-28,33.623418,31.701147,32.262066,57145147,208.4067,68061054,0.021128399422859254,0.2482910538725702,-0.008924151371031348,0.07633244795268422,1.012885983906906,1.0468928100115902,1.0137285268775107,0.7261391344243066,49.00564609966186
TSLA,2021-05-31,211.2667,206.85,207.9667,53647170,32.262066,57145147,0.059583009965945836,0.14907887519981086,-0.8451965987657786,-0.8404027075386341,0.18781210862879247,0.17622783411443418,0.16478529486128315,0.6175795270400751,13.28253791053639
TSLA,2021-06-01,207.7867,199.7133,201.7067,69608337,207.9667,53647170,0.021237534663001295,0.294337400560738,5.446168078634518,0.03176868011190532,1.201709174331904,1.1265524269595644,1.066746975209729,0.5911327922559136,51.407146823834765
TSLA,2021-06-02,201.5167,190.4067,190.9467,90303444,201.7067,69608337,0.04002544288315654,0.6197265085097647,-0.0301009728961415,-0.02262852347188412,1.1718610938710012,1.0844841746771534,1.0404916640472675,0.7653616515612148,51.38249041854269
TSLA,2021-06-03,200.2033,192.4,199.6833,71810688,190.9467,90303444,0.058183775891387415,0.8688838876067664,-0.053344782300240985,-0.09195499595070081,1.1348462324711188,1.0292038244639692,0.9927279881843706,0.9891159607210196,49.30924228888135
TSLA,2021-06-04,203.3333,194.2933,201.71,67630437,199.6833,71810688,0.039078380615705004,0.8261376586493672,0.045754129293672056,-0.04185757943482622,1.1992047962267989,1.0727920080869215,1.0447870851222543,0.7859562501759861,50.89843253762676
TSLA,2021-06-07,207.6967,198.5,201.1967,78160167,201.71,67630437,0.04481681622130792,0.4905973445900463,0.010149571847019782,5.252234435327236,1.0065234656542517,1.0839346956918445,1.0575963573401244,0.7511158266891383,51.09775694816711
TSLA,2021-06-08,203.93,199.21,199.5933,49753698,201.1967,78160167,0.04570999424940863,0.7038720402928528,-0.002544742452035175,-0.03255328857937358,1.0107914305184038,1.0813893957106941,1.0561611440421848,0.8986780151551399,51.63295468801543
TSLA,2021-06-09,205.53,200.1667,203.3733,71758818,199.5933,49753698,0.023648088387736455,0.2394067791537983,-0.00796931560010673,-0.010477589490086411,1.0048699566018546,1.0766970275247727,1.0469299847572735,0.5895860467112993,50.49576631923661
TSLA,2021-06-10,204.1867,200.5067,203.2967,48563409,203.3733,71758818,0.02637170169338851,0.3878209304200398,0.018938511463060137,0.06507889374364682,1.0112474026822558,1.1011928379718587,1.063185376027251,0.8821245924445955,51.202603164389394
TSLA,2021-06-11,208.4967,203.06,205.8967,61149450,203.2967,48563409,0.018101621915161473,0.030788043394600235,-0.0003766472786743064,0.01809565446885135,1.0072470446010087,1.1038322481867218,1.060922308716951,0.6165151766847342,50.144914435309474
TSLA,2021-06-14,205.5967,199.41,199.7867,53292435,205.8967,61149450,0.02640498852094279,0.3347618953873493,0.012789189396581562,0.020756035893113884,1.0159142382933868,1.021632205419739,1.0706855779783098,0.7944585107125968,50.543301552486874
TSLA,2021-06-15,202.8333,197.8333,201.6233,65562381,199.7867,53292435,0.03096652579976546,0.9337126401252483,-0.02967507492835006,-0.007008067229730889,0.9871404294317082,0.9953551484734805,1.0369815007567589,0.719097270207967,49.176453967645834
TSLA,2021-06-16,207.1567,200.4467,205.5333,67879050,201.6233,65562381,0.024798721179546214,0.48899999902199864,0.009192804125599974,0.010170682082013782,0.9942205772578404,1.0045469929426274,1.0427787616655415,0.9172604289284599,48.91213975357197
TSLA,2021-06-17,209.45,203.9333,207.77,73666815,205.5333,67879050,0.032646777918712,0.7308494773012661,0.01939259996240512,0.01062086321065743,1.0113467016790163,1.0166393685926545,1.0602755759257212,0.9661764614199969,49.64088108360117
TSLA,2021-06-18,210.4633,202.96,206.9433,74438223,207.77,73666815,0.02655195649034984,0.600594557252354,0.010882421485958787,0.0220038003568185,1.0178716649846662,1.0236084698834356,1.0679181538706797,1.0518708779312895,88.80265650566173
TSLA,2021-06-21,209.5231,205.1667,207.9033,57468126,206.9433,74438223,0.036257757559679374,0.16215531811049144,-0.003978918996967881,0.005083131492636762,1.0127830623322944,1.016913746951924,1.0623594198421742,1.0855438876715953,49.0020789209893
TSLA,2021-06-22,219.068,210.0133,218.8567,93297684,207.9033,57468126,0.020953972351569254,0.4177761444821937,0.004638951828834313,0.04062632797878941,1.0094615979518597,1.0182753275804384,1.0655536317142327,0.8545938396096912,56.73886281282214
TSLA,2021-06-23,232.54,222.5367,226.6067,137947158,218.8567,93297684,0.04137273384822135,0.9045026329922524,0.05268507041494766,0.08547325631511829,1.0451543476421254,1.0619042861725276,1.118116498095853,1.3798285963652348,80.22525449426027
TSLA,2021-06-24,231.27,222.9,223.9567,97490121,226.6067,137947158,0.04414388453651192,0.16094688736622084,0.03541129880876391,0.10253034423132404,1.0608133285896184,1.0872511481171798,1.152903161694747,1.9551114302505146,79.79346397128141
TSLA,2021-06-25,231.5666,223.44,229.5733,64864227,223.9567,97490121,0.037373295820129535,0.7052927112242617,-0.01169427029297888,0.07790682004139193,1.032756516454854,1.0639896389180419,1.134931382056658,1.3534911091245276,74.2832380415965
TSLA,2021-06-28,229.17,225.2967,226.92,52143939,229.5733,64864227,0.03539871579142695,0.7005758857325618,0.025078954994425157,0.10935362488179128,1.037013209995115,1.0785414675780025,1.10799972798725,0.8957342062988274,77.86937733254761
TSLA,2021-06-29,230.9367,226.0467,226.5667,56743986,226.92,52143939,0.01706901110523533,0.3347791280438448,-0.011557528684738172,0.09146896658205995,1.0077151581995558,1.0526576544104325,1.090207644151459,0.7208231907233978,76.29595130090702
TSLA,2021-06-30,229.33,224.2667,225.9733,55850466,226.5667,56743986,0.02158304817080363,0.004764826166126332,-0.0015569363652388076,0.035228530814912264,0.9993032077495931,1.0389965285261598,1.0820484487479836,0.7914502563516158,73.89436509440958
TSLA,2021-07-01,233.3333,224.42,226.3,81292122,225.9733,55850466,0.022406629455780955,0.39499930797108534,-0.0026190962749601003,-0.0027951512466312545,0.9972431354204364,1.0266520374181647,1.0702626879418033,0.7981652339420144,73.1158002038736
TSLA,2021-07-02,41.996927,41.374122,41.409646,225773524,226.3,81292122,0.039387096774193636,0.0029955235401054104,0.0014457460239772426,0.01046318328498321,0.9966236346630545,1.0195530726256985,1.0650965552621796,1.1539368398618053,71.80925546265556
TSLA,2021-07-05,228.0,217.1334,219.86,69651750,41.409646,225773524,0.015040094764393774,0.9429612648748564,-0.8170143791427309,-0.8196234231071295,0.21859677500687139,0.20159838595593255,0.20253773261916064,2.8814259363603845,14.892019293708287
TSLA,2021-07-06,221.9,212.7733,214.8833,56359380,219.86,69651750,0.049425088692804535,0.6788875999126781,4.30939095687995,-0.03111228626828827,1.1693316887847358,1.0641701234924172,1.0704662043864903,0.8937804938549156,52.267282910300146
TSLA,2021-07-07,218.1433,206.82,217.6033,68222448,214.8833,56359380,0.042472821294162924,0.7165788283644945,-0.022635768216137643,-0.051567154396475766,1.1572448588447164,1.0420859673133205,1.042355483520795,0.7201588263618832,51.15936635537386
TSLA,2021-07-08,219.6367,214.8967,218.9833,53789244,217.6033,68222448,0.052036435109210286,0.7194545753274593,0.012658033453507085,-0.03703977416801014,1.1825543326619619,1.0599045219948737,1.051919120636912,0.8737188943269755,51.21783418208158
TSLA,2021-07-09,229.08,220.7203,228.5667,77697126,218.9833,53789244,0.021645486208308945,0.26476793193087544,0.006341815588274736,-0.03233186036235085,1.1995935804451274,1.069216363215237,1.0545916706882141,0.686576600408313,51.48908868534317
TSLA,2021-07-12,231.0933,222.0986,222.8467,62784276,228.5667,77697126,0.036574444133813035,0.9370431942090681,0.04376315454192161,4.519648731119314,1.039037214952751,1.1165574169698853,1.0947678421466993,0.9813773383210156,52.50224324434528
TSLA,2021-07-13,226.2033,217.6133,217.7933,64923570,222.8467,62784276,0.04036272468921458,0.6588991287548245,-0.02502551771539773,0.013584553806968,1.0102913880371567,1.0907854598143092,1.061508493603908,0.7882906280022696,50.48937347214291
TSLA,2021-07-14,222.0467,212.6267,216.8667,60620313,217.7933,64923570,0.03944106636889199,0.6740395801233553,-0.022676575421579095,0.013542234319744701,0.9847830512266623,1.070647956501348,1.0334570552189288,0.8154776558958118,48.911838625828715
TSLA,2021-07-15,218.9,214.0667,214.74,48752910,216.8667,60620313,0.04343682086738069,0.2756475580937922,-0.0042544926772310225,-0.0033850589582050524,0.9812469351120173,1.0708869370883969,1.0263005779494714,0.7649132625582926,49.12087990136238
TSLA,2021-07-16,215.7333,207.0967,215.4067,63516270,214.74,48752910,0.022507683710533705,0.7213911805156036,-0.009806484813021083,-0.019377276714708402,0.9753696675567358,1.0664730740087527,1.0145629167635561,0.6249930000956028,48.14469745369134
TSLA,2021-07-19,220.7972,213.5003,220.1667,46364781,215.4067,63516270,0.04009438889319606,0.6302711707960627,0.0031046847350283675,-0.057576191107453524,0.9902359520045632,0.9846938355694725,1.015682147694175,0.8199940066691943,48.552760485212765
TSLA,2021-07-20,221.62,216.7634,218.43,41560014,220.1667,46364781,0.03314261421005081,0.3887541279327441,0.02209773419304038,-0.012026204561252227,1.0146179620624802,1.0063122507063647,1.035133633982139,0.6028895946242046,49.20432510572008
TSLA,2021-07-21,220.7233,214.8667,216.42,45317181,218.43,41560014,0.022234125349082152,0.29650372627660426,-0.007888113870081101,0.0029234140811495073,1.006024170187805,0.996758515570433,1.0270714059270702,0.559223337811032,49.06484370501374
TSLA,2021-07-22,216.2667,212.4334,214.46,43783932,216.42,45317181,0.027061269753257493,0.4088208168411387,-0.009202032687817696,-0.002059790645590223,0.99717701500069,0.9881198697792974,1.0200632359739221,0.6503064815894474,48.780249648230416
TSLA,2021-07-23,222.7333,215.7033,219.2067,75977118,214.46,43783932,0.017874195654201154,0.2591239917065636,-0.009056464282413731,-0.0013039023935922562,0.9884011498378537,0.9811973920627967,1.013092435024747,0.653485934107971,88.96292211708537
TSLA,2021-07-26,222.1667,209.08,214.9267,98437011,219.2067,75977118,0.03207018763568815,0.31532005645046973,0.022133264944511816,0.017641048305368456,1.006751365915931,1.0072278334860671,1.0380572141113147,1.1246502662763793,49.324641438669836
TSLA,2021-07-27,218.3233,213.1334,215.66,47524788,214.9267,98437011,0.06088913103862842,0.47426776767690193,-0.019524950651599614,-0.023800147797100928,0.9918686107645308,0.9911687642338872,1.0206876697482952,1.4088419029314208,50.04552110123308
TSLA,2021-07-28,227.8967,216.2667,225.7833,90883911,215.66,47524788,0.024065195214689764,0.000963409697751664,0.003411860880942133,-0.012681408231470083,0.9978037767932475,0.9955299017880161,1.0268293946619838,0.6846974326629018,47.87308327952106
TSLA,2021-07-29,232.51,223.0,229.0667,88903233,225.7833,90883911,0.05150956691659669,0.7899054163457373,0.046941018269498286,0.04326448572220687,1.0356683403412015,1.0379886429758807,1.0750784407129639,1.2771485202245032,56.24692247201746
TSLA,2021-07-30,242.3133,232.8,236.5567,100772745,229.0667,88903233,0.041516291979584945,0.5412618290838476,0.014542262425963303,0.06810920451366217,1.036835507277733,1.0461927207285153,1.0899945461087142,1.2426694846236006,50.5194610902865
TSLA,2021-08-02,240.8833,233.67,236.58,64860759,236.5567,100772745,0.04021572840676246,0.33883089954187223,0.03269789978202859,0.079149040608704,1.0541804434856747,1.0700646064589812,1.0756912308387552,1.5434140565677823,63.73835596671532
TSLA,2021-08-03,241.6333,236.31,236.9733,51007941,236.58,64860759,0.03048989770902022,0.42791787333409104,9.849647040225914e-05,0.10074737108046604,1.0343229250781731,1.0622830212392396,1.0717229933552088,0.997051745111823,70.93612857642756
TSLA,2021-08-04,240.3166,237.1367,238.21,38758911,236.9733,51007941,0.022463712156601562,0.0050156857494126714,0.0016624397666750452,0.09882824816841324,1.0170877111660486,1.0552626265711935,1.0681601739250846,0.7873420990736749,72.67658244122941
TSLA,2021-08-05,238.7767,232.5433,233.0333,46869147,238.21,38758911,0.013349145711766942,0.14362086812911554,0.005218731392946012,0.05503817155653235,1.0116047684248515,1.0505757327899148,1.0687709773112184,0.6121909337481387,77.0121583485639
TSLA,2021-08-06,239.6767,235.0433,237.92,44146047,233.0333,46869147,0.026748966778567772,0.684490004356387,-0.021731665337307464,0.017316353708330366,0.9862980871175456,1.019394734909285,1.04225971659283,0.7443588320124627,68.37888450036911
TSLA,2021-08-09,238.8633,233.96,236.6633,40296915,237.92,44146047,0.019474613315400232,0.2582768587683382,0.02096996437848149,0.0057631003476121415,1.0058199910274361,1.0323207692074057,1.0618947340608,0.7203020499711537,68.46221201702991
TSLA,2021-08-10,238.3933,234.7367,235.94,29401674,236.6633,40296915,0.02071846374152647,0.27193930562694885,-0.005282027572293188,0.00035210076929571366,1.0004367602668887,1.0172737255177058,1.0530388976893046,0.6697858989379903,69.15258581389533
TSLA,2021-08-11,240.9333,233.1333,240.75,53045058,235.94,29401674,0.015498007968127479,0.44576929266047793,-0.0030562406591980876,-0.004360406847522472,0.9982512621358566,1.005400458664422,1.0455992553617375,0.5035586894179239,71.07381448997485
TSLA,2021-08-12,243.3,238.1133,239.0567,50178801,240.75,53045058,0.03239875389408104,0.6799102555385765,0.020386538950580665,0.01066286050123837,1.0164175391743995,1.0193957022277194,1.061298905546249,0.9144277987967226,76.73736966930684
TSLA,2021-08-13,236.5,225.4667,228.7233,69286359,239.0567,50178801,0.02169652638892782,0.42030578128616425,-0.007033437175493223,0.025847808017137507,1.0041614510261858,1.0079621507643959,1.0482161301887847,0.8639554334624324,71.52461505096508
TSLA,2021-08-16,224.86,216.28,221.9033,71120637,228.7233,69286359,0.04823863594133172,0.5709987034060549,-0.04322572845688914,-0.038654589778076634,0.9682366080102899,0.9675880858594278,0.9999867308676984,1.1870440997790117,63.22440638455314
TSLA,2021-08-17,231.9233,223.1167,229.6633,61035525,221.9033,71120637,0.03866549077909167,0.27001165469695537,-0.029817688009922877,-0.06236708437683405,0.9512533423047322,0.9446017007175119,0.9698012786982778,1.1931669671174099,55.35904659391144
TSLA,2021-08-18,228.85,222.53,224.49,42940458,229.6633,61035525,0.038345699987764714,0.7283173974878853,0.03497018746453969,-0.026602949902517613,0.9898455869968071,0.9806862330814198,1.001257635809474,1.0075129986814966,53.471302704753185
TSLA,2021-08-19,230.71,224.5667,226.7533,43925595,224.49,42940458,0.02815270167936208,0.24999999960442815,-0.022525584192162978,-0.0675389408099688,0.9813027490115285,0.9642448110580139,0.9769850794894366,0.7102110194878651,46.03932034886037
TSLA,2021-08-20,237.3766,226.9168,235.4333,60720777,226.7533,43925595,0.027092439228006873,0.14054335594787457,0.010081963561851249,-0.05146645126449085,1.0019736937457955,0.976600602481662,0.9842022323638788,0.7264195302821939,40.672312083729764
TSLA,2021-08-23,238.4067,234.2133,236.1633,39220863,235.4333,60720777,0.044427869804314006,0.6646972211087225,0.03827948700195326,0.029336757558149993,1.0341959433625434,1.0150715073641559,1.0182910721933942,1.016999389536844,49.06325614679438
TSLA,2021-08-24,238.99,234.6667,237.0667,37936686,236.1633,39220863,0.01775635757122295,0.17408308252472646,0.003100665878616108,0.0642622259335485,1.0245667864523065,1.0184384550018077,1.0167787898327245,0.6911773376248685,49.34192781029322
TSLA,2021-08-25,238.4667,232.54,233.72,39642876,237.0667,37936686,0.0182366397305063,0.32151365780418756,0.00382531917533336,0.032235886186430335,1.0219215064385356,1.0218378147064626,1.015986398012587,0.6742429581145458,49.06608549896176
TSLA,2021-08-26,238.3333,234.0334,237.3067,41501289,233.72,39642876,0.025358120828341654,0.40212934617556034,-0.01411712399927952,0.04111541716780253,0.999541028824177,1.01047431072699,0.9999429905855316,0.7381797989450803,50.578224017810676
TSLA,2021-08-27,243.6667,237.5767,243.6367,55752660,237.3067,41501289,0.018119589543826652,0.5364543348997555,0.015346140681156972,0.04654132927723659,1.005801100289059,1.026758038773581,1.0135017643422946,0.8084647818008713,49.472022258914855
TSLA,2021-08-30,246.7967,242.1467,245.24,62533908,243.6367,55752660,0.024996234146990187,0.8864367801536306,0.026674341685253657,0.034843838998136575,1.0254990052137676,1.0473877587412537,1.0389654639730839,1.135898090855039,55.521001244588575
TSLA,2021-08-31,247.33,243.7567,244.6967,39613005,245.24,62533908,0.0189610177785026,0.19498924689249736,0.006580699869929361,0.03843399884740778,1.0244199082332968,1.0438084144220752,1.0438750818985854,1.2770855732947204,57.26183522973949
TSLA,2021-09-01,246.99,243.5133,244.13,38390217,244.6967,39613005,0.014602975847242801,0.0009515014105964097,-0.0022153808514109295,0.03218503484462388,1.0156760737443071,1.0348742086457188,1.0398532423046474,0.8185120816592496,53.301754990655326
TSLA,2021-09-02,244.6667,241.4,244.5233,45813135,244.13,38390217,0.014241182976283219,0.20228952684359108,-0.00231592824913453,0.04454047578298818,1.0046418544175064,1.023972224527962,1.0361416855953618,0.7935482375284231,54.32579412381629
TSLA,2021-09-03,59.110183,56.278229,57.751231,159092130,244.5233,45813135,0.013359463085930813,0.1347537265902804,0.0016110269118912491,0.030410435103602213,1.0003189261042982,1.018034055885452,1.0352865932640087,0.9480189800029329,66.22176591375772
TSLA,2021-09-06,253.4,246.42,250.9733,61112865,57.751231,159092130,0.049037119226081886,0.21735098727821447,-0.7638211532397936,-0.7629616925528871,0.27863038385664696,0.259645408785113,0.25420851096158653,2.942204275034927,14.104398941607641
TSLA,2021-09-07,254.8167,246.9244,251.29,56379108,250.9733,61112865,0.027811723398465167,0.6169914031275183,3.34576537424804,0.023378323275158968,1.2042003356475854,1.120894583900771,1.1012621446783872,1.108860241838974,52.57296214310848
TSLA,2021-09-08,254.0333,250.5434,251.62,42224193,251.29,56379108,0.031407139161924495,0.3256338452344287,0.0012618872206724672,0.02694478511561455,1.1981391655753004,1.1152246767586025,1.098950806990761,0.9985301715039364,53.27422191549224
TSLA,2021-09-09,254.2033,244.84,245.4233,45547110,251.62,42224193,0.013869724187266536,0.13848534302276852,0.0013132237653707371,0.030680375209929174,1.1912045369287234,1.1078881335261335,1.0977847008174932,0.7550678986795606,53.052445408367774
TSLA,2021-09-10,248.26,236.2833,247.6667,69914181,245.4233,45547110,0.03815163433952689,0.8305511936704427,-0.024627215642635692,0.0036806308437682855,1.1608792480531749,1.0767558708097074,1.0692642922378295,0.8178765242975972,51.233817909986165
TSLA,2021-09-13,251.49,245.4667,248.1633,56548992,247.6667,69914181,0.04835813615637465,0.07753387821558946,0.009140941385760765,3.2885094518591305,0.9930713833247271,1.0846806107414904,1.074603864804484,1.2547218379391551,51.4154395467534
TSLA,2021-09-14,252.2867,246.12,251.9433,46763832,248.1633,56548992,0.024271517988356885,0.10625404660857757,0.002005114131209407,-0.011196410136058307,0.9973099994188867,1.0854658104028199,1.0706590336937887,1.028307853178948,51.36675296205394
TSLA,2021-09-15,252.97,249.2033,252.33,41770179,251.9433,46763832,0.024476538967299354,0.5854022401196698,0.015231905765276338,0.0025997851088384,1.0119695543905827,1.098517594427917,1.0817680537142267,0.861550427134448,52.24214558069296
TSLA,2021-09-16,253.68,250.0,253.1633,84552528,252.33,41770179,0.014927674077596742,0.3681471835608231,0.0015348691550837784,0.002821715284953533,1.0129450466975172,1.0962840804826213,1.0769914362925428,0.7703806767421459,51.8630969758538
TSLA,2021-09-17,247.3333,239.5416,243.39,73503156,253.1633,84552528,0.01453607217159836,0.21195652116316155,0.003302421432251337,0.03153734792091859,1.0100137512640965,1.0957911218140948,1.0744921278944628,1.5031152567811106,51.19775961494345
TSLA,2021-09-20,248.2466,243.48,246.46,48359769,243.39,73503156,0.03201322979580106,0.187712565694634,-0.038604726672467955,-0.017267965374432676,0.9743473506070786,0.9751345692917266,1.0312703353301462,1.2920077661308806,49.772085605789734
TSLA,2021-09-21,251.2233,246.3733,250.6467,45378816,246.46,48359769,0.019340258054045326,0.32098350958548283,0.012613500965528665,-0.006863625685183847,0.9879846380134286,0.989223182854289,1.0420052211661672,0.8432746380255751,50.21588916960889
TSLA,2021-09-22,252.7333,249.3067,251.2133,35692581,250.6467,45378816,0.01934994556082324,0.5782680400448134,0.016987340744948478,-0.005146396034345759,1.005813449546144,1.0062872805941658,1.0566726907941995,0.7861928943634822,50.79086004189148
TSLA,2021-09-23,258.2667,248.1867,258.13,63294066,251.2133,35692581,0.013640201374688393,0.13231774898640322,0.0022605524030437823,-0.004425553838227752,1.0089914371205488,1.0087267510731912,1.055170519107113,0.6205011584165773,50.81155018998305
TSLA,2021-09-24,266.3333,256.4367,263.7867,84196821,258.13,63294066,0.0390500910393988,0.9424603165253358,0.02753317599028392,0.01961856240616236,1.0326521794789731,1.031238541738494,1.0795018346649738,1.0798856668531573,93.12582445717075
TSLA,2021-09-27,265.2133,255.3934,259.1867,76100166,263.7867,84196821,0.0375174335931267,0.6143524032350947,0.021914151783984818,0.08380253913472209,1.0383367918750892,1.047093977175376,1.0985296858668383,1.40248491665467,64.31556038200449
TSLA,2021-09-28,264.5,256.8933,260.4367,62815731,259.1867,76100166,0.03788736073263015,0.32722329114632265,-0.017438331803688444,0.051637993994968615,1.0101094855862605,1.0243521391166879,1.0762477103411994,1.2534546167445277,58.05182648913975
TSLA,2021-09-29,263.0435,258.3333,258.4933,54639987,260.4367,62815731,0.029207481126891834,0.06617850044542507,0.004822778329289274,0.03905896227638331,1.0072945853400967,1.0258488510496964,1.0779156492962965,1.0152451011870565,58.824341880068104
TSLA,2021-09-30,260.26,254.53,258.4067,51094242,258.4933,54639987,0.01822174888091872,0.39064158551518435,-0.007462081956959204,0.02897935738274993,0.9941794572354834,1.0157280029165705,1.0667014939494799,0.871660134055777,64.29871738207655
TSLA,2021-10-01,268.99,258.7067,260.51,91450023,258.4067,51094242,0.02217434764655866,0.18499127367366341,-0.00033501835444081456,0.001071940495099389,0.993634902935846,1.013299962225753,1.0632982370420325,0.811676493916145,62.33161716414141
TSLA,2021-10-04,265.77,258.0667,260.1967,55297875,260.51,91450023,0.03947372461709722,0.4852527880298622,0.008139494835079702,-0.012421778656770813,1.0042532443651797,1.0147354577144028,1.0290262548241653,1.5352485430700642,63.67197967811876
TSLA,2021-10-05,262.22,257.74,260.9167,43898304,260.1967,55297875,0.029605679088166588,0.18199992187504,-0.0012026409734749903,0.003896804890065917,1.002265024420601,1.0081209394721473,1.0259198466888835,0.9328854589010729,59.89934415375688
TSLA,2021-10-06,268.3333,261.1267,264.5367,57587346,260.9167,43898304,0.01717023095876967,0.4873660703407001,0.002767137323417132,0.001843058217217536,1.0046669162835262,1.006904009637257,1.0268099889899485,0.7484520305790237,60.21742079348118
TSLA,2021-10-07,265.46,260.3033,261.83,51232590,264.5367,57587346,0.02724234482398843,0.37697388452672154,0.013874159837220096,0.023379329367531076,1.0138871386271673,1.015651845530842,1.0384168589123286,0.9691529712069162,62.69165703266931
TSLA,2021-10-08,267.08,261.8333,263.98,42563466,261.83,51232590,0.019694840163464847,0.6929431599803334,-0.010231850627909142,0.01324772151805655,1.0008867804121757,1.0038338378381446,1.024492904771344,0.8581018040092139,74.4303126656068
TSLA,2021-10-11,270.7733,265.5233,268.5733,66058860,263.98,42563466,0.019875369346162495,0.2725522704317935,0.008211434900508094,0.013320026102644917,1.0064354988764053,1.0120017550360008,1.0296193819159514,0.7296132618079152,73.79141770776755
TSLA,2021-10-12,271.8033,268.5933,270.36,42360225,268.5733,66058860,0.01954773613013654,0.3041142851350249,0.017400181831956962,0.03219333681019012,1.017448976831755,1.0259190250920966,1.0433819456116697,1.123210899345136,74.07767564053664
TSLA,2021-10-13,273.4167,271.1167,272.7733,35894160,270.36,42360225,0.011873058144695884,0.06333333313603766,0.006652560027374263,0.036192777235033335,1.0169415021665862,1.0288440908478924,1.0465791193452465,0.7229652800046937,74.90031654212198
TSLA,2021-10-14,281.07,274.1167,281.01,56773701,272.7733,35894160,0.008431910307937072,0.41013043299944046,0.008926246486166564,0.031135944464416507,1.0197006153045127,1.032417447534018,1.05175947800633,0.6156957397056814,71.57023624691769
TSLA,2021-10-15,291.7533,283.8233,290.0367,72621732,281.01,56773701,0.02474395928970504,0.9248126775418659,0.03019613723190644,0.07325363785662456,1.0356405404126465,1.0545705054181416,1.07773267228612,0.997612120560849,73.57851015653024
TSLA,2021-10-18,292.65,287.5033,288.09,52130634,290.0367,72621732,0.027341367489010896,0.7700756610717815,0.03212234440055516,0.09870709902265314,1.0487651701861787,1.0765171756624772,1.1024902007200061,1.2770784142114737,87.66788766788775
TSLA,2021-10-19,289.83,285.7933,288.6,42096156,288.09,52130634,0.017864903328820694,0.85880272629297,-0.006711909217006059,0.07266805747257808,1.0272272814793157,1.0583347081875958,1.0864938116070868,0.9137058474655996,83.19986937740569
TSLA,2021-10-20,300.0,285.1682,298.0,94444362,288.6,42096156,0.013987179487179473,0.03715906548131979,0.0017702801207957505,0.06746560142032848,1.015832341905372,1.0495346917400967,1.080682982658071,0.7399579074563619,87.43375947758582
TSLA,2021-10-21,303.3333,296.9867,303.2267,68642505,298.0,94444362,0.04977114093959727,0.8540231119257117,0.03257103257103249,0.09248229207184132,1.0306164324389082,1.0706894697654719,1.1061919185441846,1.578610617492837,89.9716718456913
TSLA,2021-10-22,348.34,314.7333,341.62,188556294,303.2267,68642505,0.02093021491840931,0.744760973206499,0.017539261744966422,0.07906017579445572,1.032821273481842,1.073501849786699,1.1162506146292304,1.1422342727755885,90.56658961711373
TSLA,2021-10-25,364.98,333.8133,339.4767,187211904,341.62,188556294,0.09837450968912824,0.7372547733823156,0.12661582901505708,0.17785094093264753,1.1240926263906623,1.1770705201754474,1.239823702019867,2.886967845233134,94.8711618305281
TSLA,2021-10-26,356.96,343.5933,345.9533,115418847,339.4767,187211904,0.09180806812367386,0.06694966099492525,-0.006273930097769482,0.17837030094762063,1.0805004878022697,1.141791516152296,1.214352485260657,2.6416798886367365,92.62458031933707
TSLA,2021-10-27,360.3333,351.4,359.0133,81639519,345.9533,115418847,0.038637295843109404,0.04488766857572101,0.019078187103857256,0.1987293832293832,1.062329578259027,1.1347245118853344,1.218877156552135,1.5703530646581925,92.84633196505627
TSLA,2021-10-28,371.7367,357.735,371.3333,89736651,359.0133,81639519,0.024882922164722116,0.32592658891347487,0.03775076000142216,0.2047426174496645,1.0626159510800395,1.1451682373231464,1.242881973116628,1.090728194921144,96.1181929571302
TSLA,2021-10-29,403.25,372.8867,402.8633,168128235,371.3333,89736651,0.03770655634708756,0.7651428035416126,0.034316277419248795,0.22460621046893303,1.0564869079637458,1.151296138403584,1.2608862012693403,1.1687388049831657,96.45989511249135
TSLA,2021-11-01,402.8633,382.0,390.6667,128135646,402.8633,168128235,0.07536874170469235,0.698099349972467,0.08491024101528188,0.1792731690182073,1.107595021972189,1.206836390860807,1.3356672894159693,2.0855786985853046,97.12922018670595
TSLA,2021-11-02,405.13,384.2067,404.62,103877037,390.6667,128135646,0.05340434697915124,0.20202940081289558,-0.030274785516575944,0.15079090847766577,1.0446583937929328,1.13541037655911,1.2678097506677095,1.5207795190125908,89.34680098561026
TSLA,2021-11-03,414.4967,405.6667,409.97,76027230,404.62,103877037,0.05171098808758831,0.5819684272643564,0.03571663517776154,0.16957982479138078,1.0490555181689198,1.1376041312500857,1.283171136964565,1.1904928026107606,90.09450802488018
TSLA,2021-11-04,413.29,402.6667,407.3633,64496736,409.97,76027230,0.021538161328877682,0.16987542449617762,0.013222282635559347,0.1419354101923244,1.0355637084239373,1.1174671174186541,1.2708314198429678,0.862206805649329,89.91749064588579
TSLA,2021-11-05,399.0,377.6667,387.6467,100029345,407.3633,64496736,0.02607819604760672,0.18544143516097705,-0.00635827011732577,0.09702873402412326,1.010584657287907,1.0797144642743597,1.23489641176162,0.7259818937706419,87.81966976375959
TSLA,2021-11-08,391.5,337.1733,341.1667,177308181,387.6467,100029345,0.05503284305012788,0.2055471960711431,-0.04840053092657088,-0.0377711248455741,0.9689875355121395,1.0150724817412398,1.1535050172464825,1.0906661693074249,78.79306884247217
TSLA,2021-11-09,359.3667,329.1033,355.9833,128404407,341.1667,177308181,0.1592379912810952,0.9209707195686517,-0.11990299414389446,-0.12670647383050565,0.8744425973644105,0.8929670826802285,1.0043486772478984,1.8227245328789994,62.00958542510935
TSLA,2021-11-10,368.3233,351.56,354.5033,67189704,355.9833,128404407,0.08501353855644349,0.6337688426833179,0.04342920923994046,-0.12020340072166481,0.9357491338657188,0.9293082755703729,1.0349234287173878,1.2640883608549052,62.927136389802094
TSLA,2021-11-11,351.5,339.7333,344.4733,76478544,354.5033,67189704,0.0472867248344374,0.7806756421583567,-0.004157498399503464,-0.13529453374637168,0.9598482300482174,0.926535537364439,1.0185203341525808,0.6514200336265104,61.62613423543123
TSLA,2021-11-12,343.9933,326.2,337.7967,104326947,344.4733,76478544,0.03415852549384819,0.3988713909601908,-0.02829310756768704,-0.1543830777097495,0.9655747734311306,0.9066860606361782,0.980761826576879,0.7344618357411874,50.74242934392591
TSLA,2021-11-15,352.4,334.06,351.5767,79595877,337.7967,104326947,0.0526745820785105,0.07942877370727777,-0.019382053703436545,-0.12859647715303657,0.9740820138930021,0.9046050147421529,0.955257890618962,0.9868797138305998,49.57293853873803
TSLA,2021-11-16,373.2133,351.8333,363.0033,94336095,351.5767,79595877,0.05216500410863397,0.9345692470367706,0.04079376737546586,0.03051294279306868,1.007768125506748,0.9514673486509162,0.985380963479168,0.7432809176088849,51.378308636819085
TSLA,2021-11-17,370.6667,358.34,365.46,62696790,363.0033,94336095,0.058897536193197125,0.3975678202069375,0.03250101613673491,0.019720026192240028,1.0363508607886256,0.993581385742204,1.0069081313971544,0.8599524168103051,50.98585215676779
TSLA,2021-11-18,379.5733,364.2333,379.02,64926774,365.46,62696790,0.03372927269742247,0.2750127769192007,0.0067677070704314675,0.030907187605869833,1.0368777343373183,1.012642570672385,1.0043259997235945,0.5799253705501467,48.47446515501063
TSLA,2021-11-19,400.65,377.4767,385.6233,99215277,379.02,64926774,0.040472798269220706,0.8298565835528924,0.037103923822032515,0.1002884693820972,1.0546750890040368,1.0585288063832343,1.0308546671025764,0.60158581851918,43.169271476430666
TSLA,2021-11-22,393.5,354.2333,369.6767,108515100,385.6233,99215277,0.06009310122080275,0.07853866299640813,0.01742203577647615,0.14158397639763795,1.045229010313044,1.0775794690592702,1.0425754968575114,0.9589817142932734,48.50730807570185
TSLA,2021-11-23,377.59,354.0,372.0,67680714,369.6767,108515100,0.106219028681007,0.49643336453115977,-0.041352791701123846,0.051482365014518784,0.992269739588067,1.0248537571532894,0.9953984222223334,1.0903394117104672,39.778458629483346
TSLA,2021-11-24,89.292017,86.96181,87.715526,46860782,372.0,67680714,0.06341397849462359,0.5031793130550328,0.006284680641219794,0.024784072210913718,0.9937065253395164,1.0267356158273282,0.9981539652223035,0.6967535178728664,38.69287624402184
TSLA,2021-11-25,369.5942,360.3333,360.64,34863570,87.715526,46860782,0.026565502212230953,0.07484656910374653,-0.7642055752688172,-0.7599859738411864,0.27513667220488286,0.26134235977943826,0.2442491849207977,0.49121190033404327,14.450462243298688
TSLA,2021-11-26,380.89,366.73,378.9967,58393401,360.64,34863570,0.025679070541259962,0.6316880641928049,3.1114728081320515,-0.04849348319349901,1.144412576381876,1.0693512012193371,1.0057212069986483,0.37627437121961466,48.07860442276239
TSLA,2021-11-29,389.3333,372.6667,381.5867,81276114,378.9967,58393401,0.03736180288641028,0.8474576265201589,0.05090034383318542,-0.0171841276188446,1.2077428711470424,1.1102186561404666,1.0604417576430345,0.6698956352202963,52.80361219915507
TSLA,2021-11-30,390.9466,363.5867,365.0,68804094,381.5867,81276114,0.04367709880873735,0.007800031195444482,0.006833832590099154,0.032217340178593956,1.2068356775978328,1.1080646897680415,1.0690466520100175,0.9581630400673034,51.932510747393664
TSLA,2021-12-01,371.0,352.2167,361.5333,73114869,365.0,68804094,0.07495863013698625,0.8003793870590253,-0.04346770995949284,-0.01881720430107527,1.1595113189290294,1.0592854723171348,1.0282845547439967,0.8282536467977868,50.774612244166384
TSLA,2021-12-02,363.5251,333.4033,338.3233,92321985,361.5333,73114869,0.05195455024474923,0.25661092552607284,-0.00949780821917809,3.1216568660832062,0.9783033123354389,1.0504216299546025,1.0255150271749374,0.8816916701750146,51.27127078200596
TSLA,2021-12-03,340.5467,316.8333,336.3367,81663111,338.3233,92321985,0.0890325910157533,0.7726430688827873,-0.06419878888058163,-0.06188082298136638,0.9266897295994391,0.9947480081451849,0.9691681483039729,1.094940086675477,50.03829731571394
TSLA,2021-12-06,352.558,342.27,350.5833,56084571,336.3367,81663111,0.07050494340938701,0.10542562428608913,-0.005871898270086659,-0.11256034683151588,0.9432927786939498,1.0034483093324158,0.9706104886156001,0.9791902328049162,48.87231756091558
TSLA,2021-12-07,357.46,344.3334,356.32,41906370,350.5833,56084571,0.0293453795431785,0.2446150852987781,0.042358148843108706,-0.081248638906964,1.00065071082694,1.051944869776443,1.0103509526881602,0.7251930459970523,49.08480261420695
TSLA,2021-12-08,354.1633,334.12,334.6,59438496,356.32,41906370,0.03683935788055679,0.41265064798755857,0.016363300818949406,-0.023780821917808236,1.022089079859372,1.074212190997197,1.0268338103393568,0.5739613111047126,49.32973723229654
TSLA,2021-12-09,340.3266,327.51,339.01,59664366,334.6,59438496,0.059902271368798526,0.945288450033033,-0.06095644364616067,-0.07449742527175221,0.9748489552247156,0.9388538463265169,0.9670149179764292,0.8184305299589983,46.78107613879889
TSLA,2021-12-10,335.0,317.14,322.1367,78595506,339.01,59664366,0.03780596442582813,0.21534572334679516,0.013179916317991536,0.002029715363972784,0.9873023269359582,0.9570362674992731,0.9805341900461175,0.8311621756568194,46.61136552769463
TSLA,2021-12-13,322.1367,310.0,319.5033,70792767,322.1367,78595506,0.055442301358398505,0.6472564386073588,-0.049772278103890656,-0.04221959720720334,0.9459862567174699,0.9242380423649306,0.933845656307825,1.1148663529814142,46.54864768640304
TSLA,2021-12-14,326.25,309.4167,325.33,72469230,319.5033,70792767,0.03798614912584633,0.3710481429292588,-0.008174790391780864,-0.08865225468526305,0.9556982357903049,0.9333068991611891,0.9305376372239086,1.0104946508996344,46.19051190965246
TSLA,2021-12-15,331.66,307.2833,308.9733,82771443,325.33,72469230,0.05174223096548123,0.4510880216885052,0.018236744346615385,-0.08697238437359679,0.9915091004400882,0.9614689536228137,0.9527343928505685,1.0508239918269995,78.93729503054104
TSLA,2021-12-16,320.22,303.0134,310.8567,100880262,308.9733,82771443,0.07889581397486459,0.9241078567139481,-0.05027725693910795,-0.0765890615660491,0.9566013456859711,0.9275367304765015,0.9123799181052197,1.1829912153893025,33.22510829538422
TSLA,2021-12-17,307.2295,297.7967,299.98,56471613,310.8567,100880262,0.05535219282711307,0.34483279651713095,0.006095672344503537,-0.08304563287218666,0.9795081295689437,0.9409492530988451,0.92727367144523,1.405691027902401,25.226646733582086
TSLA,2021-12-20,313.1667,295.3733,312.8433,71517915,299.98,56471613,0.0314447629841989,0.3802370448008695,-0.03498943403825612,-0.06878042768799705,0.9586210480049991,0.9181300007562836,0.9064069106582796,0.8110425952488463,22.016754278581857
TSLA,2021-12-21,338.5533,319.0167,336.29,93634086,312.8433,71517915,0.05687639786436219,0.40576843076322316,0.042880525368357826,-0.02084485512356218,1.0040008131024254,0.9686890753591216,0.9534607871000377,1.0551701911036278,31.646610143845322
TSLA,2021-12-22,357.6589,332.52,355.6667,92643945,336.29,93634086,0.058094501769306146,0.7372470129207517,0.07494710610711504,0.03368886976300998,1.071708582458015,1.0477880001681246,1.030527752727253,1.355518234290141,42.21222791865989
TSLA,2021-12-23,139.215052,134.096905,136.138306,51482206,355.6667,92643945,0.07068106179184061,0.7982330170380411,0.05761901929881938,0.15112438518150273,1.1007013519809248,1.100934194682705,1.0469237663937503,1.2981635857676026,55.48020435195858
TSLA,2021-12-24,372.3333,356.9051,364.6467,70722480,136.138306,51482206,0.03759520116255886,0.4878154134927844,-0.6172306656766011,-0.5620544578900825,0.4724011952416683,0.44963993423766024,0.4144235430438435,0.7130863149633636,23.362187575804256
TSLA,2021-12-27,373.0,359.4733,362.8233,60323907,364.6467,70722480,0.04230999485255181,0.43794480209101344,1.6785018171153092,0.21557003800253347,1.2109801125370665,1.1876859427274136,1.1124640210923158,0.9712922416167692,51.19173198021827
TSLA,2021-12-28,368.0,354.7133,362.0633,56154045,362.8233,60323907,0.03728178427350174,0.5179903446383863,-0.005000456606353471,0.15976049351224725,1.1662106649370076,1.1653048687274805,1.110078424748657,0.840573700042875,50.554768763732696
TSLA,2021-12-29,365.1833,351.05,356.78,47040939,362.0633,56154045,0.03669717422340236,0.31234241737049484,-0.0020946835553284225,0.07664010229266409,1.1448002575610787,1.1493045552194996,1.108251043502313,0.7894270517330086,52.429662004663655
TSLA,2021-12-30,360.6666,351.53,352.26,40733625,356.78,47040939,0.03961348730309985,0.21249814253394422,-0.014592199761754516,0.0031301777759907834,1.1273014563201749,1.1156039666904682,1.0928742630580874,0.6736594322990378,51.56967597866886
TSLA,2021-12-31,400.3567,378.68,399.9267,104686035,352.26,40733625,0.025937091920740486,0.6079723303986438,-0.012668871573518646,1.5875156695427075,0.9792761851852243,1.0873928469132756,1.0767304796734976,0.6057085667249091,52.72024584398471
TSLA,2022-01-03,402.6667,374.35,383.1967,99798258,399.9267,104686035,0.054201682458310446,0.8000941098967577,0.13531681144609092,0.09675118409134094,1.0903999245741194,1.1975867297247202,1.2106642856107572,1.5304821408136564,56.716273707385426
TSLA,2022-01-04,390.1133,360.3367,362.7067,80119797,383.1967,99798258,0.0738959912754989,0.470393795721114,-0.04183266583601435,0.05615240256069553,1.033305959837597,1.123812634436621,1.15432079415576,1.4138459217399075,54.74610002359357
TSLA,2022-01-05,362.6667,340.1667,354.9,90324504,362.7067,80119797,0.08209553338827205,0.6552124820647046,-0.053471232920325275,0.0017770373302126604,0.9777145580167582,1.0555433697405372,1.0915478266224188,1.1051456764837386,54.37741655497046
TSLA,2022-01-06,360.31,336.6667,342.32,83999748,354.9,90324504,0.06339814032121725,0.18222222214123557,-0.021523451317552265,-0.005269353663321923,0.9576413818940532,1.033054932587466,1.0648014160525505,1.2199197925310015,53.553711555207634
TSLA,2022-01-07,353.0333,326.6667,352.7067,91814877,342.32,83999748,0.06906783126898812,0.7529955629066168,-0.035446604677373865,-0.02821779367512632,0.9286779561771003,0.9400203217059732,1.0265480915216434,1.1161553459864701,53.40691328332926
TSLA,2022-01-10,358.6167,346.2733,354.8,66045210,352.7067,91814877,0.07475503017096076,0.7347705048300613,0.030342077588221602,-0.11807163662741191,0.9820157820052131,0.9717285535151633,1.0528696958323769,1.209378091008872,53.2204677579113
TSLA,2022-01-11,371.6133,357.53,368.74,83739015,354.8,66045210,0.03478974069898527,0.2897661906040768,0.005934959557048389,-0.07410476134058568,1.0037153309425975,0.9796612332559866,1.0535679925922699,0.8726707321031097,51.54881506627319
TSLA,2022-01-12,371.8667,342.1797,343.8533,96909162,368.74,83739015,0.038193035743342214,0.64780981684136,0.03928974069898534,0.016634101327601604,1.0396022660025137,1.0162783124212724,1.0879503105636243,1.0982857929717027,51.10394588171246
TSLA,2022-01-13,350.6667,337.7929,349.87,72916011,343.8533,96909162,0.08633623699409008,0.8702462354329374,-0.06749118620165975,-0.031126232741617323,0.9755146332883193,0.9510768916643785,1.0093296556647056,1.2593442591019088,76.12930280122085
TSLA,2022-01-14,93.712706,89.600226,91.547831,359191223,349.87,72916011,0.03679595278246211,0.7697804837967194,0.01749786900402007,0.022055386772610458,0.9883500850296897,0.9683588530271393,1.0211438229099468,0.9650863954631977,45.77768761054614
TSLA,2022-01-17,356.93,338.6867,343.5033,66389409,91.547831,359191223,0.04492165412417025,0.4735840649107496,-0.7383375796724498,-0.7404420415036062,0.30337737149156807,0.27702804813186094,0.27557716758260414,3.9606551932370944,18.56470259731576
TSLA,2022-01-18,351.5566,331.6667,331.8833,75429288,343.5033,66389409,0.053109533445530314,0.07134674095621614,2.7521730034215666,-0.03183962795941372,1.1469114850887203,1.0520942991447144,1.0292635333434736,0.7341246852113831,48.640647045678236
TSLA,2022-01-19,347.22,331.3333,332.09,70488744,331.8833,75429288,0.059930403247165524,0.7718339454839716,-0.033827913734744336,-0.0999530834734501,1.1360748413414588,1.0261921180855147,0.9951026676182035,0.8425670810757422,48.19331071840327
TSLA,2022-01-20,334.85,313.5,314.6333,103236027,332.09,70488744,0.047838537745791866,0.28241862672397977,0.0006228092826603666,-0.03421022860621089,1.1460117207117624,1.0341248331032706,0.999254352514543,0.7972448775500218,48.52709460517941
TSLA,2022-01-21,311.171,283.8233,310.0,152325642,314.6333,103236027,0.06785677167674249,0.8187353626141728,-0.052566171820891794,-0.10071369365764422,1.1128340796376262,0.9882854610679354,0.921968419802017,1.1344230004996576,43.48399122250606
TSLA,2022-01-24,317.0867,301.07,306.1333,85502706,310.0,152325642,0.08821838709677411,0.3076419588090984,-0.014726031859946228,2.3862080249612903,0.949690949120522,0.9869716460248057,0.915723265653001,1.6020235390865536,44.30282271528633
TSLA,2022-01-25,329.23,302.0,312.47,104867283,306.1333,85502706,0.052319365452892626,0.08740876704476859,-0.012473225806451549,-0.10879080346535244,0.9598220374369513,0.9900003920473126,0.9119368533697655,0.8874895346043963,45.479705233704784
TSLA,2022-01-26,311.7967,276.3333,276.3667,147106269,312.47,104867283,0.08714436585912252,0.18386705832395492,0.020699152950691763,-0.058494356299337726,0.9917625970386077,1.02922138566202,0.9377399253661504,1.061647487767406,46.6018002036703
TSLA,2022-01-27,285.8333,264.0033,282.1167,134778870,276.3667,147106269,0.1283200906621528,0.9799765389161862,-0.11554165199859201,-0.16779577825288325,0.9093383121766055,0.9309985219591195,0.8395217767136448,1.4174662820352584,44.9096316740061
TSLA,2022-01-28,312.6633,287.35,312.24,104253486,282.1167,134778870,0.07737932564786128,0.2258360053935708,0.020805690410603015,-0.1033476113303965,0.9485549833779024,0.9725665487281254,0.8662170658990314,1.2423916023527355,44.512488669365766
TSLA,2022-01-31,314.5667,301.6667,310.4167,73138338,312.24,104253486,0.08107001024852667,0.8429047177401202,0.10677602566597451,0.007225806451612932,1.048258921296449,1.000308639938418,0.9717902839387506,0.961200244106826,46.829642782771636
TSLA,2022-02-01,310.5,296.47,301.8867,66791055,310.4167,73138338,0.041557042517364674,0.10232558131602587,-0.005839418396105615,0.013991944032223778,1.0391490389627116,1.0051215050107665,0.9771829001479093,0.6827141846736107,45.57554178817724
TSLA,2022-02-02,312.3333,293.5067,297.0467,78855558,301.8867,66791055,0.04647438923278161,0.5350392013292669,-0.027479191680086713,-0.033869811501904205,1.0178059492923526,0.9870890002443801,0.9595161337327247,0.6273678833127057,46.73535825063931
TSLA,2022-02-03,312.1667,293.7233,307.7733,73622073,297.0467,78855558,0.06337925989415127,0.16182953897048294,-0.016032504909954733,0.0748281178593514,0.9877148257891765,0.9825214423092093,0.952893629834531,0.7447009171081069,45.883263363729704
TSLA,2022-02-04,315.9233,300.903,302.4467,60244464,307.7733,73622073,0.05992527616918036,0.47171345821718635,0.03611082028516061,0.09094321605208067,1.0062137618828855,1.0203162319840795,0.9928046337133151,0.6987004309194714,77.44172569756462
TSLA,2022-02-07,308.7633,298.2667,307.3333,50729013,302.4467,60244464,0.04966263477168031,0.3650592861893175,-0.017306894392723426,-0.03136465539328717,0.9951719239540184,1.0051747205155062,0.9835956391274773,0.5804374042831284,36.06769772883988
TSLA,2022-02-08,315.4233,306.6667,310.6667,52259544,307.3333,50729013,0.03415379979976137,0.5230265033220036,0.0161568964052178,-0.009933099604499318,1.013306941630283,1.0210080287119006,1.0072619336463415,0.49239191737142185,41.27016751321743
TSLA,2022-02-09,314.6033,298.9,301.5167,66126831,310.6667,52259544,0.028186477662395074,0.114199575047165,0.01084620508093325,0.029083758906901073,1.0184012409108518,1.0327007654007165,1.0279696224639017,0.5151174376602968,42.54771752477625
TSLA,2022-02-10,305.32,283.5667,286.6667,79640919,301.5167,66126831,0.05208102901099678,0.081084867460289,-0.029452786539400512,0.015048138895332039,0.9855182921348491,0.99397499903987,1.0047305976362033,0.6618468190531384,45.15741734832363
TSLA,2022-02-11,299.6266,284.3833,291.92,67756416,286.6667,79640919,0.07588359582748874,0.760496108286791,-0.04925100334409345,-0.06857839845106777,0.9500894221850671,0.9436053763775335,0.9654128649240779,0.7944323475848081,41.98974915291476
TSLA,2022-02-14,307.6667,297.7925,307.4767,57649542,291.92,67756416,0.05221738832556857,0.310300262862833,0.018325462985411364,-0.03480514087275544,0.9742985697782944,0.9673677420701744,0.9510173143824217,0.7908346404139797,45.16663254736519
TSLA,2022-02-15,308.81,300.4033,307.7967,51275046,307.4767,57649542,0.03211365283938579,0.7571955188701929,0.05329097012880233,0.0004665944106934899,1.0261216643346076,1.0199133687936262,1.0076109887731342,0.6763194752295432,48.402175700834086
TSLA,2022-02-16,306.1666,291.3667,292.1167,55178418,307.7967,51275046,0.027312508548662157,0.3703474605132261,0.001040729265014205,-0.009238196433669925,1.0291610114587841,1.0189772477288366,1.0126562163570112,0.6101819215990822,63.044763085852225
TSLA,2022-02-17,295.6233,279.2033,285.66,68246841,292.1167,55178418,0.05066434065563536,0.8313096704495914,-0.05094271640989006,-0.03117571928851713,0.9829113751977823,0.9686487128170496,0.9674302316023405,0.6626694949222005,53.83436170914372
TSLA,2022-02-18,63.566289,63.118347,63.289742,118656663,285.66,68246841,0.05748092137506111,0.5891169302136929,-0.022103152609898563,-0.0035117437777040955,0.9618375481095547,0.9542356390809968,0.9506076845979143,0.8372056500314202,37.548391690682934
TSLA,2022-02-21,285.5779,267.0334,273.8433,83199102,63.289742,118656663,0.007077639848808321,0.6173723246006827,-0.7784438073233915,-0.7831949095642642,0.2518814570874685,0.22977326609948717,0.21962869287177142,1.4862929631390263,12.24534974711176
TSLA,2022-02-22,278.4332,253.52,254.68,95230638,273.8433,83199102,0.06771938550258498,0.22648224528756017,3.3268196606015557,-0.10938519894352969,1.1198243936298815,1.0064241302386923,0.955647910917334,1.0436574062478627,47.35091600981694
TSLA,2022-02-23,267.4933,233.3333,266.9233,135304215,254.68,95230638,0.09782158002198833,0.8882841221166756,-0.06997907197291295,-0.1725707260669136,1.088757838985903,0.9556592774664561,0.8978259346991521,1.2018462703582236,46.10333015532105
TSLA,2022-02-24,273.1667,260.8002,269.9567,76018263,266.9233,135304215,0.1279768382902503,0.9795081964345705,0.04807326841526612,-0.08624429893943071,1.1662187749285902,1.0147735153539672,0.9425562897662746,1.7204021807276009,46.25328158419054
TSLA,2022-02-25,292.2867,271.5692,290.1433,99006867,269.9567,76018263,0.04580919828994788,0.017256297240728826,0.011364313269017837,-0.05497199467898905,1.1958818294903604,1.0328672263152723,0.9553188280895568,1.0040872614959646,47.00746346900405
TSLA,2022-02-28,296.6267,284.5933,288.1233,74616861,290.1433,99006867,0.07140437156398226,0.8916761187924825,0.07477717722879261,3.584365346283131,1.0702077671103305,1.1108572537243562,1.0307850098028142,1.312279293659867,48.46009279690427
TSLA,2022-03-01,295.4933,281.424,293.2967,74640258,288.1233,74616861,0.04176475835171966,0.14709059771379066,-0.006962077015047525,0.05214661085372537,1.0516780007046147,1.1113582559307646,1.0276782736895975,0.988035613513887,47.97576352651033
TSLA,2022-03-02,295.4797,277.5334,279.7633,61620507,293.2967,74640258,0.04796951346537482,0.1838542072570395,0.017955507242906128,0.15162831788911568,1.0412087586344443,1.1376762641198142,1.0477358275647997,0.9832358006046106,49.25659368302583
TSLA,2022-03-03,285.2167,275.0536,279.43,67165461,279.7633,61620507,0.06414815667387397,0.7332987854135379,-0.04614235345982404,0.04810370619574999,0.9841925955226519,1.0904062043456009,1.0024855547077678,0.8210470899669358,49.374174947838604
TSLA,2022-03-04,288.7133,268.19,268.1933,72494172,279.43,67165461,0.036370826325018736,0.35454733264993177,-0.0011913642711535372,0.03509192400114535,0.9765113087718764,1.091758147590075,1.006401915886135,0.8987955953381938,48.857532607482916
TSLA,2022-03-07,283.33,260.7233,274.8,80369106,268.1933,72494172,0.07652428304510218,0.8400208539367323,-0.04021293347171021,-0.07565227251499514,0.9518456969182287,0.9701846348722735,0.9719267699709081,0.9622169176712726,46.37810102038799
TSLA,2022-03-08,286.8533,277.3367,286.3233,59172669,274.8,80369106,0.08226601164483256,0.4256835361084633,0.024634097868962382,-0.046241661122165274,0.984605118527753,0.9937403399163326,1.0017747705037077,1.0461623796799813,46.99259347155877
TSLA,2022-03-09,284.8167,270.12,279.4333,58648644,286.3233,59172669,0.033237253133084114,0.682659772731166,0.04193340611353714,-0.02377592383412418,1.031045223372192,1.023697143019769,1.0484346659226325,0.7667988259410156,49.46794277232354
TSLA,2022-03-10,281.2673,264.59,265.1167,67037166,279.4333,58648644,0.05259466212509398,0.2982574317375649,-0.024063707005332932,-0.0011795685853006484,1.0064736566204424,0.9946145583967783,1.0273592160945932,0.7637086091225059,49.42860390411156
TSLA,2022-03-11,266.9,252.0133,255.4567,71131263,265.1167,67037166,0.06290550538687303,0.8963681166037865,-0.05123440907007144,-0.0512232043803458,0.9648560493427818,0.9452845572981069,0.978599812804061,0.8801647014803393,79.96122828285908
TSLA,2022-03-14,268.5233,252.19,267.2967,66839703,255.4567,71131263,0.058274846578696075,0.3188483677921581,-0.036436784253877516,-0.047490373547735935,0.9383993446621558,0.9222474622704362,0.9493314737642021,0.9318536373423745,43.23624190700413
TSLA,2022-03-15,280.6667,267.42,280.0767,84028821,267.2967,66839703,0.06110550560482045,0.5432704961377857,0.04634836353871311,-0.027304585152838515,0.9873353561953234,0.9723026725012822,1.0008033030223589,0.8703925763965427,54.90553023522375
TSLA,2022-03-16,291.6667,275.2393,290.5333,66582972,280.0767,84028821,0.0472966869432551,0.7858560994165703,0.04781203808352303,-0.021816596833020577,1.0393381199559057,1.023713307187058,1.0541240352422856,1.0713823661521227,55.09295039083616
TSLA,2022-03-17,302.6167,289.13,301.7967,100378191,290.5333,66582972,0.05654222768956253,0.8240257126361921,0.03733477293898414,0.03972325417192591,1.0693321897023005,1.0577694363335832,1.0938054400852257,0.8428169936767093,57.534092090752104
TSLA,2022-03-18,314.2833,302.3633,307.0533,81980352,301.7967,100378191,0.0446880300546692,0.7637153634590277,0.038768017297845,0.1383541662973325,1.0815844719183125,1.0899017333418994,1.1327692219300463,1.245277643245546,54.565184348297535
TSLA,2022-03-21,332.62,307.25,331.3267,105838857,307.0533,81980352,0.038820621696624064,0.17281879180132648,0.017417685481650368,0.20197786943932167,1.06117808198158,1.093538781319061,1.10208212679429,1.0407129321154787,57.23236799877743
TSLA,2022-03-22,346.9,325.4667,333.0367,120476469,331.3267,105838857,0.07657094945864612,0.8406267241463833,0.07905272472238546,0.23954654135273662,1.0965369896359294,1.1567000070590372,1.1770621124487597,1.3245544933178752,62.67920250716812
TSLA,2022-03-23,341.4967,329.6,337.9733,68914878,333.0367,120476469,0.06435717144687049,0.29813421157818215,0.005161069119995399,0.1890910596990038,1.0648677947649705,1.1440130330289975,1.16689569872882,1.4842936934931177,69.28147344921987
TSLA,2022-03-24,340.6,332.44,336.88,61968846,337.9733,68914878,0.0352001178791341,0.11739389904982428,0.014822990979672806,0.16328592970237835,1.0488334468004235,1.138084919156587,1.1696338376191577,0.8852483363942953,70.50554851527042
TSLA,2022-03-25,365.96,351.2,363.9467,102300579,336.88,61968846,0.024222274994063243,0.10784313712274035,-0.0032348709202768364,0.1162481233227534,1.023161449822933,1.107636831765425,1.1525040320792148,0.8032712619993301,75.89869274884714
TSLA,2022-03-28,371.59,357.7033,366.5233,73601607,363.9467,102300579,0.04055538901712803,0.6038888884797521,0.08034522678698654,0.185288352217677,1.0684432861814668,1.155415656416174,1.2295794254614307,1.3232466293174983,79.12025165532629
TSLA,2022-03-29,371.3167,361.3333,364.6633,59865006,366.5233,73601607,0.03788763224602627,0.20211425306075906,0.007079608085469616,0.10622928970107144,1.0542215076278791,1.1280601765380431,1.2220994143181636,0.9526541355219716,77.82407413832104
TSLA,2022-03-30,367.7133,358.8803,359.2,48992757,364.6633,59865006,0.02737703519931953,0.09415629936278552,-0.005074711484917913,0.09496430873834624,1.030130115109346,1.0938586479008383,1.2016010944204725,0.7823367580371415,80.63847960094847
TSLA,2022-03-31,364.9167,355.5467,361.53,54263223,359.2,48992757,0.024590757238307424,0.6404052975881275,-0.014981765370960017,0.06280584886439253,1.002672322721141,1.0557253703268283,1.1683086520541353,0.6455812343519475,86.12017368402869
TSLA,2022-04-01,383.3033,357.51,381.8167,82177701,361.53,54263223,0.025917627859375448,0.12237993583523511,0.006486636971046726,0.07317145571123242,0.9954769172327013,1.0442405553824285,1.1603938913460738,0.7211609241595074,93.15203020182007
TSLA,2022-04-04,384.29,362.4333,363.7533,79925019,381.8167,82177701,0.06755414312679353,0.7246067774481721,0.056113462229967236,0.04910059632358255,1.0410911444974031,1.0795246013263549,1.2035610230602987,1.0851629910429754,93.59239059269206
TSLA,2022-04-05,359.6667,342.5667,348.5867,89348535,363.7533,79925019,0.060086602650752705,0.686901498997147,-0.0473090883662239,-0.007557500437216356,0.9933385884905502,1.0191099808750865,1.1307683760201128,1.0557256979681455,80.62012667177022
TSLA,2022-04-06,358.8633,340.5134,352.42,79436259,348.5867,89348535,0.0490552278672708,0.540152046467749,-0.0416947420133371,-0.044086147413243904,0.9603538887579043,0.9723822038564097,1.0732348972716306,1.157139168843508,70.53583177805478
TSLA,2022-04-07,349.48,340.8117,341.83,54777669,352.42,79436259,0.05206827081323418,0.08846369730164157,0.01099669034991871,-0.018875278396436452,0.974555318001974,0.9791293911072091,1.0729813005561224,1.0151026478505105,68.90106894968133
TSLA,2022-04-08,336.156,324.88,325.31,59357205,341.83,54777669,0.025358511540824517,0.6814138865966604,-0.030049372907326573,-0.05449063701490883,0.9556830669444484,0.9484028665998939,1.0287253257185047,0.7055210758671272,62.48715438933886
TSLA,2022-04-11,340.3974,325.5334,328.9833,65976096,325.31,59357205,0.034662322092773076,0.13213905628579434,-0.04832811631512735,-0.14799431245411743,0.9391708528206016,0.9123484459268427,0.9688255922438201,0.7703452312806331,47.7122204773511
TSLA,2022-04-12,342.08,324.3657,340.79,55104912,328.9833,65976096,0.0451816247207686,0.23973358433817665,0.0112916910024284,-0.09558676168711057,0.9692342366230046,0.9324676872916031,0.97084742461533,0.8567261359256757,48.48141537751442
TSLA,2022-04-13,337.57,327.3967,328.3333,58413105,340.79,55104912,0.05198010505003075,0.7770558245163229,0.035888447833066404,-0.022366602053377215,1.0086523482370235,0.9725131412982061,0.9967602440338398,0.7292544222888224,51.003599375471666
TSLA,2022-04-14,64.593037,63.931165,64.335191,349549823,328.3333,58413105,0.03098467319641347,0.46822564903401465,-0.03655242231286133,-0.06834657510924468,0.9858398750071011,0.9452919747611046,0.9550467728386939,0.7772365278189522,47.18290128832323
TSLA,2022-04-15,338.3067,324.47,334.7633,51712161,64.335191,349549823,0.010287868734235909,0.0812317172922887,-0.804055235944694,-0.8117918526753064,0.2317964617924964,0.2025566141686599,0.19383056070907803,3.9896824442751706,11.452334082030802
TSLA,2022-04-18,344.98,331.775,342.7167,49814232,334.7633,51712161,0.041332786479282374,0.367616555705037,4.2034243591505005,0.02905935876548527,1.1979748075509982,1.069837190712621,1.0043900691775258,0.6006055722252384,47.58102432889656
TSLA,2022-04-19,344.6667,325.0834,325.7333,70604766,342.7167,49814232,0.03853036633464328,0.5828625516222167,0.02375827935738472,0.041744976112769304,1.214499080527246,1.1026677854506777,1.026498701070452,0.598018573474334,48.3438268671112
TSLA,2022-04-20,364.0733,332.1383,336.26,105409695,325.7333,70604766,0.060120656991471275,0.8987249335409643,-0.049555215721906805,-0.044181754159453135,1.1667653453901958,1.055787977150148,0.9766986009945967,0.8737649240662072,47.5176375557771
TSLA,2022-04-21,344.95,331.3334,335.0167,69680658,336.26,105409695,0.09497115327425208,0.6883763893256997,0.03231692921786015,0.02414223595352644,1.1976704876619813,1.0956466730951882,1.0085215525858306,1.2756837260375866,48.148138425935954
TSLA,2022-04-22,336.2067,325.1,332.6733,68341335,335.0167,69680658,0.04064454100347835,0.2413671546190893,-0.0036974365074643922,4.207363105520275,1.0003544362761199,1.094024322261625,1.0050734492130744,0.839368740726918,46.471881442406676
TSLA,2022-04-25,333.3333,291.6667,292.14,136091667,332.6733,68341335,0.033386208030521204,0.5717269750945557,-0.006994875180849285,-0.00624321722243756,0.9945984812245873,1.0837657944189276,1.0027470918037735,0.8404250115229069,47.60008531465054
TSLA,2022-04-26,306.0,292.4533,293.8367,76956396,292.14,136091667,0.14262545354966802,0.9520815231019374,-0.12184115767631487,-0.14757582574762193,0.9006529872890591,0.9632804029216946,0.8905546485876499,1.6116567586852941,45.8056499831968
TSLA,2022-04-27,300.0,273.9,292.5033,124940391,293.8367,76956396,0.04610281833412908,0.4200284937143155,0.00580783186143637,-0.0979224414574745,0.9240573795005768,0.9841110067363662,0.9055020341050148,0.9022205015817225,45.633020672741765
TSLA,2022-04-28,311.4666,290.0,290.2533,88124595,292.5033,124940391,0.08922976253601249,0.2869731799666749,-0.004537894687763589,-0.13012757984892634,0.9458963115310736,0.991543839700491,0.9107525798677832,1.4023428237666316,46.27158279312364
TSLA,2022-04-29,302.12,282.6767,300.98,75781371,290.2533,88124595,0.07395815999335761,0.488978226412668,-0.007692220908276932,-0.1336154287234039,0.9666045826626843,0.9139255352331056,0.9138878546920964,0.97067297361186,47.291775056719786
TSLA,2022-05-02,308.0267,296.1967,303.0833,63709575,300.98,75781371,0.06459997342016088,0.722958550902904,0.03695634123711942,-0.09526854123850627,1.0239411999605637,0.9578903472385927,0.9598772717975977,0.8376659368320117,47.859990867089394
TSLA,2022-05-03,318.5,295.0933,317.54,81568704,303.0833,63709575,0.039032173663148,0.17103127627131834,0.006988171971559539,0.03745909495447396,1.0234760038215478,0.9769065707726261,0.9760274968285003,0.7105960990414191,47.07507961064135
TSLA,2022-05-04,315.2,285.9,291.0933,92519193,317.54,81568704,0.07371260313661271,0.6932502229305066,0.047698767962471085,0.08066827595055354,1.0553990438059404,1.026213926014481,1.0277204081438287,0.9137555762401325,49.16535014035261
TSLA,2022-05-05,296.0,281.035,288.55,72895911,291.0933,92519193,0.10065501335826009,0.7500580202218227,-0.08328620016375896,-0.004820458435853629,0.9684065317147297,0.9546797421774067,0.9515690558972442,1.0288864223139556,77.7193384966496
TSLA,2022-05-06,281.8767,260.3833,262.37,90195672,288.55,72895911,0.05186276208629345,0.47555629771095415,-0.008737061278978211,-0.005868322599605285,0.9610346494706465,0.9609834395793693,0.9515416191976737,0.8025745410745627,33.628595092967785
TSLA,2022-05-09,275.12,258.0833,266.68,84401631,262.37,90195672,0.08192018904600376,0.7651976882367628,-0.09072950961705079,-0.12828094890025918,0.8969076802809394,0.8947431546283067,0.8742817978256312,0.9764658183013976,24.791910992809676
TSLA,2022-05-10,269.9233,242.4,244.6667,96846759,266.68,84401631,0.06388443077846107,0.37702724096977186,0.016427182985859674,-0.12010988398239032,0.9349101581066716,0.9174066069719394,0.8979651126818909,0.9047155814271747,29.871875713647853
TSLA,2022-05-11,253.22,226.6667,242.6667,140312862,244.6667,96846759,0.11249303644509032,0.7387667900510606,-0.08254574771261443,-0.229493292183662,0.903923198557664,0.8561605355374401,0.837393723890611,1.0154006040939345,21.04778034657963
TSLA,2022-05-12,262.45,250.5217,256.53,92000724,242.6667,140312862,0.1094229245298181,0.3389409224695457,-0.008174385807304386,-0.16636109453566952,0.9298049233776987,0.8642335669719607,0.8429056090901922,1.410564128808032,20.94757161337084
TSLA,2022-05-13,256.5867,239.6962,241.4567,86094219,256.53,92000724,0.04649865512805512,0.10870786272251431,0.05712897566909667,-0.11096863628487277,1.0076490670928595,0.9247123453585949,0.862277511780308,1.0624202690897897,27.664914315483045
TSLA,2022-05-16,254.8267,242.95,253.87,80236110,241.4567,86094219,0.06995250080035055,0.8444569427521633,-0.05875842981327705,-0.0797091893128025,0.9642838686674228,0.8894622989514583,0.8245415973022582,0.9748591867417749,32.52260223853371
TSLA,2022-05-17,253.5,233.6033,236.6033,87211812,253.87,80236110,0.04678260527041399,0.3999427447018593,0.051410045776323424,-0.048035098245087754,1.0243383965059116,0.9524565590592473,0.8802852155999219,0.8931436930372679,37.166574724188614
TSLA,2022-05-18,244.6667,231.37,236.4733,90296673,236.6033,87211812,0.08409307900608322,0.5815034651065243,-0.06801394414464101,-0.0329566712593091,0.9609218125153164,0.9154750148259616,0.833290175538439,0.9619024400380279,33.716543176503336
TSLA,2022-05-19,240.5273,211.0,221.3,144926805,236.4733,90296673,0.0562291810534212,0.06066166788702363,-0.0005494428860459489,-0.025522249241449267,0.9652496997183437,0.934726323722906,0.8477285104072486,1.0042971722323968,34.13818244452493
TSLA,2022-05-20,226.6517,212.6867,224.9667,88847838,221.3,144926805,0.1334265702666064,0.5654665341682216,-0.06416496069535116,-0.13733286555178717,0.9300638234759876,0.8986376158335968,0.8098410656717979,1.5471629235224686,27.099921137278614
TSLA,2022-05-23,217.9733,206.8567,209.3867,89079615,224.9667,88847838,0.06207585389304285,0.47452201899425545,0.016568910980569323,-0.06829381831193754,0.9587629973168563,0.9276161017418095,0.8398097694897978,0.9382235023654483,27.74919874259841
TSLA,2022-05-24,223.1067,207.67,219.6,92139324,209.3867,89079615,0.05309124218491435,0.76071820452232,-0.06925469413917709,-0.17522078229014856,0.9275322707822065,0.8842642114486887,0.7939118186247467,0.9646148151000182,19.389403028078235
TSLA,2022-05-25,239.5566,217.8867,235.91,105103344,219.6,92139324,0.07029462659380693,0.7546949796558237,0.04877721459863499,-0.07186417095619543,0.9876528107132805,0.9373185705943018,0.8445222760344516,0.9896122686151074,27.717739899580167
TSLA,2022-05-26,253.2667,240.177,253.21,89296227,235.91,105103344,0.09185664024416096,0.7123567710453866,0.07427140255009108,-0.0023820871108915813,1.0615450436902438,1.0098468954645585,0.9172275164366892,1.1410058986733118,34.890340151050665
TSLA,2022-05-27,48.983367,45.172028,46.499385,147862360,253.21,89296227,0.05169503574108445,0.9264307043504204,0.07333305073968892,0.14419340262087663,1.1075841673859266,1.0854446548613075,0.9916316370242068,0.9687871216999909,47.2295013344367
TSLA,2022-05-30,259.6,244.7433,252.7533,101914371,46.499385,147862360,0.08196536362792764,0.6517347298371137,-0.8163603925595356,-0.7933054758770965,0.24102784402401936,0.2175084823641451,0.19165298638658362,1.5438147614983282,20.06087261094609
TSLA,2022-05-31,257.3267,243.64,246.79,77247963,252.7533,101914371,0.05877945015950343,0.3495661887568812,4.435626729256742,0.20711248613211827,1.2537705820867555,1.1829128206482316,1.052672485170701,1.0432692306265072,50.732542358614644
TSLA,2022-06-01,264.21,242.0667,258.3333,93473118,246.79,77247963,0.05545889217553398,0.36020370114037414,-0.023593361590135534,0.12381602914389798,1.192034853922502,1.1495235931775776,1.043206016881239,0.7925186978801371,50.370855234280796
TSLA,2022-06-02,247.7966,233.4178,234.5167,112393737,258.3333,93473118,0.08571601106013038,0.640220743683092,0.04677377527452497,0.09505023102030441,1.2213347362011422,1.1911625279838407,1.0996144197637716,0.9585102187742336,50.1628709713098
TSLA,2022-06-03,244.8667,234.35,238.28,84204522,234.5167,112393737,0.06131247795999182,0.6056346839752729,-0.09219330221849069,-0.07382528336163667,1.1286858757697384,1.074795349076198,1.0098504466639622,1.1296527554848497,49.38293672080089
TSLA,2022-06-06,239.9967,230.0933,238.8867,72790647,238.28,84204522,0.04413589054893409,0.5774910375141508,0.016047044837318686,4.124368849179404,0.968087956405652,1.0854199316411839,1.0314051383157825,0.8488829663517828,48.59217513420798
TSLA,2022-06-07,249.9633,239.1767,241.8667,76090620,238.8867,72790647,0.0414564728802399,0.49343659703390974,0.0025461641765989144,-0.05486219171025662,0.9816131847400249,1.0737545556679995,1.0402888357063929,0.7381374125343715,50.212594791775814
TSLA,2022-06-08,255.5466,239.3267,239.7067,96292407,241.8667,76090620,0.04459729264094641,0.16501956115456276,0.01247453290618531,-0.019949349649499508,0.9978959196899636,1.0763762328443744,1.0539084822682125,0.779807609235981,50.499498935904455
TSLA,2022-06-09,239.5,227.9133,232.23,98060898,239.7067,96292407,0.06766560968049713,0.5939185811294022,-0.00893053901177796,-0.07210297704554541,1.0044220992497173,1.0649642062850693,1.0451705359701298,1.0096176569181587,51.746804648673404
TSLA,2022-06-10,226.6333,214.6833,215.7367,102767262,232.23,98060898,0.049893209318348224,0.252591332948475,-0.031191034710335682,-0.009750691528577693,0.9749615040713449,1.0414542166548604,1.0179633993151225,1.0249039930812611,50.684341888626086
TSLA,2022-06-13,226.33,211.7367,220.89,97979796,215.7367,102767262,0.05539159540310011,0.621757321655432,-0.071021401197089,-0.09460844384757423,0.9231930489783357,0.8992400942336672,0.9510272364906207,1.0648157062095256,50.59726365209736
TSLA,2022-06-14,235.6633,218.15,233.0,119115135,220.89,97979796,0.06606591516139255,0.17839008299809428,0.023886988166593688,-0.07533571354118922,0.9600322522854712,0.9331132398752842,0.9808746353526993,1.005963400518387,50.12249990280725
TSLA,2022-06-15,225.1667,208.6933,213.1,107390670,233.0,119115135,0.07516437768240337,0.6899499233782621,0.054823667888994586,-0.03665944919246845,1.0205302657741129,0.9900372508951553,1.0354781972804994,1.2032544886238314,49.721441017969006
TSLA,2022-06-16,220.9694,213.1967,216.76,92138970,213.1,107390670,0.07730361332707648,0.5849854914073698,-0.08540772532188844,-0.11099689745843573,0.9556424926636166,0.9232248230070572,0.9519846622539063,1.0755325508288778,46.1794980952069
TSLA,2022-06-17,46.08496,45.614072,45.985568,223799103,216.76,92138970,0.03585855323860498,0.427997992424769,0.017175035194744236,-0.06661499375618998,0.9857327059981718,0.9463614419621448,0.9693179986489583,0.9478397248517462,76.44780593438715
TSLA,2022-06-20,243.5774,224.3333,237.0367,122792955,45.985568,223799103,0.010239908312103531,0.1715206127248838,-0.7878503044842222,-0.7868440186579289,0.2473045540191703,0.21917068336248036,0.21421307494328082,2.152804461652608,13.902398893031545
TSLA,2022-06-21,246.8333,233.8267,236.0867,101527260,237.0367,122792955,0.08118616231157455,0.6460889308171914,4.15458893538077,0.07309837475666627,1.2529926187388893,1.130731772699249,1.0971148661003682,1.1623423879252912,48.965691152716424
TSLA,2022-06-22,239.3167,228.6367,235.07,104202678,236.0867,101527260,0.0550924723840861,0.12173819436152623,-0.004007818198616453,0.013247639484978573,1.2439115922703174,1.1293137748728703,1.0885645184663593,0.9567927727202697,47.58658939633218
TSLA,2022-06-23,246.0667,236.0867,245.7067,94900695,235.07,104202678,0.04543327519462291,0.2654494379536996,-0.0043064687676180585,0.10309713749413421,1.210529228650755,1.1269499410073083,1.0840865897153056,0.9824228427722255,50.063148322588354
TSLA,2022-06-24,252.07,242.5655,244.92,89178312,245.7067,94900695,0.040617533018025107,0.8254909811367847,0.04524907474369345,0.13354262779110548,1.2286739767531103,1.1703816995270655,1.1351044298424597,0.8923661641344044,50.834518876691824
TSLA,2022-06-27,249.97,232.3433,232.6633,90661461,244.92,89178312,0.038806549077249744,0.4678520695798303,-0.0032017848923127637,4.326018806596017,1.0215043941955928,1.1506393921570672,1.0818843682022603,0.8623506111560761,50.67767202531331
TSLA,2022-06-28,231.1733,222.2733,228.49,82897254,232.6633,90661461,0.07576055183606525,0.6705736180507007,-0.05004368773477052,-0.01845030748403097,0.9739375561923357,1.0870445780930997,1.0323234844479365,0.881488567749318,48.987359129435085
TSLA,2022-06-29,229.4567,218.8633,224.4733,94150452,228.49,82897254,0.038951376427852444,0.22584269637545645,-0.017937079032232343,-0.03217758560732137,0.9625900492901379,1.0698004064172166,1.0179392881067673,0.8037907796131932,48.771281498220205
TSLA,2022-06-30,230.23,222.12,227.2633,74460444,224.4733,94150452,0.04719224959048583,0.0034644212401449916,-0.017579325134579257,-0.04507891266431275,0.9541877587080947,1.0454271065771183,1.0076446980978997,0.9126046868261227,49.14381233827009
TSLA,2022-07-01,55.02682,51.881292,51.902178,178298260,227.2633,74460444,0.035685480233720035,0.03246609120534233,0.012429095130690342,-0.07506266617882225,0.9814361580428703,1.0532686045726725,1.0218323528435391,0.7352659953367736,51.31200074857777
TSLA,2022-07-04,233.1467,216.1667,233.0667,84779112,51.902178,178298260,0.06060493260995711,0.9933600940975257,-0.771620943636742,-0.7880851788339049,0.2689811576168435,0.23988669747633487,0.24357073533471704,1.682459609762594,36.13680059577529
TSLA,2022-07-05,234.5633,227.1867,231.7333,71853630,233.0667,84779112,0.07285468065579517,0.5928563011820626,3.490499416036067,0.0017338359767097127,1.207354910545903,1.0791912770283003,1.0952499491285685,0.7954938642027944,50.00428367011724
TSLA,2022-07-06,245.3617,232.21,244.5433,81930690,231.7333,71853630,0.03183228305987959,0.12923297978847756,-0.005721109021580446,0.01419449428859033,1.1964272046115858,1.0751844595740758,1.0915829566599462,0.6755551970159452,51.225921120443004
TSLA,2022-07-07,254.98,241.1614,250.7633,101854086,244.5433,81930690,0.05378065970321005,0.8077510885986211,0.055279064338185205,0.0894092972304501,1.2369303411486752,1.1296543970593333,1.1506139266569875,0.7755338181232054,51.8061712826488
TSLA,2022-07-08,253.0633,233.6267,234.3433,99509220,250.7633,101854086,0.055106149903115825,0.6100473270736183,0.025435168332152217,0.10340428920991643,1.2389383642282992,1.155687811808946,1.1747579215736978,0.9623955573124489,66.93590124247872
TSLA,2022-07-11,239.7733,228.3683,233.07,87930960,234.3433,99509220,0.08294071134101123,0.913740056947336,-0.0654800762312507,3.515095686350581,0.9809674729764722,1.0853035573949925,1.0930707059770612,0.9416889343674825,49.686767219157474
TSLA,2022-07-12,242.06,225.0333,237.04,97954497,233.07,87930960,0.04893379671343374,0.3311442346943062,-0.0054334815631597155,1.4159036876550197e-05,0.9756347088358087,1.0792033091967563,1.0840521471864415,0.8360954438731356,49.64943220358379
TSLA,2022-07-13,238.6533,229.3333,238.3133,78549072,237.04,97954497,0.07183049274384072,0.6777590486249477,0.01703350924614922,0.02290003206272028,0.987864321853064,1.0932577461888848,1.101482472871813,0.9408701681977566,50.227371123254244
TSLA,2022-07-14,243.6233,236.89,240.0667,69678159,238.3133,78549072,0.03910818238008534,0.36658798243928226,0.005371667229159661,-0.025476060885740847,0.9983549637089107,1.0921589172673685,1.1009498129000945,0.7650750328249192,49.12782627392219
TSLA,2022-07-15,250.5167,239.6033,240.5467,82526109,240.0667,69678159,0.028047621765117835,0.00990598961889969,0.007357541522021638,-0.04265616220555396,1.0147951532984403,1.0937766430045632,1.1031114238408586,0.6861773030323427,49.42877587889022
TSLA,2022-07-18,247.14,236.9767,245.53,80890110,240.5467,82526109,0.045369152850569125,0.40225777447701344,0.001999444321099052,0.02647142034784006,1.011519240743368,1.0092219524120674,1.0580227601996466,0.8734607015222651,50.95431656093026
TSLA,2022-07-19,250.6633,243.483,247.5,88564089,245.53,80890110,0.04139331242618007,0.05214841630951732,0.020716559404057568,0.05346033380529458,1.0217672674423492,1.0247710104455858,1.0779279434860762,0.8755608477671271,52.05872168210204
TSLA,2022-07-20,273.2667,254.8667,271.7067,141966552,247.5,88564089,0.029011313131313086,0.09981477083156086,0.008023459455056404,0.044127573405332465,1.021076082998675,1.0262399819282249,1.0838612154574958,0.9653975514272969,52.79584372642619
TSLA,2022-07-21,280.7867,270.7133,272.2433,103462317,271.7067,141966552,0.06772008198546449,0.9021739125531673,0.09780484848484854,0.14012394608274073,1.090884804200843,1.1140634225546153,1.180398890254474,1.5163048081534538,55.129437476899106
TSLA,2022-07-22,274.1467,267.4,268.4333,64073505,272.2433,103462317,0.03700146156030284,0.39477237040644964,0.00197492369529336,0.13403191696307726,1.0655092374977368,1.1065181518151814,1.1759515946697552,1.1000223675065781,92.63656990375361
TSLA,2022-07-25,267.31,256.2633,258.86,66820758,268.4333,64073505,0.025133617922962738,0.5607778609382709,-0.013994834767283538,0.11593008758798183,1.0281544549913808,1.0761221912646073,1.153635871342579,0.6904509800696504,71.82045903257651
TSLA,2022-07-26,275.9256,261.79,274.82,88109988,258.86,66820758,0.04267441860465111,0.6928132377155057,-0.03566360805458921,0.054290718038528946,0.9814647020386758,1.0271244008507125,1.1062656307056715,0.7294248222599522,65.19194129921742
TSLA,2022-07-27,283.3,272.8,280.9,84722991,274.82,88109988,0.05143584891929246,0.7788845179696073,0.06165494862087607,0.11038383838383836,1.0208286638525839,1.0743465649213064,1.1629593073179423,0.959092302120691,66.37819580027676
TSLA,2022-07-28,298.32,279.1,297.15,95312883,280.9,84722991,0.03737985048059808,0.07936190468631737,0.022123571792445906,0.03383538204983522,1.0363351117419386,1.080132570603621,1.1746637176660855,0.9269805753860173,66.32719289976478
TSLA,2022-07-29,311.8782,295.0,297.2767,117042888,297.15,95312883,0.06468113747265682,0.8558792919584401,0.057849768600925604,0.0914869162987666,1.0765030485885256,1.1180762240893407,1.2247214247060565,1.0310856103883397,84.08964838216284
TSLA,2022-08-01,307.8333,292.6667,300.5867,95577468,297.2767,117042888,0.05677606082145016,0.23689137453229964,0.0004263839811543935,0.10745090121084096,1.054915849583966,1.095175764988469,1.1662696998018758,1.3095476124994032,85.28876054842468
TSLA,2022-08-02,309.55,301.15,307.3967,79630905,300.5867,95577468,0.05045665693126149,0.4340722373939613,0.011134407775651447,0.16119408174302707,1.0359818695840324,1.0853555836017688,1.1638407561536157,1.062958072079555,85.18125237368143
TSLA,2022-08-03,313.6067,305.0,308.6333,72189717,307.3967,79630905,0.027326253014427395,0.2853214282317602,0.022655693016357684,0.11853831598864718,1.0361848813676926,1.0864479746646376,1.1730258400447235,0.8817959745443622,86.03724569640066
TSLA,2022-08-04,304.6066,285.5447,288.17,113154780,308.6333,72189717,0.02788649183351242,0.2749834428120126,0.004022814818766792,0.09873015307938784,1.021258886409219,1.0767655165195549,1.1635167892512601,0.8037304868706302,85.96155379238296
TSLA,2022-08-05,305.2,289.0854,290.4233,99365274,288.17,113154780,0.06614810702016183,0.7606796800105537,-0.06630295564347724,-0.03022042739357214,0.9592471263197012,0.999817259343271,1.0787658345347957,1.251942774892814,70.64895309864592
TSLA,2022-08-08,292.3967,279.3533,283.3333,86244681,290.4233,99365274,0.05548659491163414,0.2840095315527486,0.007819342749071615,-0.023053942673610214,0.971178964827683,1.0000056125288446,1.0759075013836283,1.0994634401951202,69.93724824912401
TSLA,2022-08-09,297.51,283.37,294.3567,94903572,283.3333,86244681,0.04603553482771005,0.5336032012101091,-0.02441264182315942,-0.057399079866141775,0.9585305143601646,0.9674403914378102,1.0399594048739842,0.9551769431462941,65.22146185639707
TSLA,2022-08-10,298.2367,285.8333,286.63,70155045,294.3567,94903572,0.048036956522477615,0.19165487963815347,0.038906122224249606,-0.04242075467953957,1.0046875706098217,0.9984194906043014,1.0691736714230402,1.052854654750784,60.834915119322794
TSLA,2022-08-11,300.16,285.0333,300.03,79657287,286.63,70155045,0.04327320936398833,0.7968218385307109,-0.026249444976112295,-0.07129269589509629,0.9932336197885208,0.9703256652340232,1.0320523121583236,0.7819367582026572,56.43911691803932
TSLA,2022-08-12,313.1333,301.23,309.32,89359167,300.03,79657287,0.05041729160417301,0.7017393081757779,0.04675016571887094,0.04115626192872247,1.0311915952815465,1.0146992561340975,1.068763285069069,0.8829369411932979,63.02384189053391
TSLA,2022-08-15,314.6667,302.8833,306.5633,88071762,309.32,89359167,0.03848215440320704,0.6328749165081319,0.030963570309635775,0.0650660604710435,1.0494886914980965,1.0418743768693919,1.0885225133285241,0.9867377516254207,70.84779375309867
TSLA,2022-08-16,309.6567,300.0333,303.9967,68765970,306.5633,88071762,0.038437086239611756,0.4331008024567586,-0.008912129833182358,0.08198824493979358,1.0239939207695905,1.0305145464826777,1.067359026677648,0.9686807968058353,64.72095695750289
TSLA,2022-08-17,306.5,301.8533,302.87,47500536,303.9967,68765970,0.0316562646897154,0.06234802662016391,-0.008372169793318543,0.03274938195733267,1.0089234271907814,1.023056167133654,1.0481144939603473,0.7646663797859911,61.071893219102364
TSLA,2022-08-18,300.36,292.5,296.6667,61395387,302.87,47500536,0.015342226037573908,0.6735963142152551,-0.0037062902327557215,0.05665840979660192,0.9944640722888404,1.0212451840519046,1.03865002725569,0.5574782803602147,53.20699708454813
TSLA,2022-08-19,292.4,286.2967,289.9133,55843347,296.6667,61395387,0.026494379045575434,0.2968575059836424,-0.0204817248324364,-0.011209879012098727,0.9762519393132905,0.9974705718195542,1.013133850260348,0.7387890666145422,49.67981221248711
TSLA,2022-08-22,298.8266,287.9233,296.4533,63985044,289.9133,55843347,0.02105215593765443,0.32769157615111294,-0.022764267105138524,-0.06273988102935471,0.9663712241918386,0.9749310618492909,0.9864525179559553,0.6753237743668901,44.59300911854102
TSLA,2022-08-23,303.6467,296.5,297.0967,57254676,296.4533,63985044,0.03677914868884914,0.45857676074346587,0.02255846834208717,-0.03297850721205054,0.9948765017786428,0.9925448640685683,1.0022949916236863,0.7751118382584296,44.44102407802499
TSLA,2022-08-24,302.96,291.6,296.07,53208413,297.0967,57254676,0.024055130871531088,0.06528887449412159,0.0021703249719263896,-0.022697614809634375,1.0016746459878623,0.9937873385203074,1.0007018295279269,0.7067896595032194,44.104161215411764
TSLA,2022-08-25,302.0,287.47,288.09,57111447,296.07,53208413,0.03836930455635477,0.553697182611186,-0.00345577719308227,-0.022451877042955763,1.0028112721853408,0.9872356601244422,0.9947023290202296,0.6698701152600358,55.0382524534376
TSLA,2022-08-26,287.74,280.7,284.82,41847822,288.09,57111447,0.0504356277552153,0.6428079830400529,-0.026953085418988814,-0.02891022147076169,0.981484826521901,0.9644664952595209,0.9693673490905355,0.7367235204201138,48.61322597171654
TSLA,2022-08-29,288.48,272.65,277.7,50539284,284.82,41847822,0.024717365353556706,0.2826704541439345,-0.011350619598042216,-0.017568355780848963,0.9737236159258272,0.9614047405267101,0.9603771103715467,0.5673425896558099,50.925636526873774
TSLA,2022-08-30,281.25,271.81,275.61,52107337,277.7,50539284,0.0570039611091107,0.6421351859493772,-0.02499824450530161,-0.06325886741689171,0.9617138162708956,0.9465937402032065,0.9399963947059415,0.706752136799707,39.09951769225232
TSLA,2022-08-31,277.58,266.15,277.16,54282224,275.61,52107337,0.0342512971227459,0.5307203384208462,-0.007526107310046723,-0.07232224390240613,0.9688952323365841,0.9486488440052456,0.9379679566241637,0.7429785784493312,42.213862997902986
TSLA,2022-09-01,282.35,269.08,270.21,50890090,277.16,54282224,0.04123971713089914,0.40113735747932283,0.005623888828417007,-0.0638700307359745,0.9874731006569855,0.9625014759096815,0.9483217833458705,0.7839986169952881,30.59127447519218
TSLA,2022-09-02,72.376216,69.023648,70.972996,84979310,270.21,50890090,0.04910995151918893,0.8180105494965999,-0.025075768509164542,-0.06206393835259814,0.9751353302057018,0.9470673770040012,0.9273913588960458,0.7696111564656374,15.436362607994809
TSLA,2022-09-05,275.99,265.74,274.42,55847384,70.972996,84979310,0.047237233721963846,0.4185507932469959,-0.7373413419192479,-0.750814563584018,0.3028754940340715,0.26943077268273424,0.25311957888637404,1.2992761107239952,3.451157806658543
TSLA,2022-09-06,283.84,272.27,283.7,50013916,274.42,55847384,0.037351504992347496,0.1702439022729332,2.8665410151207373,-0.011811307166006384,1.174368121051644,1.0505523493550961,0.980255279650221,0.8741826862108237,46.742205757537896
TSLA,2022-09-07,289.5,279.76,289.26,53713124,283.7,50013916,0.0407825167430384,0.9161624884043514,0.03381677720282768,0.0293530713689633,1.2057327810759295,1.0916774331253145,1.0153368844585184,0.8113771786545622,47.9257323811557
TSLA,2022-09-08,299.85,291.245,299.68,54470854,289.26,53713124,0.03367212888059189,0.8172484591198652,0.019598167077899197,0.04365709337566736,1.2168475754902266,1.115996765539978,1.034748645999774,0.8831682506684478,49.19744934455253
TSLA,2022-09-09,305.49,300.4,304.42,48674604,299.68,54470854,0.02871396155899632,0.9308541534795388,0.03602295512687553,0.10906332112061,1.230180138732465,1.1510512847750367,1.0720904644816125,0.914564206989301,51.049925150840615
TSLA,2022-09-12,297.3999,290.4,292.13,68229619,304.42,48674604,0.01672032060968409,0.7269155192005521,0.015816871329418076,3.2892369937433674,1.0486537878579105,1.1605206463576505,1.0900029422345368,0.8461451007446763,50.8597515014587
TSLA,2022-09-13,306.0,291.64,302.61,72628653,292.13,68229619,0.023961592441721236,0.11000157129387039,-0.04037185467446298,0.0645361125282413,0.9941872732594149,1.1075754415838792,1.0487073468037695,1.206898547506203,49.4771462232198
TSLA,2022-09-14,309.12,300.7247,303.75,64771523,302.61,72628653,0.0474538184461849,0.7221448462937706,0.03587443946188347,0.06665491716602054,1.0167663463476915,1.1356834139567102,1.0865995932651002,1.2803380531694804,50.67504241124257
TSLA,2022-09-15,303.71,295.6005,303.35,87034286,303.75,64771523,0.02763884773662558,0.22929496238455527,0.0037672251412708977,0.050093341630367175,1.0107547634417904,1.1286983699978386,1.0905207634905647,1.1247066704350024,51.63953646321556
TSLA,2022-09-16,309.84,297.8,309.07,60231156,303.35,87034286,0.026733146530410312,0.46180405640076183,-0.0013168724279834642,0.012246396155899678,1.0069642691168859,1.1134999078491188,1.08777965961607,1.4783735325662368,51.95174252668201
TSLA,2022-09-19,313.33,305.58,308.73,61595783,309.07,60231156,0.03895557640663916,0.7458471754602636,0.018856106807318182,0.01527494908350298,1.0227942101117868,1.043313000651501,1.1044973422875015,1.0192942573493415,53.31393770914359
TSLA,2022-09-20,313.8,300.63,300.8,62498656,308.73,61595783,0.02510284066984096,0.2348387093744008,-0.0011000744167987025,0.05682401670489173,1.0105662156057897,1.0302332565822405,1.1008674388981168,1.0444995362405551,53.51179286339561
TSLA,2022-09-21,301.29,285.82,288.59,70531910,300.8,62498656,0.04378324468085112,0.5687167801300556,-0.025685874388624384,-0.005981296057631943,0.9857770203840861,0.9980755192779878,1.0718829745193557,1.0551185838035637,52.473144786131215
TSLA,2022-09-22,284.5,272.82,275.33,63702162,288.59,70531910,0.05360546103468598,0.7285067868594021,-0.040591755319149055,-0.049909465020576214,0.9552544123293656,0.9577748056008202,1.0297457328600328,1.1735768674719227,51.90192755867122
TSLA,2022-09-23,284.09,270.31,276.01,57846913,275.33,63702162,0.042421821087422394,0.6643835610750128,-0.045947538029730735,-0.0923685511785068,0.9285878099452285,0.9212119995449648,0.9846730688963032,1.0541569592744924,84.3784173263519
TSLA,2022-09-26,288.67,277.51,282.94,61925185,276.01,57846913,0.049925727328719874,0.3033381710425713,0.0024697635564595462,-0.10696605946872878,0.952113200778221,0.9323496725071528,0.9886624944868213,0.9447565348769141,50.841715193223926
TSLA,2022-09-27,289.0,277.57,287.81,54642017,282.94,61925185,0.039442991446949974,0.08064516121805766,0.025107785949784453,-0.08353577559679985,0.9936993825816375,0.9587351500077935,1.0125353776421893,1.0020461673062626,49.58740499457112
TSLA,2022-09-28,283.65,265.78,268.21,77613142,287.81,54642017,0.03971370001042357,0.41382327172893985,0.01721212978016542,-0.043184840425531945,1.020110868517311,0.9801524325870629,1.0277197972039493,0.8823835873622689,49.206870145498314
TSLA,2022-09-29,275.57,262.47,265.25,67684990,268.21,77613142,0.06662689683456995,0.814213765632785,-0.06810048295750677,-0.07061921757510654,0.9645759907933539,0.9245942554570401,0.959264434672407,1.2301579336085977,34.357291977333716
TSLA,2022-09-30,255.16,241.01,242.4,98363541,265.25,67684990,0.04938737040527791,0.06832061063486855,-0.011036128406845307,-0.03661061271928226,0.9608975380736405,0.9265598692162055,0.9495200768991484,1.0587068256553462,30.17913166683533
TSLA,2022-10-03,257.5,242.01,249.44,109128535,242.4,98363541,0.058374587458745894,0.8551236743073323,-0.08614514608859564,-0.12177095032788662,0.9000378728807895,0.8669310854163164,0.8418917557819279,1.5226325491649848,27.265246411264513
TSLA,2022-10-04,246.6697,233.27,240.81,86982673,249.44,109128535,0.062099101988454176,0.06972240150437622,0.02904290429042901,-0.11839966070544992,0.949806185315777,0.9114360672030635,0.870117276069682,1.6223665924874815,24.90323798735011
TSLA,2022-10-05,244.58,235.35,238.13,69298437,240.81,86982673,0.05564428387525433,0.3134398528971239,-0.03459749839640794,-0.16330217852055176,0.9509837217935251,0.8996223088101795,0.846344579384563,1.2585488423115019,22.253570798800908
TSLA,2022-10-06,234.5715,222.02,223.07,83916800,238.13,69298437,0.038760340990215504,0.14192849388740136,-0.011129105934138976,-0.11215092651280707,0.9632856807682663,0.9067025088241004,0.8445134817872633,0.9914970422042574,21.815038893690556
TSLA,2022-10-07,226.99,218.3582,222.96,67918618,223.07,83916800,0.056267091047653095,0.8656335889211404,-0.06324276655608282,-0.1590197926484449,0.9342463458558443,0.8666042493016893,0.8019989753453716,1.1758812527916116,15.611004478566855
TSLA,2022-10-10,225.75,215.0,216.5,77013202,222.96,67918618,0.038714567635450295,0.11237517074958261,-0.0004931187519612015,-0.08019801980198019,0.9492425984111171,0.884403931741914,0.813516279629802,0.9390463045101037,15.63977245413028
TSLA,2022-10-11,219.2999,211.51,217.24,66714949,216.5,77013202,0.049653579676674366,0.41348837170838226,-0.02897380696088988,-0.13205580500320718,0.9483385459100984,0.8820246233571527,0.8009974545669803,1.058361996318436,15.826171558294163
TSLA,2022-10-12,222.99,206.22,221.72,91461445,217.24,66714949,0.03585849751427001,0.24518928324472708,0.003418013856812975,-0.09787799509987123,0.9716432596833348,0.9112377884320955,0.816631863453619,0.9205779300901946,18.110306605881846
TSLA,2022-10-13,226.26,204.16,204.99,93934561,221.72,91461445,0.07563593721811299,0.8002385206915679,0.020622353157797778,-0.06891193885692688,1.006454892917775,0.9485266436223005,0.8465244847624065,1.2392273202356148,23.998447958094886
TSLA,2022-10-14,221.86,209.45,219.35,79428810,204.99,93934561,0.10781013707985752,0.8606334837734684,-0.07545552949666241,-0.08105079123145194,0.9460407417321235,0.9001607194611067,0.7976264591439691,1.26681409146603,20.194728890381057
TSLA,2022-10-17,229.82,217.25,220.19,75890225,219.35,79428810,0.05657624800547083,0.750201449838676,0.07005219766817886,-0.01619124506637968,1.0156973513613632,0.9730681702237147,0.868664707699375,1.0574981607554144,24.87951331279133
TSLA,2022-10-18,222.93,217.78,222.04,65468379,220.19,75890225,0.05708706117444023,0.7406523462683757,0.0038294962388876383,0.017043879907621236,1.0161145926589077,0.989635768732921,0.8875515444178856,1.0008623354991635,22.4090093030847
TSLA,2022-10-19,215.55,202.0,207.28,117759436,222.04,65468379,0.023194019095658467,0.43495145546610947,0.008401834779054427,0.022095378383354736,1.0201325014472247,1.0064409683662785,0.9094446424109865,0.8617284982395933,27.970226166618943
TSLA,2022-10-20,214.66,203.8,214.44,75513754,207.28,117759436,0.06537051331532233,0.07380073795291452,-0.06647450909745987,-0.06512718744362257,0.9651254830749174,0.9528625410280691,0.8633662871459307,1.5032857022075057,25.139377305086185
TSLA,2022-10-21,213.5,198.5863,211.25,100035871,214.44,75513754,0.050643536653609336,0.7389502755626624,0.03454264762639906,0.046099809746816864,0.9897535308778732,0.9897032828574198,0.9046612582739552,0.9567752363493023,36.144697720515346
TSLA,2022-10-24,224.3498,210.0,222.415,96507870,211.25,100035871,0.07059739644970417,0.364094758266497,-0.014875955978362235,-0.036927285160702046,0.9823753720238094,0.9802784222737819,0.9035461781600592,1.234481472965014,30.324574961360128
TSLA,2022-10-25,230.6,218.2,224.64,85327078,222.415,96507870,0.06451813052177231,0.8582001136892504,0.05285207100591712,0.01010490939643033,1.0321600111376663,1.02926306680272,0.9637752830411473,1.166062902253798,40.76417131094039
TSLA,2022-10-26,233.81,222.85,225.09,61632874,224.64,85327078,0.05519943019943023,0.4225806448204977,0.010003821684688507,0.011709601873536275,1.0399759264831832,1.0360118340739237,0.9869242639750015,1.0122062301183723,43.195803490366174
TSLA,2022-10-27,228.86,216.35,228.52,69152386,225.09,61632874,0.048691634457328214,0.42700729888046807,0.0020032051282052044,0.0859224237746044,1.0251540532047165,1.0364762845440292,0.998357803648315,0.738126186132511,51.19498343587318
TSLA,2022-10-28,229.85,221.94,227.54,61543761,228.52,69152386,0.054743567302643174,0.249400479416946,0.015238349104802554,0.06565939190449549,1.027596533907718,1.040991429085534,1.0218950357464267,0.8274541147294192,53.1648451730419
TSLA,2022-10-31,237.3951,227.28,227.82,62688822,227.54,61543761,0.034763118572558656,0.17067003771090955,-0.004288464904603616,0.07711242603550292,1.008416023683639,1.0326744288952778,1.0209046766039689,0.7529994390215593,56.70228266148616
TSLA,2022-11-01,227.8699,214.82,214.98,63070293,227.82,62688822,0.04439952594153285,0.6159108653242085,0.0012305528698250906,0.024301418519434397,1.004842935401064,1.030377176299787,1.0271427267163287,0.7894373334943737,56.45909645909646
TSLA,2022-11-02,221.2,210.14,215.31,56538848,214.98,63070293,0.06070285607963535,0.8475160722706561,-0.05636028443508034,-0.04300213675213674,0.9563592686507406,0.9754194126521399,0.9749295094401229,0.8063823731702665,46.26634167959229
TSLA,2022-11-03,223.8,203.08,207.47,98618712,215.31,56538848,0.051367795271933504,0.357142856819942,0.0015350265140943926,-0.043449286951885914,0.9662349551684213,0.9733703133582429,0.9815047597123089,0.7288197578879237,56.98619008935824
TSLA,2022-11-04,208.9,196.66,197.08,93916520,207.47,98618712,0.0998698607027522,0.730212354859936,-0.03641261436997819,-0.09211447575704539,0.9489808987119437,0.9408920946833045,0.949140446206263,1.2593214066274656,41.17909117909119
TSLA,2022-11-07,195.2,186.75,191.3,128791804,197.08,93916520,0.062106758676679565,0.945261437136223,-0.05007952957054025,-0.13386657291025744,0.92729565430147,0.8995533727545969,0.9069770920173543,1.1796943889955116,34.97203797632983
TSLA,2022-11-08,195.89,177.12,177.59,126992555,191.3,128791804,0.044171458442237264,0.3218934907433216,-0.029328191597320887,-0.1603019928013343,0.9321340168008264,0.8857506655862948,0.8855118367195791,1.5668137005249083,30.98243009156151
TSLA,2022-11-09,191.0,180.03,190.72,132703015,177.59,126992555,0.10569288811306933,0.7024507188585779,-0.07166753789858864,-0.17392315564238528,0.8980530973451326,0.8405831400577461,0.8296630588773926,1.4902833077538393,31.390246960010046
TSLA,2022-11-10,196.52,182.59,195.97,114378775,190.72,132703015,0.05751887583892617,0.07474931624908843,0.0739343431499521,-0.11420742185685757,0.9890474610023231,0.9176598519003238,0.897502714696301,1.5205022169570168,36.16748308840681
TSLA,2022-11-11,195.73,186.34,190.95,92208649,195.97,114378775,0.07108230851660972,0.7157214639513839,0.02752726510067114,-0.05542970067961633,1.0285411374467281,0.9579231393404959,0.9241699176726217,1.295372360992854,41.29840546697039
TSLA,2022-11-14,200.8237,192.06,194.42,91030136,190.95,92208649,0.04917517674783968,0.1938232159810215,-0.02561616573965408,-0.0311041201542522,1.0086843523184685,0.9503829901602137,0.9065670922554863,1.0367863581643815,30.73296185169312
TSLA,2022-11-15,192.57,185.66,186.92,66561999,194.42,91030136,0.045076123855570416,0.1665963004591719,0.01817229641267347,0.016309461578672118,1.0236402885273521,0.984011458707656,0.9287228389053758,1.0148968653880703,31.77322074788904
TSLA,2022-11-16,186.16,180.9,183.17,64335970,186.92,66561999,0.036967686710892345,0.6642547023672154,-0.03857627816068306,0.05253674193366734,0.9745771548937412,0.9596812699912205,0.900449333466612,0.7416489623072123,28.782657031684266
TSLA,2022-11-17,185.19,176.55,180.19,76048866,183.17,64335970,0.028716492875470827,0.1501901137829127,-0.02006205863471004,-0.03958682885906046,0.9626036597542647,0.9562067039397781,0.8875386272151216,0.7388358804291874,24.880912817104246
TSLA,2022-11-18,176.77,167.54,167.87,92848312,180.19,76048866,0.04794938675842159,0.5624999993489608,-0.016269039689905496,-0.08052252895851407,0.9629134826056753,0.9542395051659949,0.8804046568271182,0.8730788056400496,24.341606155846975
TSLA,2022-11-21,170.92,166.185,169.91,78422477,167.87,92848312,0.05498302257699421,0.8645720467339385,-0.0683722737110827,-0.12086933752291168,0.9197650591187525,0.9029637996880211,0.8289948184737399,1.07036093656371,21.2635413670789
TSLA,2022-11-22,183.62,172.5,183.2,109536709,169.91,78422477,0.027867694661879733,0.2703273489539032,0.012152260677905475,-0.1260672770291122,0.9566358128955251,0.924574606439536,0.8500898070274625,0.9135826608913695,25.90097315795103
TSLA,2022-11-23,32.394829,30.486662,30.509891,412646993,183.2,109536709,0.06069868995633191,0.86600719346582,0.07821788005414627,-0.019901562165632353,1.0358007101341113,0.9938589067552024,0.9261833863327283,1.2583039332892596,34.92063492063491
TSLA,2022-11-24,185.2,180.63,182.86,50672739,30.509891,412646993,0.06254257021108343,0.9878265320182846,-0.8334612936681222,-0.8334340175792978,0.2084920699289793,0.18127093877318318,0.16222453041454174,3.9449327975633564,14.793881853680077
TSLA,2022-11-25,188.5,179.0,182.92,93038148,182.86,50672739,0.024991797003171785,0.48140043658336706,4.9934661844580175,0.01481769243576234,1.2450468246886415,1.09497013134835,0.9842348328699753,0.48875207710514856,48.192128748260615
TSLA,2022-11-28,186.38,178.75,180.83,82947611,182.92,93038148,0.05193527225016401,0.31157894704044103,0.00032811987312683936,0.08965270745219504,1.2204431985966222,1.1006216237162865,0.9965242889498542,0.8839517625179911,48.91887768522206
TSLA,2022-11-29,194.76,180.6301,194.7,109186404,180.83,82947611,0.042194326162694216,0.5452162509237007,-0.011425759895035945,0.06426931905126253,1.1891705198069058,1.0970165371909406,0.9979112758982964,0.7805698454885149,50.43091957775052
TSLA,2022-11-30,198.92,191.8,194.7,80039013,194.7,109186404,0.07257267591165893,0.8683713254386991,0.07670187468893422,0.06277292576419215,1.2613046273512014,1.175611129444989,1.0804991600116562,1.00566578934519,50.52829957744158
TSLA,2022-12-01,196.25,191.11,194.86,73645922,194.7,80039013,0.036569080636877124,0.33426966245187295,0.0,5.381537056294301,1.0400529908868494,1.167483241643035,1.0867138818210726,0.72930964072621,49.82903921942075
TSLA,2022-12-02,191.27,180.55,182.45,93119617,194.86,73645922,0.026377912347326213,0.5992217887174713,0.0008217770929636621,0.06562397462539647,1.0277317749812764,1.1582539564954477,1.0914478568357808,0.6787790795341593,50.53332210419779
TSLA,2022-12-05,183.65,175.33,179.82,92136823,182.45,93119617,0.05875582351329131,0.6520522381977133,-0.06368674946115171,-0.0025694292586923187,0.9627561897123077,1.0751706702615313,1.0261414696824054,0.8585793670688964,48.40616853733658
TSLA,2022-12-06,179.38,172.218,174.04,84213284,179.82,92136823,0.04626849071293512,0.16766826902924623,-0.014414908194025737,-0.005585356412099869,0.949890653228107,1.0535197087228803,1.0146252597202905,0.8641199655803353,49.04219784373211
TSLA,2022-12-07,175.2,169.06,173.44,97524491,174.04,84213284,0.04115145943461277,0.13822954462687975,-0.032143254365476596,-0.10611196712891627,0.9398727683152063,1.0251577801260525,0.98299640699874,0.8059761602812118,48.77505639584003
TSLA,2022-12-08,182.5,173.36,179.05,104872336,173.44,97524491,0.03540129151291505,0.20195439706522278,-0.003447483337163838,-0.1091936312275295,0.9586451620035155,0.9422911844921821,0.9844114354110124,0.9493546150457722,49.08855275242512
TSLA,2022-12-09,177.37,167.52,167.82,109294471,179.05,104872336,0.051047193521362666,0.5700218812144198,0.03234547970479713,-0.08113517397105614,1.0072569756975698,0.9747878114775071,1.0211560111058213,1.025628012519888,51.53748738882158
TSLA,2022-12-12,175.05,156.91,160.95,175862722,167.82,109294471,0.05869383863663446,0.8406091362024278,-0.06271991063948627,-0.08018635242532199,0.9598819451594085,0.9212223679949059,0.9634639533532273,1.0600192809803741,49.71966644610004
TSLA,2022-12-13,161.62,155.31,156.8,140682338,160.95,175862722,0.1127058092575335,0.7673649389375058,-0.04093671791204865,-0.10493827160493831,0.9408979305506839,0.8932585205041541,0.9329867172420089,1.6382525913945525,46.96328828170644
TSLA,2022-12-14,160.9299,153.28,157.67,122306559,156.8,140682338,0.04024234693877552,0.38827258258593694,-0.025784405094749784,-0.09905768788784176,0.9354938787199009,0.8889241636572882,0.9169349636839706,1.266794884624994,78.99087411043902
TSLA,2022-12-15,160.99,150.04,150.23,139032175,157.67,122306559,0.048518424557620364,0.5529484038314886,0.005548469387754949,-0.09092481549815504,0.9587250240182903,0.9130233366147431,0.9289487393928022,1.0733137273652067,31.011608623548895
TSLA,2022-12-16,155.25,145.82,149.87,139390634,150.23,139032175,0.0728882380350131,0.8589041088046525,-0.0471871630620917,-0.16096062552359688,0.946664650207317,0.8930195509638761,0.8929956926427364,1.1872796319053833,27.8252611585945
TSLA,2022-12-19,148.47,137.66,137.8,159495767,149.87,139390634,0.06292119837192238,0.4379639443924022,-0.0023963256340277257,-0.10695983792158259,0.9662548999381062,0.9084737132430942,0.8956472922389254,1.167146438648782,28.494026118366207
TSLA,2022-12-20,141.26,135.89,137.57,145349224,137.8,159495767,0.07844702467343978,0.7631822379619033,-0.08053646493627806,-0.14383348866107473,0.9157728245411167,0.8571410799479994,0.8314929735324372,1.2916494699288645,9.461385009974364
TSLA,2022-12-21,136.63,122.26,125.35,210009450,137.57,145349224,0.039034673257250886,0.32867783923896365,-0.0016690856313499142,-0.12264030612244908,0.9382246228551164,0.8755728105906314,0.8416924680073293,1.1602610484112303,9.430478625195306
TSLA,2022-12-22,128.6173,121.02,123.15,166989688,125.35,210009450,0.11463901076984437,0.7411273481272609,-0.088827505996947,-0.2049850954525274,0.8943095231300475,0.8229871775511947,0.7453035766842167,1.8239330456178895,7.857402691887955
TSLA,2022-12-23,24.550083,22.934072,23.255737,293141795,123.15,166989688,0.061691433211530686,0.4238347828520197,-0.017550857598723484,-0.18025693935964845,0.9139282215691514,0.8393481505714928,0.7454555359834384,1.3805725785372813,8.96761693883198
TSLA,2022-12-26,119.67,108.76,109.1,208643444,23.255737,293141795,0.06948870293811804,0.8009512261924507,-0.8111592610637435,-0.8448272703009275,0.2125264397861803,0.1758274067608476,0.1479205213732469,2.2383726480838955,3.822461685027335
TSLA,2022-12-27,116.27,108.24,112.71,220957487,109.1,208643444,0.09999999999999998,0.7694775428327439,3.6913155235630675,-0.20827285921625555,1.0522239948129737,0.8585172016515822,0.7101418092430696,1.5202061692249407,36.990587860597415
TSLA,2022-12-28,123.57,117.495,121.82,221899313,112.71,220957487,0.0712447875077633,0.29389788257297883,0.03308890925756187,-0.18070800319837174,1.1417931954219098,0.918802257138217,0.7537527797555372,1.5469382644894336,37.97894806401206
TSLA,2022-12-29,124.48,119.75,123.18,157777339,121.82,221899313,0.04986865867673608,0.2362139913807162,0.08082690089610504,-0.028161148783406472,1.2429705713483505,1.022961860240843,0.8350253481139843,1.480035450527154,38.82656591315171
TSLA,2022-12-30,18.010804,17.528179,17.724026,198075285,123.18,157777339,0.03839909076148729,0.6828752628269025,0.011164012477425822,0.00024360535931791422,1.2567701708148595,1.0584240658370292,0.8656129448602935,1.0236311829394116,40.935250126136886
TSLA,2023-01-02,118.8,104.64,108.1,231402818,17.724026,198075285,0.027229987137233878,0.22715358244696657,-0.8561127942847866,-0.2378643600931676,0.182897640299053,0.17180107856934998,0.13220226801123966,1.242765031359067,29.23144560336064
TSLA,2023-01-03,114.59,107.52,113.64,180358575,108.1,231402818,0.13098982423681774,0.7323446322511695,5.099065754022252,-0.00916590284142988,1.117811717349546,1.0788856398418065,0.8284700115906826,1.3910931124049482,44.35087852098084
TSLA,2023-01-04,111.75,107.1601,110.34,157927424,113.64,180358575,0.06221400915170721,0.6407355012153665,0.051248843663274805,0.00825126430662769,1.1728425012097803,1.1619278297975477,0.8915634176988856,1.0537838282366627,44.947332847454106
TSLA,2023-01-05,114.39,101.81,113.06,220874051,110.34,157927424,0.04159778865325358,0.03703784388104823,-0.029039070749735982,-0.09423739944179929,1.16642417010506,1.145770878639798,0.8876447371504318,0.9067250552392195,45.378506825283885
TSLA,2023-01-06,123.52,117.11,119.77,190283951,113.06,220874051,0.11126835308685652,0.7996820343404756,0.024651078484683692,-0.08215619418736811,1.2213089984227894,1.1864463089500543,0.9343262048622437,1.2272585502761437,45.758537115325986
TSLA,2023-01-09,122.76,114.92,118.85,167603486,119.77,190283951,0.05351924522000498,0.12636505440504714,0.059349018220413885,5.757494036625765,1.0600803667840892,1.1412709685575932,1.0098268781239204,1.0340226438198261,47.896495314793896
TSLA,2023-01-10,125.95,120.51,123.22,183810771,118.85,167603486,0.06596550273453937,0.28316326494494454,-0.007681389329548315,0.09944495837187789,1.032293367612827,1.1220795914874242,1.0201761560271712,0.9128230997775314,47.81950573907254
TSLA,2023-01-11,124.1311,117.0,123.56,169400913,123.22,183810771,0.04414867716279823,0.20772058785345404,0.036769036600757296,0.08430130235832452,1.0527305037249675,1.15190741555646,1.0731534239693095,0.9894723149644442,49.74727728290873
TSLA,2023-01-12,122.63,115.6,122.4,180714119,123.56,169400913,0.05771366137908711,0.14023081973295723,0.002759292322674918,0.11981149175276416,1.0323162784480164,1.1532100324576358,1.0923397687683003,0.9004882568259679,50.048861820616125
TSLA,2023-01-13,21.475652,20.366947,21.194914,177364269,122.4,180714119,0.05743464052287582,0.8321479362273867,-0.009388151505341507,0.08261100300725281,1.0069101678183612,1.1432157710321724,1.0955619272794788,0.9501004500786282,65.45187861470006
TSLA,2023-01-16,131.7,125.02,131.49,186476985,21.194914,177364269,0.05230995511470348,0.034449199431326384,-0.8268389379084967,-0.8230365366953327,0.208109554514059,0.19732078087911403,0.2013008602547626,0.923272328332389,36.92577465003157
TSLA,2023-01-17,136.68,127.01,128.78,195526818,131.49,186476985,0.05080234238345115,0.8675149687612085,5.203846828536318,0.10635254522507376,1.2598087787905972,1.1980593635981915,1.2525930904900815,0.9639393875916779,52.120298751223075
TSLA,2023-01-18,129.99,124.3082,127.17,170287880,128.78,195526818,0.07508929958068024,0.8040330912057573,-0.02060993231424449,0.045122545041389406,1.220837284906871,1.1574014636359784,1.231935025393476,0.9977797671276445,50.797320051508706
TSLA,2023-01-19,133.51,127.3466,133.42,138858136,127.17,170287880,0.044678776440984586,0.015840050660284197,-0.012501941295232175,0.029216574943347357,1.197378897764903,1.1259014841389536,1.21547534550459,0.8778819933183677,50.456822677602815
TSLA,2023-01-20,145.3793,134.27,143.75,202107061,133.42,138858136,0.046195472942587294,0.7690560392493467,0.04914681135487918,0.09003267973856194,1.2306871181689902,1.1603203010706096,1.268983947422972,0.7210815905635257,67.13983217360433
TSLA,2023-01-23,146.5,141.1,143.89,158669331,143.75,202107061,0.07728208695652167,0.7093156178073187,0.07742467396192484,5.782287486516813,1.0814613081355984,1.2246185412065533,1.2931350845252012,1.0749374621066703,56.923400952284
TSLA,2023-01-24,146.41,138.07,144.43,192731847,143.89,158669331,0.037528667732295545,0.1648148145095995,0.0009739130434781659,0.09430374933454998,1.0626874049127784,1.200208614924776,1.2744517888811666,0.8552735921471886,56.00055132867242
TSLA,2023-01-25,161.42,154.76,160.27,234708790,144.43,192731847,0.057744235962057765,0.3027577934019696,0.003752866773229693,0.1215250815343998,1.0425750007218548,1.1837700666791462,1.2615136485024685,1.0468439771801912,56.83713928604911
TSLA,2023-01-26,180.68,161.17,177.9,306542013,160.27,234708790,0.04155487614650275,0.04579579572703439,0.1096725057121097,0.26028151293544083,1.1041528880070548,1.275227948607055,1.3767487283757915,1.270426741246032,58.995116427253926
TSLA,2023-01-27,179.77,166.5,166.66,230862447,177.9,306542013,0.10966835300730758,0.7929267038478071,0.11000187184126782,0.3333833008544448,1.1548348566680515,1.3556403983746599,1.4931016813911193,1.5950259242863019,60.633270546123754
TSLA,2023-01-30,174.3,162.78,173.22,196729941,166.66,230862447,0.07962318492739716,0.8583270528573275,-0.06318156267566054,0.15937391304347823,1.050620941814285,1.1432608934255295,1.3164843381015612,1.1910834572913198,58.427337483247385
TSLA,2023-01-31,183.805,169.93,181.41,213761623,173.22,196729941,0.06650502251472122,0.7508680549037602,0.039361574462978534,0.20383626381263475,1.0530347242486138,1.1551927655402836,1.3339931092902457,1.024144691288672,58.74584046078517
TSLA,2023-02-01,196.7501,182.61,188.27,217448287,181.41,213761623,0.07648420704481561,0.541981981591365,0.04728091444405957,0.25604098871425596,1.0553719777534731,1.1687884957348658,1.3615357775925927,1.1032169394487463,59.84847908090432
TSLA,2023-02-02,199.0,183.69,189.98,232595013,188.27,217448287,0.07510543368566415,0.06683121048165926,0.03781489443801342,0.17470518500031196,1.0607238636107543,1.167044792402772,1.3728732726758348,1.1052675982213402,61.000327681842485
TSLA,2023-02-03,198.17,189.92,194.76,186180031,189.98,232595013,0.08058743025581641,0.39386022181981695,0.00908270037711786,0.06790331646992684,1.0559841696867287,1.1377546742684663,1.347550344597556,1.1787455963383724,92.21630609238225
TSLA,2023-02-06,197.5,189.55,196.81,185997767,194.76,186180031,0.042359827479975354,0.21212121186409547,0.025160543215075278,0.16860674426977076,1.0497606830235868,1.1318057403866828,1.3456665770962821,0.9445058177387492,83.51520288166118
TSLA,2023-02-07,203.0,194.31,201.29,180612134,196.81,185997767,0.04039428890808388,0.04779874207824007,0.010525775313206056,0.13618519801408616,1.0345026965087307,1.1095951423851702,1.3241673876031788,0.9391990809255056,86.2904086205057
TSLA,2023-02-08,214.0,204.77,207.32,215431442,201.29,180612134,0.04317154354414029,0.5972382041458707,0.022763070982165488,0.10958602061628353,1.0363913459855219,1.0996028559410458,1.3196510629651639,0.9127413404268415,88.36438923395444
TSLA,2023-02-09,206.2,192.89,196.89,204754129,207.32,215431442,0.04452054794520543,0.04929577459448052,0.029956778776889074,0.1011844691135071,1.0469015108669306,1.1041637818088856,1.32286251621632,1.0761870451358964,88.33782942519194
TSLA,2023-02-10,196.3,187.61,194.64,172475452,196.89,204754129,0.06760119863883388,0.4008264459798454,-0.05030870152421381,0.036372249710495824,0.9873429147401886,1.038115374273045,1.2271476112676114,1.0167434369697914,77.53938640132668
TSLA,2023-02-13,209.82,189.44,209.25,216334008,194.64,172475452,0.04464652692149609,0.025891829659502423,-0.011427700746609783,-0.0006161429451633012,0.9761773408897135,1.0113322837591383,1.150915783405029,0.8574987082485132,75.73790445278425
TSLA,2023-02-14,214.66,206.11,214.24,182016181,209.25,216334008,0.09739545997610512,0.8493621193084585,0.07506165228113448,0.06320817031654895,1.03651710438978,1.0672644367598005,1.2094991199701746,1.0676269686320865,78.76797443635716
TSLA,2023-02-15,217.65,201.84,202.04,229558338,214.24,182016181,0.03990851381628072,0.2906432745138697,0.023847072879330987,0.06433503899846002,1.04779231958057,1.0747197070405579,1.208493979811427,0.9012701972810272,76.50525488655337
TSLA,2023-02-16,208.44,197.5,208.31,213728549,202.04,229558338,0.0782518313205306,0.5528146739071386,-0.05694548170276333,-0.02546787574763651,0.9932550685308635,1.0065662956726218,1.1161074344554807,1.1202410498619673,62.523345092342794
TSLA,2023-02-17,27.594628,26.816972,27.397199,66600920,208.31,213728549,0.0525178820027843,0.7609689206938117,0.03103345872104539,0.05800193001168173,1.0127080740510268,1.0284120362370714,1.127422990639537,1.0242800532814424,72.78197133792801
TSLA,2023-02-20,209.71,197.22,197.37,179997088,27.397199,66600920,0.028384507481950996,0.25387703233978676,-0.8684787144160145,-0.859241682079737,0.1590572204255195,0.14744046786429293,0.15310071831502609,0.32989221188600953,22.565234778662642
TSLA,2023-02-21,201.99,191.78,200.86,191730657,197.37,179997088,0.06328216040938343,0.6100880699679038,6.2040211117932165,-0.05677419354838707,1.161878655013319,1.0618442363016576,1.086702412099089,0.886889190764575,51.86646756806072
TSLA,2023-02-22,205.14,196.33,202.07,146359950,200.86,191730657,0.05083142487304594,0.28697355505683336,0.01768252520646506,-0.06245332337565345,1.201348554962203,1.0808703708284413,1.089000498873753,0.9449363969127935,51.48405518146704
TSLA,2023-02-23,197.6695,192.8,196.88,142221085,202.07,146359950,0.043598752907408195,0.20885357524534312,0.006024096385542067,0.0001484854484260599,1.2085422245269446,1.0904623432385303,1.0832856748438426,0.7373824782733763,51.426799176413276
TSLA,2023-02-24,209.42,201.26,207.63,161026215,196.88,142221085,0.02473334010564805,0.1139747404990781,-0.025684168852377877,-0.05487014545629114,1.1938239393398506,1.0624604578112649,1.0501198615840146,0.7474708062122923,50.24994953731063
TSLA,2023-02-27,211.23,203.75,205.71,153140787,207.63,161026215,0.039300679092616655,0.6862745089628984,0.05460178789110118,6.578511949341975,1.0331804022651048,1.1126728204477747,1.0954886426734503,0.862126515416846,51.250041585255886
TSLA,2023-02-28,207.2,198.52,202.77,156837790,205.71,153140787,0.03636186865004127,0.6524064162400987,-0.009247218610027393,0.04225566195470438,1.0152001184424815,1.1044789524059178,1.0761347414954268,0.8295885463257989,50.51368398108488
TSLA,2023-03-01,193.7499,186.01,190.9,181943904,202.77,156837790,0.042807121369038706,0.396313363598718,-0.014291964415925321,0.009509110823459108,0.9988079522392765,1.0954398977478355,1.0548611011254925,0.8629205662698464,49.467382257684065
TSLA,2023-03-02,200.48,192.88,197.79,154150777,190.9,181943904,0.04054426401257206,0.5374746436808289,-0.05853923164176162,-0.05527787400405794,0.9508013826216021,1.0375579684764769,0.9924314239744063,1.0109282364589196,49.3011734718394
TSLA,2023-03-03,198.6,192.3,193.81,128086106,197.79,154150777,0.03842459173871275,0.394078946849897,0.036092194866422136,0.0046221048354327336,0.9842257165605096,1.0811876310042499,1.0261672389108067,0.8755837630661446,50.363560313324086
TSLA,2023-03-06,194.2,186.1,187.71,148125790,193.81,128086106,0.03250606263866665,0.7507936496019153,-0.020122351989483745,-0.06656070895342674,0.9778703909261539,0.9710941531924702,1.00576619939676,0.7397400214820877,48.17315119978934
TSLA,2023-03-07,186.5,180.0,182.0,151731963,187.71,148125790,0.04315167012945498,0.4530864191937192,-0.0314741241422011,-0.08750182295464488,0.9646138666776296,0.9451042983087714,0.9764161000971413,0.8649349583387154,46.86921461129539
TSLA,2023-03-08,185.18,172.5124,172.92,170023794,182.0,151731963,0.03571428571428571,0.46769230697277986,-0.0304192637579245,-0.10243132613305721,0.955671543041976,0.9251399147041331,0.9514879182342224,0.8935261683980577,47.59830645802307
TSLA,2023-03-09,178.29,168.44,173.44,191488872,172.92,170023794,0.07325699745547071,0.5786415733219868,-0.04989010989010996,-0.09418543740178113,0.9254680324973507,0.8922048170391925,0.9122208475783578,1.0148119114640246,45.78706126254805
TSLA,2023-03-10,177.35,163.91,174.48,167790256,173.44,191488872,0.05679197416974167,0.17157360388672716,0.0030071709461023033,-0.12311036958390209,0.9530927155229263,0.9058432740719075,0.9206586916201742,1.1474719634032031,80.47347756359797
TSLA,2023-03-13,183.8,177.1401,183.26,143717897,174.48,167790256,0.07702888583218706,0.522693451992042,0.005996309963099585,-0.09973685568340133,0.9796193363651676,0.9273304172667987,0.9311616051381573,1.0068745350642112,33.80959117272596
TSLA,2023-03-14,182.34,176.03,180.45,145973833,183.26,143717897,0.03634126377823869,0.8934068065685523,0.05032095369096746,-0.023706781737787102,1.0340819320618442,0.9857563956365513,0.9848486153931444,0.8816299999699505,38.418004738088946
TSLA,2023-03-15,185.81,178.84,184.13,121364253,180.45,145973833,0.03496813521751179,0.05546751179799485,-0.015333406089708623,-0.008516483516483578,1.0200101746650838,0.9824364642087153,0.9786329901705639,0.9054789891091952,36.06599639082237
TSLA,2023-03-16,186.2199,177.33,180.13,132582140,184.13,121364253,0.03785369032748601,0.5401721656525489,0.020393460792463326,0.06482766597270419,1.0277864606591052,1.0061803616413203,1.003464084946116,0.7789645451994297,41.61956093072171
TSLA,2023-03-17,186.44,176.35,183.25,129284359,180.13,132582140,0.049352689724088065,0.49325639153054984,-0.021723782110465432,0.03857241697416973,0.9980054296636932,0.9939139119255322,0.9892613005760762,0.8737184009470127,30.16445470282747
TSLA,2023-03-20,198.0,188.04,197.58,153391444,183.25,129284359,0.05506139154160984,0.5123885029609614,0.017320823849442096,0.05026364053186618,1.0055200719913964,1.0170554510287106,0.9650933757465321,0.8347449471866581,34.07543959160522
TSLA,2023-03-21,200.66,190.95,191.15,150370133,197.58,153391444,0.05040996052232011,0.9337349388215516,0.07819918144611193,0.07814034704791019,1.067376882684703,1.09061402927734,1.0405053491917624,0.998976548099103,46.83188865828348
TSLA,2023-03-22,199.31,188.65,192.22,144193876,191.15,150370133,0.05079780277269164,0.8393408848204521,-0.032543779734791,0.05929620393460802,1.0208386738443136,1.0498190345948737,1.0092237187372957,0.9926694597263569,50.16346279586766
TSLA,2023-03-23,192.36,187.15,190.41,116511584,192.22,144193876,0.05545728852356673,0.28517823613022614,0.0055976981428197395,0.043936349318416355,1.0177586225154343,1.0446228173621943,1.017518877987195,0.9525779193325231,46.05803255484785
TSLA,2023-03-24,197.39,189.94,191.81,120851587,190.41,116511584,0.027362008297883558,0.23800383831477329,-0.009416293829986485,0.05706989396546939,0.9973182765736793,1.0253303608930244,1.009666626013458,0.7762947361856289,47.517523364485974
TSLA,2023-03-27,192.35,185.43,189.19,98654635,191.81,120851587,0.038840519263854796,0.34966442906085227,0.007352555012867001,0.04671214188267395,0.9957224581330398,1.0233195866388531,1.0213742571726767,0.8161343364734075,53.214173722169946
TSLA,2023-03-28,195.29,189.44,193.88,123660026,189.19,98654635,0.03657698609863094,0.40606936357504536,-0.0136593503988322,-0.042463812126733544,0.9907517962253085,1.0061585262083048,1.0118735626036262,0.6787209496662613,55.923545888943806
TSLA,2023-03-29,197.33,194.42,195.28,110247738,193.88,123660026,0.030173303074066404,0.12820512798597428,0.02478989375759817,0.014281977504577503,1.0124176248812022,1.0237887788778877,1.0394289252675908,0.8605737515744688,68.61456483126109
TSLA,2023-03-30,207.79,197.2,207.46,170206718,195.28,110247738,0.014901679639492139,0.10309278315088694,0.0072209614194347314,0.01591925918218709,1.0164797984530018,1.0251456769384222,1.0457068347394434,0.7868652928278472,69.09758656873032
TSLA,2023-03-31,202.6897,192.2,194.77,169239000,207.46,170206718,0.05104598476814809,0.9376770529389266,0.062371978697255255,0.08954361640670139,1.0610462142754853,1.073681704558981,1.1080607601427137,1.2078864188640193,74.13641686182669
TSLA,2023-04-03,198.7446,190.32,192.58,126444045,194.77,169239000,0.053856856805462844,0.49000448011858694,-0.06116841800829074,0.01543193785516922,0.9931367150054049,1.0020321543408361,1.0400158055490292,1.1837337495290434,57.96760348885506
TSLA,2023-04-04,190.68,183.76,185.52,133882193,192.58,126444045,0.04374597569841104,0.5626379880793867,-0.011244031421676837,0.017918494635023072,0.9785867455308597,0.9933204384268215,1.026986526734553,0.8911639042402664,58.469487501745576
TSLA,2023-04-05,186.39,179.74,185.06,123857932,185.52,133882193,0.037300560586459766,0.7218208082054561,-0.03666008931353205,-0.043119455333195715,0.9507897623025594,0.9596921039562988,0.9884094184463668,0.9495600505832169,50.92679023869851
TSLA,2023-04-06,28.893118,28.458362,28.555923,106628000,185.06,123857932,0.0359342915811087,0.29774436045451924,-0.00247951703320401,-0.05233510856206472,0.9584727415863018,0.9608714615049119,0.9827803666972027,0.8930841322758696,53.449965010496854
TSLA,2023-04-07,185.1,176.11,184.51,142054637,28.555923,106628000,0.015224722380712406,0.11024114422247744,-0.8456937047444072,-0.8623545599151643,0.18154122130422415,0.1618719297276573,0.15771673326883895,0.7931118106843537,15.598169311318415
TSLA,2023-04-10,189.19,185.6475,186.79,115770892,184.51,142054637,0.04872364641482836,0.5083426023266492,5.461356545890672,-0.052677517071417664,1.1885070733459644,1.0502582987933151,1.0162492132760639,1.0668302499760027,48.216713169384136
TSLA,2023-04-11,191.5846,180.31,180.54,150256278,186.79,115770892,0.018965148027196264,0.028228652002175888,0.01235705381822124,-0.030065427354865615,1.2122357903085472,1.0646908879593426,1.0278078950493676,0.8786600851913094,49.39830225294902
TSLA,2023-04-12,186.5,180.94,185.9,112932985,180.54,150256278,0.06244931871053502,0.9046884138641849,-0.033460035333797315,-0.026843467011643047,1.1792971650962063,1.0369509713274652,0.9933928090146094,1.138541698590124,48.41083312851494
TSLA,2023-04-13,186.28,182.01,185.0,96408489,185.9,112932985,0.029908552985476074,0.5296762580401492,0.029688711642849308,0.004539068410245344,1.2129778746062834,1.0735203048711277,1.022387502653268,0.8584729597602687,49.392245790442345
TSLA,2023-04-14,189.69,182.69,187.04,116662189,185.0,96408489,0.023081081081081135,0.2459016387683823,-0.004841312533620256,5.478515858163646,1.0024492273012984,1.0823613046734721,1.0160771071346015,0.743076610544436,49.08106629148911
TSLA,2023-04-17,187.69,183.5775,184.31,92066996,187.04,116662189,0.037425149700598806,0.10285714271020392,0.011027027027026985,0.013711993929868306,1.0107320025506068,1.0992679880785114,1.0262133417109374,0.9035790217023747,49.70942659639284
TSLA,2023-04-18,183.5,177.65,180.59,125727287,184.31,92066996,0.022312951006456576,0.6905775059195673,-0.014595808383233478,-0.01327694202045072,0.9986562489840592,1.0885139277424116,1.0149296355894373,0.730429596151685,48.69972173827807
TSLA,2023-04-19,169.7,160.56,162.99,210925047,180.59,125727287,0.032393820255828085,0.25470085426547046,-0.020183386685475552,0.00027694693696694015,0.9784469680551341,1.0696584499185573,0.9973447062683609,1.0073264300761502,48.01657036776004
TSLA,2023-04-20,166.0,161.3208,165.08,123538954,162.99,210925047,0.056077059942327666,0.34737417905101153,-0.09745833102608115,-0.12323830016137706,0.90557043325592,0.9781986809240154,0.9074697328799705,1.6459306541231917,44.08231510074433
TSLA,2023-04-21,165.65,158.61,162.55,140006559,165.08,123538954,0.028345044826750716,0.059839288639427196,0.012822872568869275,-0.10767567567567561,0.9379438870012841,0.9157121065039525,0.9256331265612492,0.9613867920028072,45.93441555274993
TSLA,2023-04-24,163.47,158.75,160.67,121999312,162.55,140006559,0.043309750845893516,0.29829545412173897,-0.015325902592682341,-0.1309345594525234,0.950007013278474,0.912797129363934,0.918985681452008,1.0814780532422237,45.891683309749894
TSLA,2023-04-25,160.67,153.14,153.75,153364142,160.67,121999312,0.029376983880002486,0.18008474538117522,-0.011565672100892179,-0.12826216700124798,0.9657041881040533,0.9156707529051046,0.9157396620967894,0.9339605634007553,46.55146720513033
TSLA,2023-04-26,160.48,152.37,160.19,127015177,153.75,153364142,0.04897560975609757,0.8685258952609206,-0.04306964585796968,-0.1486239548147738,0.95492149458412,0.8898187374123202,0.886436418513175,1.1608736383231897,45.7315195778851
TSLA,2023-04-27,165.0,157.32,164.31,122515812,160.19,127015177,0.050627379986266215,0.9309494439815696,0.0418861788617886,-0.01717896803484883,0.9983920023932987,0.941092840315597,0.9330036180437613,0.955365220101248,80.37325219553648
TSLA,2023-04-28,163.28,158.83,161.83,109000248,164.31,122515812,0.04674091656016071,0.44401041608852726,0.025719458143454676,-0.004664405136903381,1.0250539633423583,0.9771748697575945,0.969178712228887,0.9383525687773773,34.42799876657418
TSLA,2023-05-01,165.49,158.93,160.31,128259744,161.83,109000248,0.02749799171970579,0.3011235948289309,-0.015093420972551822,-0.004429406336511835,1.0104901654698721,0.9770749938113955,0.9639147201506696,0.8545496283730095,30.817706732247174
TSLA,2023-05-02,165.0,159.91,160.61,119712912,160.31,128259744,0.04092071611253198,0.23932926792785061,-0.009392572452573751,-0.002240617414576369,1.0014492934694335,0.9821291820593406,0.9641268773854396,1.004826721741737,33.233880324879834
TSLA,2023-05-03,162.95,159.65,161.2,95108192,160.61,119712912,0.03169167548720505,0.11787819230279772,0.0018713742124634232,0.04461788617886188,0.9947971508206875,0.9961607403134674,0.9732211416209208,0.9431027109839927,27.12140401664557
TSLA,2023-05-04,170.7899,163.51,170.06,107575799,161.2,95108192,0.02047146401985101,0.4575757561891726,0.003673494801070761,0.006305012797303146,0.9972038700418182,1.000931387767774,0.9839089614941834,0.7578481327392947,28.34788937409023
TSLA,2023-05-05,173.8,169.19,171.79,112248249,170.06,107575799,0.04280783252969539,0.836549951460117,0.054962779156327635,0.03499482685168279,1.044581761894817,1.0526902221011711,0.9950178893754956,0.8568698734747855,36.25768857235352
TSLA,2023-05-08,169.82,166.56,169.15,88859843,171.79,112248249,0.02683508935328025,0.4186550967057376,0.01017288015994349,0.06154606686028535,1.0424530019296818,1.0573514205524646,1.0088944093542522,0.9048282077188424,39.70055939453767
TSLA,2023-05-09,174.43,166.68,168.54,119798843,169.15,88859843,0.019272834762045467,0.061349693063349905,-0.01536759997671568,0.05514316012725347,1.0155377577118432,1.0356967915748225,0.9985625186326513,0.7241497398043324,40.41876046901173
TSLA,2023-05-10,173.57,166.79,172.08,103871205,168.54,119798843,0.04598314940073573,0.5174193541710743,-0.0036062666272539973,0.04937426063134286,1.0023312795870307,1.0227003804634733,0.9984981649174879,0.9885507231093723,56.497307422149355
TSLA,2023-05-11,177.38,167.23,167.98,157768815,172.08,103871205,0.0394002789400279,0.4985250730110284,0.021003915984336183,0.06749379652605475,1.0103097625701605,1.0367014482974675,1.023661159114231,0.8603363617149113,57.92572463768116
TSLA,2023-05-12,169.76,164.5499,166.35,105592510,167.98,157768815,0.060423859983331385,0.7970443341901039,-0.023826127382612868,-0.012230977302128734,0.9886526826282457,1.0097682666586516,1.0043557157932812,1.2743715777624367,55.9370216488082
TSLA,2023-05-15,169.5184,164.35,166.52,98287142,166.35,105592510,0.03132010820559052,0.2504750383860695,-0.009703536135254171,-0.031666569648990034,0.9853690321052008,0.9972603068216562,1.0008001588285191,0.8567497769896992,56.244503078276175
TSLA,2023-05-16,174.5,167.185,173.86,125439358,166.52,98287142,0.031037713187605207,0.16833062423897047,0.0010219416892095939,-0.015548329884717679,0.9894589230750948,0.9945767732995676,1.007212956102282,0.79546863738458,66.48592822101729
TSLA,2023-05-17,177.06,172.45,176.89,109520332,173.86,125439358,0.04207408259519152,0.7450444282364421,0.044078789334614475,0.03156520707250517,1.0265827418840563,1.0302631656918693,1.0537544472122724,1.0153383314425224,67.24703507443854
TSLA,2023-05-18,181.95,176.31,180.14,136190926,176.89,109520332,0.02606139408672064,0.5791757037328031,0.017427815483722377,0.027952115295211376,1.0385744480976984,1.0385622526743463,1.0676218871841916,0.9244238102511291,66.32070576024907
TSLA,2023-05-19,189.32,180.11,188.87,132001430,180.14,136190926,0.031308981902964286,0.5265957437471718,0.018373000169596927,0.072389570186927,1.0427665092155227,1.0514212338761455,1.0823184469986,1.143435776220788,73.28923937929275
TSLA,2023-05-22,192.96,185.26,185.77,156952042,188.87,132001430,0.048763699899401595,0.8870792607089295,0.048462307094482175,0.1353772167117524,1.0655210542943538,1.091494353841353,1.1258680814282733,1.1119983362360044,80.69647463456576
TSLA,2023-05-23,184.22,178.22,182.9,137603831,185.77,156952042,0.04144910373041943,0.05584415577162804,-0.016413406046486972,0.11560172952197934,1.0257528740074875,1.0633657698912422,1.0991657298384714,1.3030025132125798,75.50689375506892
TSLA,2023-05-24,186.78,180.58,184.47,96870719,182.9,137603831,0.03280481137233461,0.11166666648055822,-0.01544921139042905,0.05199585873691471,0.9999234612987525,1.0384021437979742,1.072931790517254,1.1498979863728431,71.02713178294573
TSLA,2023-05-25,198.6,184.53,193.17,162030446,184.47,96870719,0.033609801051661455,0.33387096720343346,0.008583925642427518,0.042851489626321515,1.0002168844548067,1.0399999999999998,1.0744896800179404,0.8198343160574647,66.26043782441886
TSLA,2023-05-26,30.608123,28.739431,29.769151,39039879,193.17,162030446,0.07283739711135266,0.6076759057514731,0.04716214018539594,0.07233263017652938,1.0327958254025962,1.0737990149754852,1.1157866159902268,1.3487405500322296,70.84633385335411
TSLA,2023-05-29,204.48,197.53,201.16,128811186,29.769151,39039879,0.06277276768826895,0.5311228360204749,-0.8458914375938293,-0.842382850638005,0.19179197741391205,0.17907773408707875,0.17877066077842532,0.33471376367585876,17.133491103876878
TSLA,2023-05-30,203.95,195.12,203.93,150663736,201.16,128811186,0.034549612248956,0.15251798539206102,5.757330768351439,0.08284437745599389,1.2708012671488191,1.1853865682929856,1.1933749238198281,1.1041193855976,54.2604690604554
TSLA,2023-05-31,209.8,199.37,207.52,148029931,203.93,150663736,0.04329917128426413,0.4699886744394254,0.013770133227281817,0.11498086386003281,1.2549551574854507,1.1807865358600225,1.1944593844362494,1.2745244778666904,54.16828405248967
TSLA,2023-06-01,217.25,209.752,213.97,164397946,207.52,148029931,0.050260215882806505,0.47267497557749316,0.017604079831314682,0.12495256681303199,1.241818029206519,1.1806343530514685,1.199218999034052,1.2248271721346773,55.18160927197005
TSLA,2023-06-02,221.29,214.52,217.61,151111552,213.97,164397946,0.0350422956489227,0.5094691911050021,0.03108134155744019,0.10767717554485692,1.249315187328305,1.1943428321027638,1.2210010290455955,1.3290168423457223,56.162619152791905
TSLA,2023-06-05,221.91,212.53,221.31,146907576,217.61,151111552,0.031110702633150966,0.02806499257302043,0.017011730616441626,6.309916228380178,1.042003849874065,1.1954825465258903,1.2257476914536185,1.2027144701060974,56.5528278308451
TSLA,2023-06-06,230.8296,223.2,224.57,185630591,221.31,146907576,0.04238398626361211,0.5511727073015236,0.01700289508754188,0.10016901968582226,1.0396583798410282,1.1925256424172035,1.228541344958963,1.1428541088876594,56.1433221177116
TSLA,2023-06-07,235.23,223.01,234.86,164477139,224.57,185630591,0.03397426192278582,0.449564852089802,0.014730468573494153,0.10121119992154164,1.0349038691957455,1.1835176153669371,1.2275478135660738,1.40804112553801,56.16942581728421
TSLA,2023-06-08,252.42,242.02,244.4,200174671,234.86,164477139,0.0520309971898152,0.8707037636082633,0.04582090216858895,0.13174633770239014,1.0557213751438435,1.205727807124145,1.262138818997065,1.2195564994153785,56.9536628696194
TSLA,2023-06-09,250.97,244.59,249.83,150739148,244.4,200174671,0.04255319148936161,0.44903846110669354,0.040619943796304146,0.14221619853250458,1.0693502515860862,1.2225506667728057,1.2869798876909997,1.4612714097660138,57.042098162470694
TSLA,2023-06-12,259.68,251.34,258.71,162369003,249.83,150739148,0.025537365408477744,0.2962382440497858,0.022217675941080223,0.1480630485731354,1.0631335268134505,1.1257863335676561,1.287279491771339,1.082554154430421,58.0761126746361
TSLA,2023-06-13,261.57,250.5,256.79,170543752,258.71,162369003,0.0322368675350779,0.6235011982931623,0.035544170035624094,0.16899371921738726,1.0669597565099762,1.1363326905930047,1.302108383724534,1.1398469674339664,59.414778603874545
TSLA,2023-06-14,258.95,247.29,255.9,160133746,256.79,170543752,0.043109155340940036,0.3053297196880488,-0.007421437130377485,0.14347419512846787,1.0316248724479549,1.1023064342346443,1.2660233776854362,1.1785754828280968,58.97355758114758
TSLA,2023-06-15,263.6,257.2091,260.54,167765649,255.9,160133746,0.045564673700664304,0.6432246992768229,-0.003465867050897678,0.08958528485054923,1.0109589690509864,1.0761370087680564,1.2375324436702926,1.0876141841254867,57.93745798354131
TSLA,2023-06-16,23.494487,22.441671,22.528964,114248760,260.54,167765649,0.024529438857757137,0.2534854241914502,0.01813208284486133,0.06603927986906716,1.016328982578778,1.0746044577895832,1.2359438453804685,1.1273611091119071,98.81129070271245
TSLA,2023-06-19,274.75,261.12,274.45,165599166,22.528964,114248760,0.0467316650690196,0.9170861677910854,-0.913529730559607,-0.9098228235199936,0.10682611233307003,0.10105216766992864,0.11126216191509397,0.7723421306872413,20.52400494086295
TSLA,2023-06-20,276.99,257.78,259.46,211779399,274.45,165599166,0.04966296228821278,0.9501100506602268,11.182095901080938,0.06084032314174176,1.2822262251206484,1.2023680421511147,1.3263618219143274,1.1162176080785595,56.385806231182066
TSLA,2023-06-21,265.0,248.25,264.61,166575944,259.46,211779399,0.07403838742002636,0.8157209782323153,-0.05461832756421938,0.010397601152692702,1.2091764714663564,1.11958349402085,1.231142082516477,1.392678973684946,54.608188040021254
TSLA,2023-06-22,262.45,252.8,256.6,177443153,264.61,166575944,0.06330070670042703,0.8262686562231234,0.01984891698142309,0.034036733098866775,1.2232465789101745,1.127334109251854,1.2321516714680953,1.070873541972068,54.50323812700637
TSLA,2023-06-23,258.37,240.7,241.05,179982707,256.6,177443153,0.03760717069368658,0.2787564763950714,-0.03027096481614448,-0.015122438013356864,1.190554663772683,1.087555893697564,1.177464419004715,1.135112419441399,53.440504158402106
TSLA,2023-06-26,250.3899,240.85,250.21,164969701,241.05,179982707,0.07330429371499696,0.510186756926888,-0.0606001558846454,9.699559908746803,0.9298548801468944,1.025465857120881,1.0549698220816526,1.101692763452953,51.70618943572032
TSLA,2023-06-27,259.88,248.89,256.24,159743027,250.21,164969701,0.03812757283881546,0.7306156241358746,0.038000414851690506,-0.08832209874294036,0.9835840022642754,1.0682969876931692,1.0834301010930392,0.998744000105075,52.193770242835235
TSLA,2023-06-28,260.74,253.61,257.5,131283360,256.24,159743027,0.042889478613799596,0.5950864416787216,0.02409975620478798,-0.012410390811685696,1.0098446453484247,1.0942996569401326,1.097115306821316,0.9644505165223379,51.842715613826876
TSLA,2023-06-29,264.45,259.89,261.77,112611784,257.5,131283360,0.0276893203883495,0.07433380073725597,0.004917265064002462,-0.026869732814330576,1.0205294863665186,1.0989297233648119,1.0908384691215796,0.7966523036566069,51.14542114347963
TSLA,2023-06-30,284.25,275.11,279.82,119685880,261.77,112611784,0.017419872407074922,0.25657894680573884,0.01658252427184459,0.02014809041309415,1.033218342714147,1.116566637702731,1.0978123309023757,0.6942581122633451,51.04611661955274
TSLA,2023-07-03,19.715673,19.268811,19.621075,89292286,279.82,119685880,0.03266385533557282,0.36433260354011626,0.06895366161133824,0.1608380004148516,1.0716638325903458,1.0755234057600578,1.158399387330504,0.7450880278069127,51.820291848504425
TSLA,2023-07-04,283.85,277.6,282.48,131530722,19.621075,89292286,0.022774593135187517,0.48126266092748166,-0.9298796547780716,-0.9215815714799569,0.09126496757073341,0.0836048967670848,0.08476614911763365,0.5660279114041462,35.851321222522444
TSLA,2023-07-05,279.97,272.88,276.54,120707419,282.48,131530722,0.02212546020957236,0.585599999063044,13.396764703259123,0.10240399625351236,1.2826111944287235,1.1919484867105687,1.2052814164433416,0.8483256069496715,51.20807207911065
TSLA,2023-07-06,280.78,273.77,274.43,113877074,276.54,120707419,0.025638244015332434,0.2186177712008138,-0.021028037383177562,0.07394174757281562,1.2342989146234853,1.1610395166248304,1.1695372124185721,0.7896652964261213,50.72634833544141
TSLA,2023-07-07,277.52,265.1,269.61,119424888,274.43,113877074,0.025543854534854027,0.5706134086011229,-0.0076299992767773685,0.04836306681437914,1.2111932296756773,1.1436198338967516,1.1532901222550758,0.7666214024383495,64.55236049835887
TSLA,2023-07-10,270.9,266.37,269.79,91962158,269.61,119424888,0.046066540558584466,0.5523349431945802,-0.01756367744051304,-0.03648774211993417,1.2007417155401858,1.1103190017408116,1.128344407660942,0.8125337570927358,49.60866616855153
TSLA,2023-07-11,276.52,271.46,271.99,95672096,269.79,91962158,0.01679083731791383,0.2516556285835527,0.0006676310225882082,12.75001114872656,0.9825909604108243,1.1021728961369952,1.126485917582903,0.6410387679330216,50.855716363409236
TSLA,2023-07-12,279.45,270.6,277.9,112643377,271.99,95672096,0.018603625133276968,0.8567193658958071,0.008154490529671182,-0.03713537241574628,0.9982310108928623,1.1040566715264872,1.1320793891226695,0.6847688179233695,50.614346898051785
TSLA,2023-07-13,285.3,276.31,281.38,120062369,277.9,112643377,0.03184598776538311,0.37401129901241825,0.021728740027206764,0.004917914225789964,1.0189041738773355,1.1187821000057334,1.151406413548219,0.8201793830129989,51.77933609378254
TSLA,2023-07-14,292.23,283.57,290.38,131036703,281.38,120062369,0.03194967659392995,0.486095661305789,0.012522490104354151,0.025325219545967965,1.0264323287151538,1.1239190559790917,1.1608133603538546,0.8896489896779375,53.43838114911158
TSLA,2023-07-17,295.26,286.01,293.34,112430213,290.38,131036703,0.029822990564088523,0.43360277086188875,0.031985215722510486,0.07703720188420304,1.0434513884896222,1.1549960854609995,1.135221221118995,0.9649656684261849,53.425674754312084
TSLA,2023-07-18,299.29,289.5201,291.26,142337536,293.34,112430213,0.031533374241494515,0.3448648644920377,0.010193539499965492,0.0872901145335259,1.0365444278758154,1.0522124655647382,1.1425742341807728,0.844478243039116,53.18052060578715
TSLA,2023-07-19,280.93,261.2,262.9,175157173,291.26,142337536,0.033543569319508366,0.4892578219948462,-0.00709074793754682,0.07084819294827009,1.0153668093651083,1.041471490585063,1.1274898360885905,1.0977445806669728,52.890124668301254
TSLA,2023-07-20,268.0,255.8,260.02,160727973,262.9,175157173,0.07504754659566383,0.8443993913611766,-0.0973700473803475,-0.053976250449802095,0.9261868861237547,0.9446708204873911,1.0180430462308827,1.346402974015726,50.092905039457094
TSLA,2023-07-21,269.85,254.12,269.06,137004890,260.02,160727973,0.04691946773325125,0.6540983601195935,-0.010954735640928094,-0.0759115786480916,0.9300379140138778,0.9391852111378799,1.0062243588827924,1.243476713974026,48.3304604042124
TSLA,2023-07-24,272.9,265.0,265.28,112736277,269.06,137004890,0.05846279640228952,0.8397965665354117,0.034766556418737105,-0.07342103450650869,0.9772770198608146,0.9720305489122187,1.0355947544254382,1.0778617876234917,86.48699746510525
TSLA,2023-07-25,268.04,261.75,264.35,95643449,265.28,112736277,0.029779855247285804,0.8987341760775571,-0.014048911023563627,-0.09565691688825255,0.9835968320825793,0.9599386287728287,1.0180931292803317,0.9055387384307084,39.60599468213678
TSLA,2023-07-26,269.13,255.3,255.71,103688763,264.35,95643449,0.023794212218649594,0.17488076283803045,-0.0035057297949334667,-0.09239167753896851,1.0001059314018508,0.9592252174449452,1.0129475901692795,0.7885428291397723,42.15875466357905
TSLA,2023-07-27,267.25,258.2312,266.44,111346026,255.71,103688763,0.05408470533025687,0.9110629060657541,-0.032683941743900186,-0.027348801825789158,0.972710396981178,0.9354057534166399,0.9801766216290021,0.8647096566758569,38.891526228340844
TSLA,2023-07-28,269.08,263.78,267.43,84582172,266.44,111346026,0.03384927188109893,0.7295870839473226,0.04196159712173943,0.02469040843012082,1.008600587504921,0.9800128000470806,1.0203931032452012,0.9290575411744713,48.24220916047465
TSLA,2023-07-31,266.47,260.25,261.07,83645720,267.43,84582172,0.01981827020154811,0.00943396224635314,0.003715658309563163,-0.006058128298520759,1.01359904791504,0.9920283108105602,1.0266202096357275,0.7162324978395745,48.70301165091229
TSLA,2023-08-01,259.52,250.49,254.11,101741165,261.07,83645720,0.023825027770329903,0.8344051433530424,-0.02378192424185773,-0.015870024125452277,0.9926615969581749,0.9801690995374542,0.9578160312289046,0.7100001406576729,44.26108892158923
TSLA,2023-08-02,260.49,252.0,259.32,97795545,254.11,101741165,0.035535791586320774,0.1616832777832947,-0.026659516604741945,-0.038736523548326116,0.9737806186578377,0.9675331350875924,0.9371582835299347,0.8746558195364753,37.633849672523155
TSLA,2023-08-03,264.77,253.11,253.86,99539907,259.32,97795545,0.03273947246645075,0.8574793865047349,0.02050293180118838,0.014117555042821889,0.9910040737711808,0.98871812077978,0.9594192871690804,0.8490981906179582,38.735702614379086
TSLA,2023-08-04,253.6511,242.76,251.45,111084193,253.86,99539907,0.045930828015441454,0.6097770149144307,-0.0210550670985654,-0.04721513286293343,0.9795568726414002,0.9701791999633114,0.9428062096115282,0.8696561788281769,30.652680652680658
TSLA,2023-08-07,250.92,245.01,249.7,96630383,251.45,111084193,0.043313183535494224,0.0,-0.009493421570944714,-0.05975395430579972,0.9823723834006608,0.9674800501727574,0.9370155616503699,0.9740648600861322,27.677715016519244
TSLA,2023-08-08,251.1,241.9,242.19,101526974,249.7,96630383,0.023668402082498985,0.3807106592542969,-0.006959634122091867,-0.043551537901712206,0.9842799028728201,0.9665407363824979,0.9339904057453315,0.845592931802194,27.775401069518708
TSLA,2023-08-09,251.8,243.0,245.34,109498608,242.19,101526974,0.03798670465337128,0.9434782598440472,-0.03007609130957145,-0.0469088190153871,0.9637331677967719,0.945581896551724,0.910976745060794,0.8861718647323569,35.74673090158295
TSLA,2023-08-10,243.79,238.02,242.65,99038642,245.34,109498608,0.03586859052743137,0.006818181810434133,0.013006317354143464,-0.05391022674687641,0.9872519194553093,0.9617744255971398,0.9285110103148968,0.9570652957039254,39.934174437740005
TSLA,2023-08-11,240.66,233.75,239.76,98565731,242.65,99038642,0.023779105707809528,0.1525129980025768,-0.010964375968044338,-0.04415819743165527,0.985316690083081,0.9601839247839437,0.9251104680643405,0.8736677649778481,30.163737419257913
TSLA,2023-08-14,240.5,232.61,232.96,88185999,239.76,98565731,0.028820487153820473,0.5875542683248135,-0.011910158664743518,-0.046490355935573664,0.9829129907185727,0.9592510352277501,0.9229987450050432,0.8821299482467018,30.57247259439707
TSLA,2023-08-15,233.97,225.38,225.6,112426570,232.96,88185999,0.03386847527472522,0.7313054490097513,-0.028361695028361625,-0.06704044853824583,0.9683265441848866,0.9426464994699232,0.907366510479351,0.7978910793759555,28.06429070580012
TSLA,2023-08-16,226.74,218.83,219.22,120704917,225.6,112426570,0.03807624113475179,0.2817229333158074,-0.03159340659340665,-0.06849993806515547,0.9508475862127099,0.9235190332524162,0.8900812751518978,1.0311686209053157,28.575494521132754
TSLA,2023-08-17,217.58,212.36,215.49,136244960,219.22,120704917,0.03608247422680411,0.8647281910686124,-0.028280141843971613,-0.10646449824733026,0.9447590480869512,0.9123788357410113,0.8724271319186869,1.1354510854090158,14.183859223300956
TSLA,2023-08-18,232.1343,220.58,231.28,135675321,215.49,136244960,0.024223861896143666,0.2624521067769126,-0.017014870905939193,-0.1119307644755821,0.9509456942887653,0.9114094300360353,0.8652496792806249,1.2965641167861954,12.175939411593333
TSLA,2023-08-21,240.82,229.55,233.19,130586984,231.28,135675321,0.049958059494984365,0.8420068711717673,0.0732748619425495,-0.03536870203536866,1.028322440087146,0.9866094471864482,0.9357482283779164,1.2919605351750572,30.92585478294275
TSLA,2023-08-22,238.98,229.29,236.86,101077635,233.19,130586984,0.04832968823705983,0.6264418805444183,0.008258388101003098,0.000987293956043912,1.0366027134195133,1.0018129639813032,0.9496408151297465,1.2330274901150637,35.679079956188374
TSLA,2023-08-23,238.92,228.1801,230.04,99777432,236.86,101077635,0.04091024233724562,0.7760577907367836,0.015738239204082575,0.04991134751773058,1.0424808985599099,1.019915172131677,0.9700161560150955,0.9519522615661733,34.29370629370631
TSLA,2023-08-24,239.0,230.35,238.59,106612231,230.04,99777432,0.046687097896017986,0.8026145487363827,-0.028793380055729213,0.04935681050998993,1.0029122996704043,0.9971175310461411,0.9470641997875653,0.9414409044816516,33.65358221246224
TSLA,2023-08-25,244.38,235.35,238.82,107673727,238.59,106612231,0.03625466281067943,0.8416184961368567,0.037167449139280176,0.10719754977029093,1.0196502444528017,1.036001024754775,0.9879278111678617,1.0081815664228178,41.860759493670905
TSLA,2023-08-28,257.48,237.77,257.18,134012603,238.82,107673727,0.03781090360941295,0.4163898112775327,0.0009639968146191784,0.032601176063645765,1.0140976645435245,1.0374231663082905,0.9947724669374154,1.0072224790595854,42.978833247289636
TSLA,2023-08-29,260.51,250.59,256.9,121978637,257.18,134012603,0.07663892993234314,0.9436834089580494,0.07687798341847422,0.10287748188172739,1.070254434077687,1.1055466476376345,1.0721171583350877,1.224754450424445,58.485225857579536
TSLA,2023-08-30,261.18,255.05,258.08,108861698,256.9,121978637,0.03861424678863366,0.2721774190804655,-0.0010887316276538982,0.0846069408089165,1.0515501051959426,1.0896813244145453,1.0703274727106074,1.1045602971898778,56.76339808097354
TSLA,2023-08-31,259.0794,242.01,245.01,132481248,258.08,108861698,0.023752324860508354,0.3425774872062351,0.004593226936551214,0.1218918448965397,1.0326752402826571,1.0769352745542329,1.075521549604514,0.9808671749816031,59.189994044073835
TSLA,2023-09-01,19.974864,19.621884,19.737286,42006168,245.01,132481248,0.06966817680910996,0.7176584995854215,-0.050643211407315536,0.026908084999371255,0.9753660459080088,1.009954863043344,1.022940060246623,1.1762286362688832,52.788696483586534
TSLA,2023-09-04,258.0,244.86,256.49,129455425,19.737286,42006168,0.017883917778766478,0.3269363610704186,-0.9194429370229786,-0.9173549702704965,0.09517382251280662,0.08913123671866387,0.08659368117739014,0.38474824206725267,15.895575365989956
TSLA,2023-09-05,255.39,245.06,251.92,116952759,256.49,129455425,0.0512300674490233,0.8744292230788225,11.995201062597967,-0.002682945796718243,1.2376265261415451,1.14621783467706,1.123628660317779,1.1681638773286944,52.849655034359444
TSLA,2023-09-06,252.81,243.265,251.49,115312886,251.92,116952759,0.04100508097808822,0.3112294285467293,-0.017817458770322512,-0.01938497469832616,1.2214453618970482,1.1182690798360608,1.1012613852365398,1.0480495805997416,53.02673844063783
TSLA,2023-09-07,256.52,246.67,248.5,118558435,251.49,115312886,0.03795379537953802,0.6726034566028256,-0.0017068910765321468,-0.02553471791692489,1.2272027820507985,1.1058310107313116,1.0979058164474884,1.0306691002344022,53.352670618581215
TSLA,2023-09-08,274.85,260.61,273.58,174667852,248.5,118558435,0.0396378269617706,0.2761421316993481,-0.01188914072130108,0.014244316558507854,1.2084961968785166,1.0879428721994613,1.0834691354347028,1.0505138183098706,51.642861934333354
TSLA,2023-09-11,278.39,266.6,267.48,135991116,273.58,174667852,0.05205058849331095,0.6537921343723367,0.10092555331991945,12.861074921850955,1.0670213263857469,1.179789986566859,1.1840887814204368,1.497204251258449,53.69023292720999
TSLA,2023-09-12,274.98,268.1,271.3,111673737,267.48,135991116,0.044078061911170786,0.27820186575215977,-0.02229695153154458,0.042847674373269945,1.0343627462354117,1.1483833936744237,1.1491030142382455,1.1422744133348512,52.78522937304425
TSLA,2023-09-13,276.7094,270.42,276.04,107709842,271.3,111673737,0.02535938075930702,0.17877906950759131,0.014281441603110486,0.07692918386789467,1.0336419400312418,1.1576270345067916,1.1541838891794949,0.938314214590038,53.773650977944115
TSLA,2023-09-14,278.98,271.0,274.39,133692313,276.04,107709842,0.022784379075496304,0.7504690419587459,0.017471433837080757,0.09761819555449525,1.0323883611339668,1.168894654942768,1.1603250011816053,0.9099763895123296,53.44922592444173
TSLA,2023-09-15,271.44,263.7601,265.28,101540959,274.39,133692313,0.029082692517948972,0.39598997444111755,-0.005977394580495703,0.10418511066398385,1.0067215051475282,1.1476300496743757,1.1392858223625504,1.1307060615062525,53.26752698720078
TSLA,2023-09-18,267.85,261.2,266.5,103677113,265.28,101540959,0.02895016586248483,0.7656349682084039,-0.03320091840081641,-0.030338475034724803,0.9792615670842898,1.0061938880396892,1.093740304524372,0.8713629709196379,50.756945071961255
TSLA,2023-09-19,273.93,262.4606,262.59,122491643,266.5,103677113,0.02495309568480313,0.3233082701905088,0.004598914354644253,-0.0036638253327352256,0.9844773958079364,1.0069979746682387,1.0912767442964104,0.900086740635322,50.89554673490116
TSLA,2023-09-20,260.86,254.21,255.7,119803341,262.59,122491643,0.043677977074526864,0.3879889092821031,-0.014671669793621106,-0.03210468116476239,0.9763161808447353,0.9882392789266693,1.0696310536584464,1.0536336259507082,50.41858834605345
TSLA,2023-09-21,257.7888,244.48,244.88,127524083,255.7,119803341,0.0260070394994134,0.3233082701905187,-0.02623862294832243,-0.07368497319229109,0.9652990652794347,0.9607869660624644,1.036150323186328,1.0217099144860198,51.00368909164856
TSLA,2023-09-22,247.1,238.31,246.99,104583747,244.88,127524083,0.05434825220516168,0.9407309442318376,-0.04231521314039888,-0.10754765115346766,0.9455191320128192,0.92138433405826,0.9910423968435157,1.0779420807982378,85.3905924608025
TSLA,2023-09-25,249.55,241.6601,244.12,101934431,246.99,104583747,0.03558848536377988,0.4106939699537061,0.008616465207448602,-0.06894601930036175,0.967328811116507,0.9387150105467194,0.9979318769923302,0.8851868532091764,44.307286673058485
TSLA,2023-09-26,245.33,234.58,240.5,136585184,244.12,101934431,0.03231976077339018,0.14448852311881366,-0.011619903639823492,-0.08397748592870542,0.9731479414484805,0.9361183224109304,0.9889452021270654,0.874636777722171,45.228774161977015
TSLA,2023-09-27,247.55,238.65,246.38,117043180,240.5,136585184,0.0446985446985447,0.3499534880465549,-0.014828772734720648,-0.08412353859629071,0.9759046900234541,0.933259345205065,0.9775275786614279,1.1646553164237223,43.5299658542329
TSLA,2023-09-28,254.77,246.35,250.22,128472729,246.38,117043180,0.036123061936845544,0.7146067407701026,0.02444906444906443,-0.036448963629253005,1.0073842681560592,0.967208802942689,1.0038140521567724,0.9945524318321172,48.79298565247096
TSLA,2023-09-29,254.2799,242.62,251.6,123810402,250.22,128472729,0.03365038765886027,0.026128266002222775,0.015585680655897409,0.021806599150604393,1.0186368780583126,0.991692956451434,1.0183783292285622,1.0935352571147055,32.457194352658476
TSLA,2023-10-02,250.02,244.45,246.53,101985305,251.6,123810402,0.04634300476947533,0.5823377553989844,0.005515146670929564,0.01866472326814845,1.0204247173147742,1.0025981478234536,0.9778563724871014,1.0183949040704419,37.164565147106366
TSLA,2023-10-03,261.86,247.6,261.16,129721567,246.53,101985305,0.022593599156289383,0.37342908371018196,-0.020151033386327476,0.009872194002949355,0.9979113201589987,0.9902751947170326,0.9600096573396755,0.8484595335203569,30.37553478054194
TSLA,2023-10-04,263.6,256.25,260.05,119159214,261.16,129721567,0.054602542502680415,0.913043477620588,0.05934369042307234,0.08590436590436601,1.039740741625461,1.0496447059580079,1.0151538415192327,1.0735075120298554,39.80821917808221
TSLA,2023-10-05,261.65,250.65,260.53,118108312,260.05,119159214,0.028263795423957017,0.006802721079181497,-0.004250268034921173,0.055483399626593134,1.0241737294810802,1.0433592919359822,1.0091602490594298,0.9845321375484265,40.10488545404364
TSLA,2023-10-06,261.36,252.05,259.67,101377947,260.53,118108312,0.04222162514873517,0.5954545449132231,0.0018457988848296918,0.0412037407081767,1.0177986826787095,1.0387627188925392,1.0086685172925112,0.9760307397800194,46.279179069403106
TSLA,2023-10-09,268.94,257.65,263.62,122656030,259.67,101377947,0.035853198290137486,0.46831364074295123,-0.0033009634207191376,0.03207472178060422,1.0080826746587574,1.030125835065615,1.0080533239128788,0.8639357844610244,44.61950527808414
TSLA,2023-10-10,268.6,260.9,262.99,103706266,263.62,122656030,0.04282679614596776,0.5199291403720728,0.015211614741787609,0.06932219202531134,1.010015095438419,1.037767787549306,1.024154777051505,1.0512392987991672,50.81089592190208
TSLA,2023-10-11,265.41,256.6307,258.87,111508114,262.99,103706266,0.02927867979771111,0.4168831163417051,-0.0023898035050451236,0.007007198652167192,1.006190410602513,1.0262023217247098,1.023359158245359,0.8918730390363157,56.366812227074256
TSLA,2023-10-12,259.6,250.22,251.12,102137686,258.87,111508114,0.033913933634643005,0.4613124047915974,-0.015665994904749247,-0.004537588925206717,0.9913225292567859,1.0052266973175317,1.0107036116636767,0.9574051808113146,63.837784371909024
TSLA,2023-10-13,255.3999,248.48,253.92,88916276,251.12,102137686,0.037352660082829024,0.8294243061519946,-0.029937806621083942,-0.036118681149963416,0.9686253635430889,0.9747917426847921,0.9849194987547311,0.8889935992068242,53.67503114433173
TSLA,2023-10-16,257.183,247.08,254.85,93535509,253.92,88916276,0.02725228418399501,0.5592566358484086,0.011150047785919014,-0.022143489813994794,0.983789480209528,0.984773857263638,0.9981249778888902,0.7781916331382386,58.7312900926586
TSLA,2023-10-17,254.63,242.08,242.68,125116646,254.85,93535509,0.03964292721208546,0.4701573785309745,0.0036625708884688362,-0.033267582125787155,0.9941486249268577,0.9852016793078654,1.0040797511568487,0.8222681536702169,63.42878532659556
TSLA,2023-10-18,230.61,216.78,220.11,170588573,242.68,125116646,0.05171419152793796,0.7984063738658113,-0.047753580537571075,-0.0772272709988973,0.9619165398274987,0.9449051902036367,0.9598962103322929,1.0986294660710534,46.902210314802424
TSLA,2023-10-19,218.8606,210.42,211.99,137930095,220.11,170588573,0.06283222025350967,0.4222704263034899,-0.09300313169606063,-0.14972766253331785,0.900112866817156,0.8705643183723839,0.8767942893449039,1.4652409952653738,30.809432759719556
TSLA,2023-10-20,216.98,202.51,212.08,150453468,211.99,137930095,0.03981602905797452,0.5947444487420949,-0.03689064558629778,-0.15582191780821916,0.8955684170503991,0.8548604334185547,0.8500170412398003,1.1794556313888889,26.751966193215154
TSLA,2023-10-23,222.05,214.11,216.52,118096713,212.08,150453468,0.06822897019992455,0.14374568061938878,0.0004245483277513251,-0.16477630749842462,0.9287822651986932,0.8719570106445528,0.8563716058380898,1.2617981879330094,28.525121555915703
TSLA,2023-10-24,220.1,212.2,212.42,107049087,216.52,118096713,0.036670977276925906,0.0025188916844863123,0.020935496039230467,-0.1504021973710025,0.9811669597056317,0.9077911895787651,0.8791994136504926,0.983766584866989,18.12339331619532
TSLA,2023-10-25,214.8,204.88,205.76,115095735,212.42,107049087,0.037190471706995604,0.43797468298990616,-0.018935895067430365,-0.12469095104664586,0.9897308781869687,0.9098930847782878,0.8674966461179707,0.9028447370200623,17.38118066018349
TSLA,2023-10-26,212.41,205.77,207.3,94717973,205.76,115095735,0.048211508553654824,0.5604838704027373,-0.03135297994539119,-0.06519467538957804,0.9716935689526526,0.9018825746783844,0.847326059517902,0.9715074523160586,15.418613461295607
TSLA,2023-10-27,211.35,191.25,197.36,136460923,207.3,94717973,0.032030873130728346,0.49698795105875154,0.007484447900466663,-0.02212368507948487,0.9833219489981787,0.9264266210231361,0.8612792052798534,0.8110558064498707,17.215475147114063
TSLA,2023-10-30,202.8,194.07,200.84,118053273,197.36,136460923,0.10184434535873527,0.593034825575604,-0.04794983116256631,-0.06940777065258392,0.9494304187192119,0.9048769640589254,0.8293255846690746,1.1621996949285613,11.413929652923372
TSLA,2023-10-31,205.99,197.85,205.66,121661656,200.84,118053273,0.043467436765584636,0.540664375096603,0.01763275233076606,-0.07241825235544064,0.9809706158174428,0.9442140795276107,0.8521290497768274,0.9985941626239067,14.970127381354985
TSLA,2023-11-01,219.2,211.45,218.51,125959421,205.66,121661656,0.03957988913741133,0.19901719877270632,0.023999203345946987,-0.03182374541003668,1.011190654132085,0.9840003062142352,0.8829754805359848,1.032637041691558,20.243820601722405
TSLA,2023-11-02,226.3701,218.4,219.96,119526048,218.51,125959421,0.03546748432566015,0.7148387087550458,0.062481766021589,0.061965396578538105,1.0610681092000347,1.0462833502518627,0.9465863801767458,1.066038997691021,32.747857369590506
TSLA,2023-11-03,226.32,215.0,219.27,116835820,219.96,119526048,0.03623431533006002,0.14930803860766076,0.006635851906091333,0.0610709117221418,1.0551360893383095,1.0492222418324662,0.9613153185045331,1.0109845632917327,31.77329325890942
TSLA,2023-11-06,223.12,215.72,222.18,116897380,219.27,116835820,0.0516258494094039,0.41607773814833965,-0.0031369339879978074,0.11101540332387513,1.03017176576712,1.0423559612093556,0.9668351768033633,0.9818114221082882,30.854498493327597
TSLA,2023-11-07,224.15,217.64,222.11,106384841,222.18,116897380,0.03330632820235847,0.2972972968955463,0.013271309344643574,0.10625373431587334,1.023323937434367,1.053355205143036,0.98869924505884,0.9847113349337416,37.74802773129333
TSLA,2023-11-08,220.8,206.68,209.98,142065154,222.11,106384841,0.0293098014497322,0.1597542240249534,-0.00031505986137363027,0.0799863852961199,1.0077311869912797,1.048207838788079,0.9974604300877288,0.8951467159671543,51.63505559189012
TSLA,2023-11-09,215.38,205.69,214.65,131295153,209.98,142065154,0.06724449947614061,0.6919263451190328,-0.05461257935257315,-0.039037115006178215,0.9601280292638318,0.9889928738631385,0.9534534193642132,1.1801968833351457,48.457879392358436
TSLA,2023-11-10,225.4,211.6101,223.71,140428469,214.65,131295153,0.04514325646401117,0.47678018526648125,0.022240213353652807,-0.02414075286415713,0.986270779918948,1.0075005163058783,0.9827959204697643,1.0776739017189731,51.84229390681003
TSLA,2023-11-13,238.135,230.72,237.41,149762546,223.71,140428469,0.0616418577622816,0.5881115884900462,0.0422082459818309,0.020249008072239692,1.0237225776337828,1.0371974203359495,1.0314112228384902,1.128777281738804,54.83393841602796
TSLA,2023-11-14,246.7,236.45,242.84,150353975,237.41,149762546,0.031232888252390345,0.3209710042872944,0.0612399982119708,0.06854802412458362,1.0714801509215963,1.0823637756218543,1.098993172086564,1.177203140965745,64.88031439799929
TSLA,2023-11-15,240.88,230.96,233.59,136774269,242.84,150353975,0.042208861802009556,0.34634146307674113,0.022871825112674306,0.0933321327270271,1.0758557137667355,1.0886659314450688,1.124087523665366,1.1702445600493996,72.4075416968818
TSLA,2023-11-16,237.39,226.54,234.3,142766234,233.59,136774269,0.04246757138576132,0.5947580639165758,-0.038090924065228134,0.11243927993142211,1.0136695018226003,1.0401656499087144,1.0779070357671878,1.0787456517025957,64.53289110005527
TSLA,2023-11-17,237.1,231.02,235.6,116562402,234.3,142766234,0.046308151941954735,0.21198156662490292,0.003039513677811584,0.0915443745632425,0.9997013269616417,1.0367073149147803,1.0756464552559994,1.1238612210425694,72.74070426003446
TSLA,2023-11-20,243.62,233.34,241.2,122248300,235.6,116562402,0.02580645161290316,0.25657894694641725,0.005548442168160405,0.05314916633141114,0.9951509622045381,1.0349811322412437,1.075806455295356,0.9299893340017035,71.98886639676113
TSLA,2023-11-21,244.01,231.4,234.21,118117078,241.2,122248300,0.04262023217247098,0.5992217893003675,0.023769100169779265,0.015963944231498217,1.0155532912852727,1.0508018245265511,1.0952062025359561,0.9737414097683024,72.26259082936606
TSLA,2023-11-22,40.712975,38.92535,39.802951,136500812,234.21,118117078,0.05384057042824809,0.6209357647732462,-0.028980099502487484,-0.035537802668423636,0.9933412503180931,1.0149989815773852,1.0582318974164338,0.9367061059272929,60.61384532179557
TSLA,2023-11-23,238.75,232.33,235.45,65125203,39.802951,136500812,0.044911870981626426,0.30404251280865796,-0.830054434054908,-0.8296033605890663,0.2020222704391184,0.18622893283539554,0.18684713192272087,1.0733846771270648,16.25224022314137
TSLA,2023-11-24,238.33,232.1,236.08,112031163,235.45,65125203,0.027266935655128426,0.26479750737570357,4.91539054478649,0.004908237302603403,1.1936471899368752,1.0909994302703205,1.0980188917547677,0.5181458204083454,51.75155957760593
TSLA,2023-11-27,247.0,234.01,246.72,148549913,236.08,112031163,0.02638935953913935,0.1300160511556679,0.0026757273306435504,0.002037351443124016,1.1962588623549235,1.0876841943919975,1.0911058223038854,0.9000839507371051,51.51220392738812
TSLA,2023-11-28,252.75,242.76,244.14,135380335,246.72,148549913,0.052650778210116767,0.7729022318915291,0.045069467976956906,0.022885572139303527,1.2432188451224357,1.1318506185957475,1.1283185815362706,1.1790396921809785,52.61717133493251
TSLA,2023-11-29,245.22,236.91,240.08,132353076,244.14,135380335,0.04091914475301061,0.5075075069994937,-0.010457198443579818,0.04239784808505178,1.2180289222569078,1.119347068120436,1.106780983765777,1.068694593289765,53.7080931899744
TSLA,2023-11-30,240.19,231.9,238.83,121303661,240.08,132353076,0.03461346217927358,0.6089049330819402,-0.016629802572294478,5.0317135782218765,0.9982785433316425,1.0974669549799394,1.0830799777661204,1.042167367251498,52.7641058102052
TSLA,2023-12-01,239.3733,233.2902,235.58,104088317,238.83,121303661,0.034710882217476834,0.6863691185930446,-0.005206597800733089,0.01435548948821416,0.990297300659286,1.0894967793108032,1.0728741920079645,0.9544946549015497,51.67184844592996
TSLA,2023-12-04,246.66,233.7,238.72,137964815,235.58,104088317,0.025821801511163943,0.027946277345518678,-0.013608005694426998,-0.0021179261267366993,0.9772265317127805,1.074680705909537,1.0544117858122977,0.8231617187157697,49.79286650254238
TSLA,2023-12-05,246.57,239.1709,239.37,126436179,238.72,137964815,0.05428954423592497,0.3742283947729712,0.013328805501315842,-0.0324254215304799,0.9968680836848038,1.0902383450507827,1.06452549801232,1.08205333816322,49.53123659345191
TSLA,2023-12-06,244.08,236.98,242.64,107142262,239.37,126436179,0.0309107239837908,0.47978808168589426,0.0027228552278820615,-0.01953797001720317,1.003580472588841,1.0906367325646886,1.0633319404271286,0.9838981516604172,50.67076070841968
TSLA,2023-12-07,245.27,239.2701,243.84,103123229,242.64,107142262,0.029261457303000424,0.15352112654433242,0.013660859756861685,0.010663112295901257,1.015111200361464,1.0120077910919625,1.0700953582750297,0.8452424372632225,50.96212837082194
TSLA,2023-12-08,243.441,237.45,239.74,97911388,243.84,103123229,0.024605889107611533,0.5950099158402467,0.004945598417408577,0.02097726416279358,1.0158730158730158,1.0134663341645886,1.0685099278560777,0.8226783055695638,50.9508114365575
TSLA,2023-12-11,238.99,233.87,237.01,95326563,239.74,97911388,0.024989572036372795,0.5007511258541949,-0.016814304461942233,0.017658544867985383,0.9953417309496725,0.9949121452819071,1.0468668885003105,0.7945756170134767,49.83094576963071
TSLA,2023-12-12,240.3,228.2,239.29,146266957,237.01,95326563,0.02160246403105356,0.30078124941254036,-0.011387336280971128,-0.00716320375335124,0.9854066189921836,0.9875622408800181,1.0350362565577975,0.7910723855114771,50.327443943713526
TSLA,2023-12-13,253.88,240.79,251.05,160645939,239.29,146266957,0.05056625851477296,0.42148760295744697,0.009619847263828536,-0.000334210636253551,0.9949522669061637,0.9990814579767022,1.045803804875447,1.2158657500274082,92.36706229113037
TSLA,2023-12-14,254.13,248.3,253.5,135857762,251.05,160645939,0.052141007767377026,0.7509549268518304,0.04914538844080413,0.03466040224200472,1.0365999686191605,1.0434027272689488,1.0930298944126744,1.322273779747028,65.1338766006985
TSLA,2023-12-15,258.74,251.36,252.08,116388940,253.5,135857762,0.022998027613412166,0.39279588268817145,0.009759012148974263,0.03961614173228345,1.0384322335919514,1.0472004428397927,1.0991028879212152,1.1214311745933605,66.32308845577211
TSLA,2023-12-18,258.3399,253.01,257.22,106690869,252.08,116388940,0.02927642018406853,0.23035230321090333,-0.005601577909270168,0.05147242846416953,1.0222802592199074,1.0342846826738443,1.0890553894834774,0.9607955316147098,56.07159039420028
TSLA,2023-12-19,259.84,247.0,247.14,125096987,257.22,106690869,0.020721172537127783,0.7017017191660282,0.020390352269120973,0.08527066368507674,1.026301929552963,1.047423587187569,1.1074293071514774,0.8864296384336088,64.0042826552463
TSLA,2023-12-20,254.7999,248.55,254.5,109594227,247.14,125096987,0.05195435785384792,0.7219626162601581,-0.03918824352694207,0.032805382590162545,0.9799443294554278,1.0032027472995848,1.0610776657392447,1.0363499039636315,56.69575113808798
TSLA,2023-12-21,258.22,251.37,252.54,93368169,254.5,109594227,0.024557563850687608,0.41600665544087573,0.02978069110625562,0.013742282413861735,1.0063743633545286,1.028129128170738,1.0445353767099392,0.9181522794591749,63.3180350161482
TSLA,2023-12-22,53.378311,51.00855,51.970303,25801398,252.54,93368169,0.02712441593410954,0.6160583932612265,-0.007701375245579599,-0.0037869822485207412,0.9993826574223573,1.0166380174471734,1.0328686501420223,0.7730686557865137,64.73757386166142
TSLA,2023-12-25,257.97,252.91,256.61,86892382,51.970303,25801398,0.045598367975649416,0.4058438787462382,-0.7942096182782925,-0.7938340883846398,0.24436596947169026,0.22632189235921554,0.2208701291715932,0.22153864120092379,13.378060373974577
TSLA,2023-12-26,263.34,257.52,261.44,106481409,256.61,86892382,0.019718639180078837,0.4189723311878001,3.9376275524119997,-0.0023715107689915777,1.2072806976118302,1.1080356078696016,1.0882873013876497,0.7663706125732741,51.87816179659676
TSLA,2023-12-27,265.13,252.71,253.18,113619943,261.44,106481409,0.0222613219094247,0.5309278341392956,0.018822337399165986,0.05786194060046942,1.2136739199829185,1.118196643008668,1.1047187740236866,0.951264275604515,52.04117353633103
TSLA,2023-12-28,255.19,247.43,248.48,100891578,253.18,113619943,0.049056007583537356,0.8438003213818055,-0.031594247246022,-0.005186640471512743,1.1767710073422804,1.0818824501489706,1.0668632450335396,1.0236024464193625,50.9987608649837
TSLA,2023-12-29,52.16118,50.077612,51.93708,96112379,248.48,100891578,0.031229877656149353,0.8530927824058099,-0.018563867604076217,-0.016076661122990426,1.1593009561919696,1.064081124027227,1.0449335947738851,0.9173674140323484,50.93340289128572
TSLA,2024-01-01,251.25,244.41,248.42,104654163,51.93708,96112379,0.04011715714476054,0.8924441108116264,-0.7909808435286542,-0.0006392689301811374,0.24232362019779874,0.24326303108137268,0.2271835360498559,0.8770924661837309,36.02152048550823
TSLA,2024-01-02,245.68,236.32,238.45,121082599,248.42,104654163,0.02753401497463974,0.2426900581247257,3.7830952375451212,-0.031916137329020794,1.1679831968394998,1.1683659534825654,1.0843400723092234,0.9697820596225972,50.53317278801858
TSLA,2024-01-03,242.7,237.73,237.93,102618283,238.45,121082599,0.03925351226672264,0.6976495719042196,-0.04013364463408743,-0.08793604651162794,1.145879598612577,1.1260775275650827,1.0410305791647805,1.1248068668382845,49.26264496642819
TSLA,2024-01-04,240.1196,234.9001,237.49,92488939,237.93,102618283,0.02088849661665195,0.26559356083381447,-0.0021807506814845116,-0.06023382573663007,1.1603883930611065,1.1324837044540852,1.0398294531280916,0.9552884105019727,49.086776988995794
TSLA,2024-01-05,241.25,235.3,240.45,85163330,237.49,92488939,0.021977767484946658,0.12070121636037656,-0.0018492834026814513,-0.044228911783644485,1.1707930338440578,1.1385452773959523,1.039348688610348,0.865275833336727,49.14327177549417
TSLA,2024-01-08,238.9646,232.04,234.96,96701528,240.45,85163330,0.024745269286753958,0.7243697466817333,0.012463682681375972,3.6296403263333246,0.9995925969037364,1.0572079049974201,1.0521393385787812,0.801521073917035,49.01273406335721
TSLA,2024-01-09,235.5,231.29,233.94,91612402,234.96,96701528,0.029471399387129716,0.45489992136022406,-0.02283218964441664,-0.05418243297641084,0.9878245661240415,1.0429978806048685,1.0285780214218414,0.90952520115331,49.279055513570704
TSLA,2024-01-10,230.93,225.37,227.22,105871212,233.94,91612402,0.017996067367701155,0.2755344411507482,-0.004341164453524047,-0.018913818410568217,0.9872802316061344,1.0513037109735741,1.0253134653386788,0.8843906567149388,48.773833366440236
TSLA,2024-01-11,225.34,217.1501,218.89,122915812,227.22,105871212,0.024469676965055902,0.6025179845278441,-0.028725314183123872,-0.045013239187996504,0.9676677512222545,1.0331576774309856,1.001088812292524,1.049794900193925,48.49847932604219
TSLA,2024-01-12,45.798337,44.85773,45.443184,247247192,218.89,122915812,0.037415596875142745,0.1453009192477341,-0.03666050523721509,-0.07831908711945776,0.9471985183390164,1.008855157122473,0.9717976277111094,1.2266762172898011,62.8221137716332
TSLA,2024-01-15,223.49,212.18,219.91,114835186,45.443184,247247192,0.020698527638380267,0.3775785170897188,-0.7923925990223399,-0.8110077604491578,0.23657157244636717,0.2100745524538413,0.21145164152214976,2.3162362264039893,32.96252190789532
TSLA,2024-01-16,215.67,212.01,215.55,103130830,219.91,114835186,0.05143013050793507,0.42528735594581146,3.8392295751107577,-0.06405345590738853,1.1630487590995886,1.0301762886796602,1.032223101863339,1.0716990575294878,47.369352772557505
TSLA,2024-01-17,217.45,208.74,211.88,108560656,215.55,103130830,0.016979819067501723,0.18852458964883947,-0.019826292574234846,-0.07860989997435235,1.1626048243991318,1.020701375184357,1.0193150707913003,0.9724356085664676,47.604556286467265
TSLA,2024-01-18,213.19,207.56,212.19,102120143,211.88,108560656,0.04110817443836124,0.574052812199711,-0.017026212015773676,-0.06751166270574775,1.1620392247930813,1.0158538092281704,1.0121598270006564,1.024133272668709,47.66706454222238
TSLA,2024-01-19,217.8,206.27,208.8,117952527,212.19,102120143,0.0265328243555304,0.3907637648476648,0.0014630923164055233,-0.03060898168029599,1.17235517997404,1.029831987019677,1.0235049271580976,0.9594144829756882,63.62262699266881
TSLA,2024-01-22,215.65,207.7516,209.14,106537446,208.8,117952527,0.055220306513409964,0.300086730008596,-0.015976247702530685,3.5947484665687157,0.9772261379910703,1.0291883413008416,0.970447308333603,1.062179649242952,44.98599866069216
TSLA,2024-01-23,212.73,206.77,207.83,123285962,209.14,106537446,0.03776608970067902,0.2734731081314306,0.0016283524904213361,-0.04897458051020877,0.9887855062596921,1.0441529912813416,0.9828699721602385,0.9509735085371246,46.19808490778709
TSLA,2024-01-24,193.0,180.06,182.63,197923887,207.83,123285962,0.028677284318914396,0.6795302002021301,-0.006263746772496768,-0.035815356065877976,0.9898174959993905,1.0513173243319622,0.9891743724808287,1.0922817999846735,46.10359650935269
TSLA,2024-01-25,186.78,182.1,183.25,107387389,182.63,197923887,0.07085363850407927,0.5463678512006426,-0.12125294712024258,-0.13804983953181046,0.8947275595488884,0.9451611018222453,0.8840770672929837,1.6904246940978356,43.32625541724124
TSLA,2024-01-26,191.48,183.67,190.93,124961148,183.25,107387389,0.02553888130968626,0.4807692297419454,0.003394842030334581,-0.13638720015080824,0.9239651086572884,0.9661908677796696,0.9013084988735626,0.9146350712058565,43.00175059985275
TSLA,2024-01-29,196.3593,190.61,191.59,109965827,190.93,124961148,0.04090504373330541,0.6786171566214901,0.04190995907230563,-0.08558429118773948,0.9803549056255006,0.9349643261136765,0.908043922856431,1.0513966022652255,44.64177447567323
TSLA,2024-01-30,193.97,185.8459,187.29,103221430,191.59,109965827,0.030008351166553458,0.6505139744829604,0.003456764259152551,-0.08391508080711478,1.001798730430963,0.9513901648136103,0.9236651245037916,0.923166279892161,44.84170215575583
TSLA,2024-01-31,189.88,184.28,188.86,91843275,187.29,103221430,0.0433771157029206,0.0363117144836807,-0.022443760112740806,-0.09883077515276918,1.000812234821362,0.9432745916707378,0.9142088563372067,0.8730926683351141,45.10762048892958
TSLA,2024-02-01,188.69,182.0,187.91,110612672,188.86,91843275,0.029651593773165275,0.06428571417092087,0.008382721981953237,0.03411268685320056,1.0025267538644473,0.962339045406138,0.9330467139248817,0.7804074924484385,46.25863049101479
TSLA,2024-02-02,184.68,175.01,181.06,133945447,187.91,110612672,0.03560214996540896,0.42899850459043654,-0.005030181086519205,0.02542974079126874,0.9925732637494983,0.9694927846540399,0.9398641063437965,0.932712260967595,81.12983401385964
TSLA,2024-02-05,186.49,177.11,185.1,122575954,181.06,133945447,0.05340771015133114,0.3309203719432037,-0.03645362141450691,-0.05169433823914526,0.9664677434851768,0.9477149841140231,0.9192558705265972,1.1066981565534317,18.264989380820126
TSLA,2024-02-06,189.79,182.68,187.58,111535217,185.1,122575954,0.05067531064289571,0.8411513850307544,0.0223130453993151,-0.03387441933295062,0.9949259315000754,0.9812080892682022,0.9518145347038551,1.002048914732513,24.99589423550664
TSLA,2024-02-07,191.6171,185.58,189.56,83034043,187.58,111535217,0.03790382770018118,0.08438818553531838,0.013398163155051422,0.001548400875647501,1.0079418813338923,1.005144143178652,0.9762029876711694,0.9044266622966027,29.64824120603018
TSLA,2024-02-08,194.12,189.48,193.57,84476347,189.56,83034043,0.031847963705422984,0.09275976860949899,0.01055549632156941,0.003706449221645603,1.0178155303315042,1.0119959639747378,0.9962702450670075,0.6796064280685661,31.56265276193581
TSLA,2024-02-09,194.73,187.28,188.13,95431097,193.57,84476347,0.023970656610011958,0.7306034467012804,0.021154251951888536,0.030120802511840756,1.033067554730112,1.027741644322918,1.0241600655740108,0.7024614386023371,37.71576060654943
TSLA,2024-02-12,187.26,182.1087,184.02,86759478,188.13,95431097,0.03960027640461377,0.5342281872023815,-0.028103528439324264,0.03904782944880147,0.9965146089793844,1.0003456251827827,0.959171603666806,0.8470203870568583,34.341928752422135
TSLA,2024-02-13,188.89,183.35,188.71,81202987,184.02,86759478,0.027993152918161023,0.005823772628610925,-0.021846595439323793,-0.0058346839546190386,0.975860679210063,0.982446024729323,0.9468801374885191,0.7797690857153584,32.96608956932323
TSLA,2024-02-14,200.88,188.8595,200.45,120815962,188.71,81202987,0.029357214773991797,0.6155234645929182,0.02548636017824148,0.006024096385542144,0.9995338933675145,1.0067217924779943,0.97776442152004,0.7370923006746036,56.15633859862293
TSLA,2024-02-15,203.17,197.4,199.95,111346705,200.45,120815962,0.05996757296083811,0.9392288166555222,0.06221185946690679,0.057448828866849475,1.049608327747989,1.062780673244649,1.041677493114379,1.090599416695405,64.21487603305783
TSLA,2024-02-16,48.207243,46.494379,47.04847,156239340,199.95,111346705,0.028857214303575806,0.36568457475618277,-0.002494387627837366,0.03295965283876631,1.0400411959303413,1.0534051935325819,1.0423943529804294,1.0009525736704017,58.45836459114777
TSLA,2024-02-19,198.6,189.13,193.76,104537762,47.04847,156239340,0.03640636985644796,0.03754180111473068,-0.7646988247061764,-0.7499151118907138,0.2868184896392123,0.26669677122081265,0.25607337698211974,1.380754086361035,14.84227131409267
TSLA,2024-02-20,199.44,191.95,194.77,103844008,193.76,104537762,0.04887489677952105,0.2502639912880005,3.118306078816165,0.05292902945332018,1.1673435825569711,1.092973562568142,1.0590210564250446,0.9246620920467137,50.92966967040494
TSLA,2024-02-21,198.32,191.36,197.41,92739461,194.77,103844008,0.0384556143143195,0.18825100108377635,0.005212634186622726,0.03211276561920408,1.1649223454283457,1.0942328658214941,1.068354364876618,0.9264920564056554,50.850572514458726
TSLA,2024-02-22,197.57,191.5,191.97,78841917,197.41,92739461,0.03525657261536893,0.48994252803169275,0.01355444883708983,-0.015165876777251145,1.185021505850246,1.1041948794722989,1.0784636911319323,0.8681537314424935,51.3606297234977
TSLA,2024-02-23,201.78,192.0,199.4,111628616,191.97,78841917,0.03161952388394016,0.550247116062197,-0.027556861354541298,-0.03990997749437354,1.1635131159996455,1.0747285576998875,1.0462525515281766,0.7480505910538322,51.56891253452111
TSLA,2024-02-26,205.6,198.26,199.73,108606912,199.4,111628616,0.04904714142427282,0.7269938642873286,0.03870396416106687,3.2381824531169663,1.0201471385742498,1.1093256136435745,1.0842441176500897,1.0658717352788647,52.036555110349106
TSLA,2024-02-27,205.3,198.44,202.04,99806173,199.73,108606912,0.03674961197616784,0.5871934596904722,0.0016549648946839724,0.03081131296449215,1.0156313562769506,1.1015341304584267,1.0836403251976783,1.037692601726923,51.74102161600852
TSLA,2024-02-28,205.28,198.4463,201.88,85905374,202.04,99806173,0.03395367254009114,0.23615160315429815,0.011565613578330759,0.03732607691122853,1.019837464035132,1.106142079460716,1.0918046247831215,0.9551637166037189,51.78661894561652
TSLA,2024-02-29,204.52,198.5,202.64,82243119,201.88,85905374,0.03385030711313648,0.33656730565203924,-0.0007919223916056058,0.02264322982624993,1.014451970814657,1.1044014583110304,1.087115591682087,0.8244730831349641,51.20290761443705
TSLA,2024-03-01,199.75,186.72,188.14,134301269,202.64,82243119,0.029707856296881222,0.3521594678535511,0.003764612641172929,0.055581601291868454,1.0074675098688464,1.1069301579237656,1.086897500778586,0.8002187503370047,52.129232778292774
TSLA,2024-03-04,184.59,177.57,180.74,119597758,188.14,134301269,0.06925693632401404,0.8127398305351192,-0.07155546782471378,-0.05646940822467412,0.9459690475951047,0.9541826001399779,1.007211603495247,1.306514081804289,50.586688894770965
TSLA,2024-03-05,181.576,173.7,176.54,107869464,180.74,119597758,0.0388403231160784,0.32905982859108274,-0.03933241203359189,-0.09507835578030331,0.9264537029443124,0.9227454664270544,0.9687261107198043,1.1651627849022244,48.873762672148274
TSLA,2024-03-06,180.04,173.7,178.65,102129004,176.54,107869464,0.04461311883992299,0.4380396134610994,-0.02323780015491876,-0.12621263116214612,0.9292165820999221,0.909770212678241,0.9490228229855768,1.0527815835907812,46.547721747585705
TSLA,2024-03-07,182.73,174.7,175.34,85544644,178.65,102129004,0.03548838511055138,0.678233437416037,0.01195196556021306,-0.11506835744006336,0.9638937747515405,0.9296311136319879,0.9631900024748834,0.9875538414095858,46.93880243536806
TSLA,2024-03-08,182.87,174.8,177.77,85241528,175.34,85544644,0.04579673776662485,0.7671232867159106,-0.018527847746991337,-0.13472167390446105,0.9747501139635983,0.9203716340349588,0.9500128554337388,0.8267615151809997,82.3459584019144
TSLA,2024-03-11,179.43,172.4101,177.54,87303524,177.77,85241528,0.045395736063452735,0.28810408886232686,0.013858788639215278,-0.05511852875518219,0.9997862863313238,0.9438430131618769,0.9658897346918451,0.8279085731679309,35.20266518600779
TSLA,2024-03-12,176.05,169.15,169.48,106518518,177.54,87303524,0.03953982201194101,0.032763999440501713,-0.0012938066040390289,-0.01770499059422384,1.002099701977784,0.9538597094472622,0.9663412179416034,0.847711747452189,33.82159624413144
TSLA,2024-03-13,171.17,160.51,162.5,126242246,169.48,106518518,0.040712768468255875,0.5173913035979864,-0.04539822011940973,-0.03999093689815341,0.9642914039918978,0.9267684500634323,0.9273241006239993,1.0217304437326458,26.197375149139262
TSLA,2024-03-14,165.1845,160.76,163.57,96978832,162.5,126242246,0.06559999999999998,0.4943714817125982,-0.04118480056643846,-0.09040022390148338,0.9418870199274312,0.9081560798953804,0.8984605574999733,1.2077781430546448,25.527321043016116
TSLA,2024-03-15,174.72,165.9,173.8,108207608,163.57,96978832,0.02704958121905009,0.09266583773835146,0.0065846153846153424,-0.06712672521957345,0.9612039583480245,0.9345415278785559,0.9135645023495884,0.9342317091868666,16.731662024141116
TSLA,2024-03-18,172.82,167.42,171.32,77268528,173.8,108207608,0.05074798619102412,0.42857142808552035,0.06254203093476811,-0.02233222703493277,1.0261072866606054,1.0011924443957996,0.9375160141004999,1.067090008246522,29.662745098039238
TSLA,2024-03-19,176.25,170.82,175.66,83846726,171.32,77268528,0.03151996264300727,0.19259259223594324,-0.014269275028768803,-0.0350343584544328,1.0189491714941652,0.9922908063086806,0.9297655777251351,0.772369186751768,25.969962453066344
TSLA,2024-03-20,178.18,171.8,172.82,73067414,175.66,83846726,0.03091198906979396,0.4898710856540115,0.02533271071678732,0.0364644795846118,1.0371376276790458,1.0179470686068275,0.9582883266232419,0.8465854980862001,30.748898678414108
TSLA,2024-03-21,171.2,166.3,170.83,75540637,172.82,73067414,0.03691702349265129,0.5595611276495901,-0.016167596493225567,0.06350769230769227,1.008084743983107,1.0048842888707987,0.9491614788289535,0.7451489664192164,28.754630948988336
TSLA,2024-03-22,175.24,168.73,172.63,74228615,170.83,75540637,0.02868348650705366,0.8448979574593989,-0.011514870964008684,0.04438466711499676,0.9881077704383237,0.9959248873368355,0.9437104842295996,0.771670130570419,34.992196982833406
TSLA,2024-03-25,184.25,177.38,177.67,113131227,172.63,74228615,0.03771071076869617,0.5944700451697839,0.010536790961774763,-0.006731875719217582,0.9998725760489309,1.009443616057071,0.960758232645633,0.7730344079687039,42.212406376032256
TSLA,2024-03-26,181.91,176.0,179.83,81804043,177.67,113131227,0.03866719198514102,0.13245997069511276,0.029195388982216255,0.03706514125612885,1.0215498901806557,1.0388357461936055,0.9949153871137539,1.1754063412431355,51.067851067851066
TSLA,2024-03-27,179.57,175.3,175.79,77633508,179.83,81804043,0.032864371906800846,0.2673434851652369,0.012157370405808663,0.02373904132984183,1.0290347684771912,1.0451404427448086,1.0133122966176904,0.8579478403331297,51.114048338368576
TSLA,2024-03-28,38.229333,37.134384,38.111555,217034555,175.79,77633508,0.024290346436088413,0.3887587812909639,-0.022465662014124563,0.017185510936234227,1.0025092671799258,1.0138299344837132,0.9978826427796983,0.81775510725556,50.41907245297074
TSLA,2024-03-29,176.75,170.21,175.22,81562127,38.111555,217034555,0.028730105607078997,0.8924351646292696,-0.7831983901245804,-0.7769036176315635,0.25611517914720705,0.23694414629636584,0.22694016700003877,2.134602014949623,13.041284424670692
TSLA,2024-04-01,167.69,163.43,166.63,116639094,175.22,81562127,0.03732450633489323,0.14525993861580894,3.597555780654974,0.015003186004750063,1.1734191092299766,1.0884030533538227,1.0473990965698605,0.8235477083351557,49.64397180268954
TSLA,2024-04-02,168.82,163.28,168.38,82890791,166.63,116639094,0.02556562443737617,0.44131455295466054,-0.04902408400867483,-0.062137670963021294,1.1326412337786256,1.0380692539838339,1.0002696655103012,1.1794880686943394,49.5633480680634
TSLA,2024-04-03,177.19,168.01,171.11,123127860,168.38,82890791,0.032901769806390264,0.7870036086877176,0.01050231050831183,-0.0636712450647835,1.162634046516589,1.053750437395141,1.0132564748389312,0.8489372390134675,50.915554457443825
TSLA,2024-04-04,170.86,160.51,164.9,142987603,171.11,123127860,0.05364969902401967,0.11328976022517669,0.01621332699845598,-0.026622674782410708,1.1891697141442694,1.0719824164060534,1.0320260540408583,1.247614853293844,51.16798944311039
TSLA,2024-04-05,174.5,167.79,172.98,104362520,164.9,142987603,0.06276531231049134,0.40386473390930916,-0.03629244345742509,3.3267717625271387,0.9743098884477218,1.0369298217121163,0.9977124749080644,1.4078744827832999,48.60395174516855
TSLA,2024-04-08,179.22,171.92,176.88,103224375,172.98,104362520,0.03879061163140252,0.5424739187146412,0.04899939357186164,-0.012783928775254019,1.0247630331753552,1.08749940836807,1.048118581475112,1.0179842255428377,50.25589097244088
TSLA,2024-04-09,174.93,170.01,171.76,84490407,176.88,103224375,0.04127091813658984,0.5438356156933749,0.022545959070412798,0.061513532977254995,1.035294117647059,1.1125706962081274,1.0719637627522562,0.9991243624941211,50.18831991132046
TSLA,2024-04-10,175.88,168.51,174.6,94500987,171.76,84490407,0.028644620400559012,0.2601626010972299,-0.02894617819990957,0.02007364295046915,1.0013642246656482,1.0858779533303298,1.040215838366871,0.8266076405583462,49.83752144295428
TSLA,2024-04-11,173.8099,170.3644,171.05,64694669,174.6,94500987,0.04221076746849946,0.2781546807623385,0.016534699580810455,0.020396236339196894,1.0137959866220736,1.1046636860423573,1.0535552563807935,0.939127430746899,50.576369951110074
TSLA,2024-04-12,170.69,161.38,161.48,100237910,171.05,64694669,0.020143232972815023,0.37440139203482065,-0.020332187857960957,0.03729533050333539,0.9861404176323406,0.9982433717924029,1.0298101423689041,0.653401217880857,49.75973008747133
TSLA,2024-04-15,158.19,153.75,157.11,96941856,161.48,100237910,0.05765419866237307,0.9409237369055616,-0.0559485530546625,-0.06648167418198636,0.9434778036154574,0.9500108838254586,0.9758126939740638,1.0164706377785935,47.57145305618757
TSLA,2024-04-16,158.33,153.78,155.45,82400718,157.11,96941856,0.02826045445865952,0.08288288269621504,-0.027062174882338225,-0.11177069199457249,0.9396531100478469,0.9295074693092739,0.9534989310408208,0.9733377414025917,46.61438120857591
TSLA,2024-04-17,152.2,148.7,149.93,96098830,155.45,82400718,0.02926986169186241,0.48131868026083635,-0.01056584558589539,-0.09495808104331627,0.9482243287096339,0.9267760475043522,0.9492458617937318,0.8279395134927936,46.947384158856806
TSLA,2024-04-18,150.94,146.22,147.05,87048100,149.93,96098830,0.023344227306076167,0.3771428560653042,-0.03550981022836914,-0.14129438717067577,0.9429322532766472,0.9052978612919198,0.9219818857555386,0.9545297929688273,77.81574877357882
TSLA,2024-04-19,144.44,138.8025,142.05,107028504,147.05,87048100,0.032097925875552526,0.4067796601551253,-0.019208964183285503,-0.14030985092078338,0.9536069103265804,0.8975822351354156,0.9109319893391348,0.8597174259481651,28.90519694473568
TSLA,2024-04-22,147.26,141.11,144.68,124485654,142.05,107028504,0.03968673002463913,0.2643015516376047,-0.03400204012240734,-0.12032449838989336,0.9449966071927516,0.8837472625920766,0.8883728536701958,1.040202546701398,30.54764165875278
TSLA,2024-04-23,167.97,157.51,162.13,181105220,144.68,124485654,0.042507602985899756,0.2195121947650207,0.018514607532558923,-0.07911654254980591,0.9786784999188267,0.9185098656644405,0.9142520445050603,1.2032283809259305,31.501717140181086
TSLA,2024-04-24,170.88,158.36,170.18,126405121,162.13,181105220,0.06451612903225812,0.06787762899820565,0.1206110035941387,0.0429720167256353,1.0868953126675962,1.0356237184851134,1.0302826869816322,1.6703307680878852,44.30058390454429
TSLA,2024-04-25,172.12,166.37,168.29,109794440,170.18,126405121,0.07356916206369715,0.896166133469517,0.04965151421698644,0.1350630294137264,1.1107050085499093,1.0901217723286636,1.0833688712285803,1.1401885893212997,53.27462168196477
TSLA,2024-04-26,198.87,184.54,194.05,243680048,168.29,109794440,0.034167211361340544,0.09739130417845031,-0.011105887883417645,0.14444066643998626,1.0687386483431345,1.0799242788847176,1.0287114974357094,1.0406923810492328,46.84938868735725
TSLA,2024-04-29,190.95,182.8401,183.28,127004487,194.05,243680048,0.07384694666323119,0.39288206532248415,0.15306910689880576,0.3660682858148539,1.1559815567178584,1.2197344932491894,1.1793879095265734,2.1449342310749224,58.91577526222869
TSLA,2024-04-30,185.86,179.01,179.99,92829719,183.28,127004487,0.04424869052815355,0.45623250538695564,-0.05550115949497557,0.2667956870334531,1.0438189832902394,1.133393936020877,1.1083227004178584,1.1128492881586811,55.65038257798706
TSLA,2024-05-01,184.6,176.02,180.01,89148041,179.99,92829719,0.03805766987054849,0.29343065650593836,-0.017950676560453908,0.11015851477209655,1.0046439455675997,1.0964102751533538,1.0846201358863496,0.8098737888273779,52.63209297782987
TSLA,2024-05-02,184.78,178.42,181.19,75491539,180.01,89148041,0.0476640186656296,0.3321678317806934,0.0001111172842934708,0.0577623692560817,0.9938495174576533,1.0768015983633525,1.0818396261850742,0.7894554474751752,54.53166093465506
TSLA,2024-05-03,187.56,182.2,184.76,84390253,181.19,75491539,0.03510127490479615,0.14308176078131715,0.006555191378256802,0.07665339592370317,0.9863149414275137,1.06216842043556,1.0836268816496917,0.6891142337575297,60.89311373936112
TSLA,2024-05-06,183.26,177.4,177.81,75007154,184.76,84390253,0.02901060835678726,0.1791044772777859,0.019703074121088324,-0.04787425921154352,1.0160245482441186,1.0566408930777322,1.101098953491144,0.7774317721855845,65.41764246682278
TSLA,2024-05-07,176.06,170.15,174.72,79966888,177.81,75007154,0.03295652662954831,0.7832764491752987,-0.03761636717904302,-0.029845045831514615,0.9837235549260865,0.9979850591292536,1.0593860315474328,0.7000907791597928,61.77337826453244
TSLA,2024-05-08,175.62,171.37,171.97,65950292,174.72,79966888,0.033825549450549434,0.5296108282070878,-0.017378100219335266,-0.029279404411356243,0.9722979665883872,0.9737610629333214,1.0400588128495363,0.7479622014073201,63.39565546309305
TSLA,2024-05-09,173.0599,167.75,168.47,72592678,171.97,65950292,0.024713612839448743,0.7152941159640119,-0.015739468864468864,-0.044664185323037564,0.9656353529114492,0.9574793855473337,1.0244907928678237,0.6252073451993361,63.48484848484847
TSLA,2024-05-10,175.4,169.0,171.89,66970453,168.47,72592678,0.031518371223363206,0.8625397825523298,-0.020352387044251904,-0.07020254980959213,0.9596914768778554,0.9378983994432846,1.0044118523818044,0.6856103375669459,64.53245324532452
TSLA,2024-05-13,179.49,174.07,177.55,86396172,171.89,66970453,0.037233114200942496,0.2953124995385718,0.020300350210719936,-0.06965793461788268,0.9937446523136692,0.9688910934620001,1.021631436459327,0.6426058431988203,64.83804122586977
TSLA,2024-05-14,180.0,173.11,173.99,79662993,177.55,86396172,0.03052661222190941,0.5634870838312039,0.032928035371458636,-0.0014622349699116523,1.0267753874624106,1.0040376393946935,1.0489004415956522,0.833218333580432,59.64956195244056
TSLA,2024-05-15,175.79,171.43,174.84,59387220,173.99,79662993,0.03959997701017292,0.8577648753878606,-0.020050689946493956,-0.004178113553113495,1.0070380960098164,0.987255725277469,1.0222709232400802,0.7692980823267569,52.52619016045617
TSLA,2024-05-16,179.63,172.75,177.46,77409845,174.84,59387220,0.024937085335163492,0.1697247702529275,0.004885338237829728,0.01668895737628659,1.0086069640261208,0.9949976951837878,1.0198022689492257,0.583846109687544,54.40365738873203
TSLA,2024-05-17,177.754,173.52,174.95,61727375,177.46,77409845,0.03876930012397157,0.5683139526623343,0.01498512926103869,0.05336261648958277,1.013211834697909,1.0120561632429597,1.0259849507560757,0.7646524229619526,33.80831544017177
TSLA,2024-05-20,186.875,174.71,186.6,115247812,174.95,61727375,0.02420120034295502,0.6164383547084653,-0.014144032458018816,0.01780208272732563,0.9954027697174525,1.0033550311128951,1.0019443275175317,0.6236960757257475,40.307191063532684
TSLA,2024-05-21,183.8,178.12,180.11,88313477,186.6,115247812,0.06519292604501603,0.9116317296246357,0.06659045441554734,0.05097155730780052,1.0508650207244548,1.0648010773550023,1.0559883196147284,1.169928926102866,56.43872978764854
TSLA,2024-05-22,181.9,173.26,173.74,71975496,180.11,88313477,0.03153628338237747,0.48239436534789326,-0.03478027867095381,0.0351744353123743,1.0073716944829747,1.0246155771604764,1.0141014777132467,0.9408182129814553,50.08650519031144
TSLA,2024-05-23,180.08,173.73,179.24,65584478,173.74,71975496,0.049729480833429346,0.9328703692906579,-0.03536727555382824,-0.006291466483642155,0.972940886589163,0.9873834962491476,0.9772560445710654,0.7896611410044204,44.08636291474838
TSLA,2024-05-24,32.503992,31.905769,32.009329,197375753,179.24,65584478,0.03542735996429381,0.6937007863091303,0.031656498215724645,0.01003042939253917,1.0017437181436109,1.0124437264526627,1.0050972629548425,0.7374277297363709,45.748613678373395
TSLA,2024-05-27,178.25,173.16,176.75,59714120,32.009329,197375753,0.018689020316545756,0.8268872840581606,-0.8214163746931488,-0.8170372735067162,0.21291311409431896,0.1963173167139446,0.1880369109178716,2.2785972408587147,14.473636882015853
TSLA,2024-05-28,178.15,173.93,176.19,54702649,176.75,59714120,0.028797736916548817,0.06876227884329494,4.521827714664059,-0.05278670953912109,1.19127963786296,1.084562541183578,1.0403027318736138,0.7172256621769255,50.292632571103034
TSLA,2024-05-29,182.67,175.38,178.79,77784755,176.19,54702649,0.02395141608490833,0.4739336481660341,-0.003168316831683181,-0.021764477263894372,1.1938135067673938,1.079668803937623,1.0381676943685711,0.672429688600328,50.612195144299065
TSLA,2024-05-30,180.32,173.82,178.08,67224602,178.79,77784755,0.04077409251076678,0.029492455377925803,0.014756796639990888,0.02906642108898344,1.2031963274176096,1.0929557495679945,1.0538665166958243,0.9628903227974918,51.501041382366964
TSLA,2024-05-31,182.6389,174.49,176.29,68559920,178.08,67224602,0.03650044923629829,0.06461538451597441,-0.003971139325465516,-0.006471769694264654,1.2002922614597982,1.088203029823053,1.0506444709557865,0.8364470786396458,50.90748799927022
TSLA,2024-06-03,177.755,174.0,174.77,60056340,176.29,68559920,0.04622440297237505,0.22579734660408526,-0.010051662174303798,4.507456904204395,0.9947522852951134,1.0763833937313818,1.042688994261135,0.861546819194209,49.813156921357766
TSLA,2024-06-04,176.15,172.13,175.0,57935756,174.77,60056340,0.02148538078617609,0.0013315579192223381,-0.008622156673662612,-0.011202263083451144,0.9883839297832874,1.0748665235123878,1.034628921367154,0.7618446481031698,50.11636881253522
TSLA,2024-06-05,179.73,172.73,177.94,69887024,175.0,57935756,0.02297142857142863,0.087064676400335,0.0013160153344394904,-0.006754072308303523,0.9910185405411528,1.0796742004006445,1.0359046539019627,0.7453594824576387,50.0239147671481
TSLA,2024-06-06,179.35,175.58,177.48,56244932,177.94,69887024,0.03933910306845004,0.477142856461225,0.01679999999999999,-0.004754180882599666,1.0086386722292762,1.094975406894821,1.051449984791069,0.8968447109007815,50.07167573710178
TSLA,2024-06-07,178.57,173.17,173.79,50869682,177.48,56244932,0.021241830065359377,0.35809018472655146,-0.0025851410587839044,-0.0033692722371968927,1.006715977673912,1.0933288570342286,1.045947514587683,0.7294300105747962,50.380118062085884
TSLA,2024-06-10,174.75,167.41,170.66,64688798,173.79,50869682,0.031071983428275537,0.42037036959190816,-0.02079107505070993,-0.014181178739576835,0.9885890463946847,0.9846012645319193,1.0236280467946235,0.6666797980822516,48.02820751206945
TSLA,2024-06-11,180.55,169.8,177.29,90372346,170.66,64688798,0.04300949255830308,0.4441416887681979,-0.018010242246389294,-0.023516621845854627,0.9753449083863889,0.9702158625120098,1.0072360552945079,0.8600215087678353,48.530195578055604
TSLA,2024-06-12,191.08,181.23,182.47,118984122,177.29,90372346,0.06063511760392577,0.5739534878381816,0.03884917379585137,0.01308571428571424,1.0105909982215333,1.0072780369185665,1.045348351531773,1.1929851495619606,50.55170254441669
TSLA,2024-06-13,186.0,176.92,178.01,82038194,182.47,118984122,0.05398147640708074,0.6010152278162255,0.029217665971007993,0.025458019557154103,1.0347741269607231,1.0345453205349906,1.0734762870748673,1.511236409807668,50.50247137825024
TSLA,2024-06-14,188.81,177.0,187.44,109786083,178.01,82038194,0.05100837031627444,0.8579295144736468,-0.02444237408889137,0.002986251972053196,1.008875337217474,1.0092986335544594,1.0470685798853634,1.0389265690386453,90.8643424206574
TSLA,2024-06-17,187.2,182.37,184.86,68974465,187.44,109786083,0.06300682885189929,0.8060965276832381,0.05297455199146119,0.07854306922147423,1.0461339256811815,1.0560892469786178,1.0985013807728383,1.3492651240726452,62.33556427417494
TSLA,2024-06-18,38.73607,37.984775,38.211803,44581191,184.86,68974465,0.02612788055826022,0.35196687297729307,-0.013764404609474947,0.08320637524903327,1.0156361598558352,1.0356650643719116,1.083933826257391,0.8725019698521295,59.55898566703421
TSLA,2024-06-19,185.21,179.66,181.57,55893139,38.211803,44581191,0.019661333436687058,0.69781775869907,-0.7932932868116412,-0.7844672401150656,0.24780939856503245,0.2318463804756703,0.23378203044920068,0.5799780208252678,12.888190271420584
TSLA,2024-06-20,183.95,180.69,183.01,62922982,181.57,55893139,0.030566723577683603,0.5603603593507034,3.7516731937511554,-0.004932317641256128,1.1788854217943157,1.0992371974932091,1.1082014213437306,0.7348277041403438,50.52552897171351
TSLA,2024-06-21,188.8,182.55,182.58,61992070,183.01,62922982,0.017813234249494516,0.21779141037486732,0.007930825576912473,0.028088309645525535,1.1805698324486087,1.1042581104456177,1.1157067548474071,0.8286989647804834,51.012974533573015
TSLA,2024-06-24,187.97,182.01,187.35,63677065,182.58,61992070,0.03423156972286121,0.38239999938815783,-0.002349598382601926,-0.02592829705505754,1.1852276112779518,1.0958514039853062,1.064239731280715,0.8963487529546874,51.18116287853767
TSLA,2024-06-25,197.755,186.36,196.37,95537066,187.35,63677065,0.03181211635975451,0.494966442122537,0.026125534012487576,0.013469652710158934,1.2122732869231592,1.1133284561168024,1.0886802866857972,0.9180819120433025,51.84247842451797
TSLA,2024-06-26,198.72,194.05,197.42,72650121,196.37,95537066,0.05802821204868351,0.8626590602346149,0.048145182812917055,4.138988076537503,1.0547546407700241,1.1538471913915365,1.1344434813222577,1.3380442771132168,52.70055311137509
TSLA,2024-06-27,203.2,195.26,197.88,95388068,197.42,72650121,0.023655151453753357,0.48179871417173853,0.0053470489382287665,0.08729415652365476,1.0426415134198768,1.149915498830603,1.1344047861621651,1.0211729793458064,52.91677057478992
TSLA,2024-06-28,213.23,200.85,209.86,135663795,197.88,95388068,0.040125328481908216,0.2103274556545015,0.0023300577449093707,0.08125239057974977,1.028910149750416,1.1394076925921897,1.130616291755726,1.3147550695943766,53.55743769195876
TSLA,2024-07-01,231.3,218.06,231.26,205008945,209.86,135663795,0.05899170875821974,0.7140549267253196,0.06054174247018404,0.14941395552634462,1.0610994256128146,1.192988414051361,1.1876755420607468,1.7872331347253063,55.64132035056754
TSLA,2024-07-02,248.35,234.25,246.39,166539471,231.26,205008945,0.05725157831012717,0.9342900295058228,0.10197274373391774,0.23437416599946623,1.1195886869547536,1.2808556533152722,1.2881944261542286,2.4653894210561202,57.45017218000851
TSLA,2024-07-03,42.724716,40.386219,41.574125,125001699,246.39,166539471,0.05722634847193472,0.8390070916035403,0.06542419787252442,0.25472322656210206,1.1377342285350154,1.2235746316463805,1.3457162447495277,1.8799967540094646,58.58778742358515
TSLA,2024-07-04,252.37,242.4601,251.52,154368652,41.574125,125001699,0.05624885671075468,0.4574823039863522,-0.8312669954137749,-0.7894128001215681,0.2242488348726549,0.22188320092000074,0.23584971702578025,1.3685211848420489,38.08445841358903
TSLA,2024-07-05,259.439,244.57,252.94,157169375,251.52,154368652,0.039400047709923634,0.1725547178351408,5.04991686535796,0.27107337780473023,1.2824747193471169,1.2950235084069754,1.397521250251848,1.6038818464691147,54.14473913384453
TSLA,2024-07-08,265.61,250.3,262.33,160742516,252.94,157169375,0.058784692021823466,0.35173851613979384,0.005645674300254403,0.20527971028304576,1.235439691906915,1.2568046744845958,1.375172439958511,1.547523257380824,54.410079657335885
TSLA,2024-07-09,267.59,257.86,263.26,128438090,262.33,160742516,0.05836160561125302,0.7400391895884775,0.03712342848106265,0.13435094698607625,1.2435599623751175,1.2566440960858731,1.3915470929358522,1.5112411834567852,67.65794863911896
TSLA,2024-07-10,271.0,239.65,241.03,221707273,263.26,128438090,0.03695965965205486,0.047276464494061324,0.0035451530515000452,0.06846868785259144,1.2283224773425103,1.2219449968097773,1.3653481073091875,1.1862993819002443,58.29876361730195
TSLA,2024-07-11,251.84,233.0912,248.23,155930773,241.03,221707273,0.13006679666431561,0.710366825929708,-0.08444123680012151,4.797596461741527,0.9481307234792461,1.0965657934642237,1.2313576221147158,1.9550214065175984,55.655282186592146
TSLA,2024-07-12,265.6,251.73,252.64,146912920,248.23,155930773,0.07552995206058905,0.6629757634286039,0.029871800190847564,-0.013080470737913567,0.9789870562159348,1.10403241691445,1.2457949689660994,1.331618970154931,56.31563656373574
TSLA,2024-07-15,258.62,245.8001,256.56,126320970,252.64,146912920,0.054900253324889306,0.2400865174909257,0.017765781734681532,-0.001186052028149013,0.9966153579120941,1.1026660839232374,1.2475168641970504,1.2350295490519836,56.285357542886324
TSLA,2024-07-16,258.47,246.182,248.5,115584810,256.56,126320970,0.0499684284377924,0.09750466064672514,0.015516149461684675,-0.02199519688941403,1.0167073518688774,1.1075452871721587,1.2448368552509042,1.0369280551738156,55.851850663571085
TSLA,2024-07-17,257.14,247.2,249.23,110869037,248.5,115584810,0.04944869215291766,0.3442382809698562,-0.031415653258497045,-0.05606624629643695,0.996423301469173,1.0717747841045018,1.1472034909609972,0.9219311987821251,54.89936777246139
TSLA,2024-07-18,249.44,236.83,239.2,87359423,249.23,110869037,0.03988283914456525,0.1871227362302602,0.002937625754527122,0.03402066132846529,0.9928216323018578,0.986565013617075,1.1328805973884892,0.8653444046126639,54.92271528730779
TSLA,2024-07-19,253.21,243.75,251.51,101218030,239.2,87359423,0.052717391304347765,0.6812053920053893,-0.040243951370220285,-0.0363775530757765,0.9597714524166819,0.9515020366598779,1.0735787123075258,0.675408416111192,52.823261791135394
TSLA,2024-07-22,255.7594,245.63,246.38,111911692,251.51,101218030,0.03761281857580219,0.7716701894591199,0.051463210702341146,-0.004472767574414168,1.0100803212851406,1.001038810104717,1.111633112233768,0.7708654560259671,51.98326515961367
TSLA,2024-07-23,225.99,214.71,215.99,167936339,246.38,111911692,0.04111291500933519,0.712776669187931,-0.020396803308019545,-0.03967882756470224,0.9976352828752367,0.9868858500164227,1.0749366428784726,0.8369348314770295,49.999001042412246
TSLA,2024-07-24,226.0,216.231,220.25,100636466,215.99,167936339,0.052224640029631,0.835992907060288,-0.12334605081581292,-0.13082494969818909,0.8982292420424018,0.8818545934094647,0.938331370285444,1.2228127860128593,76.74303607796327
TSLA,2024-07-25,222.2799,215.33,219.8,94604145,220.25,100636466,0.04435414301929628,0.3531579482514492,0.019723135330339325,-0.11627813666091559,0.9385680072954753,0.9069421739434793,0.9521166127786856,0.7253841018470661,37.01519807324972
TSLA,2024-07-26,234.27,224.7,232.1,129200289,219.8,94604145,0.03161919927206545,0.20000287745146844,-0.0020431328036321847,-0.08110367892976579,0.9523974591179708,0.9158104380723815,0.9456907354119581,0.6820960534021702,36.12692565304755
TSLA,2024-07-29,232.41,220.0,222.62,100160334,232.1,129200289,0.04123222748815175,0.7523510963925246,0.055959963603275625,-0.07717386982624944,1.0228995522335438,0.9754068047337278,0.9938565608810874,0.9337099454573508,37.64609726195341
TSLA,2024-07-30,234.68,226.7875,232.07,67497011,222.62,100160334,0.05574521606324677,0.7759871065463438,-0.040844463593278715,-0.0964363990583651,1.0021066657063633,0.9491042727171958,0.955029667314298,0.7523463618757468,34.476699770817405
TSLA,2024-07-31,231.867,214.3328,216.86,83861898,232.07,67497011,0.034009135174731815,0.5283496984119713,0.04244901626089295,0.07444789110606966,1.029738028468993,0.9963720670630916,0.9986371584884924,0.5265860897683425,46.207246867592275
TSLA,2024-08-01,216.13,205.78,207.67,82829370,216.86,83861898,0.08085492944756985,0.6176500777807646,-0.06554056965570725,-0.01539160045402945,0.9651519871823403,0.9441914332239048,0.8992705815028759,0.664929425755337,37.564417664314604
TSLA,2024-08-02,203.8799,182.0,198.88,100250380,207.67,82829370,0.0498386863774257,0.6966183568148626,-0.042377570782993756,-0.05518653321201102,0.9343393442032898,0.9167641540668799,0.8690630381426064,0.6759123769857811,32.82407761057215
TSLA,2024-08-05,202.9,192.67,200.64,73783942,198.88,100250380,0.11001558728881734,0.6243172954975492,-0.04232676843068326,-0.14312796208530806,0.922363417122716,0.8988439045113936,0.8418005083479538,0.8375234948364049,28.759758432758858
TSLA,2024-08-06,203.49,191.48,191.76,71074378,200.64,73783942,0.050986842105263254,0.010752688161533387,0.008849557522123849,-0.09873326745126232,0.9498920577207135,0.925939599793251,0.8604843655514622,0.6396490688120868,31.518381217176383
TSLA,2024-08-07,200.7,192.04,198.84,65016474,191.76,71074378,0.06263037129745526,0.7502081592421251,-0.04425837320574161,-0.1736975912440212,0.9438772998887588,0.8949665134296316,0.8352061882611193,0.6318706859168123,29.12155779989827
TSLA,2024-08-08,200.88,195.11,200.0,58587374,198.84,65016474,0.04355260510963587,0.362586604662142,0.036921151439299194,-0.08309508438624001,0.9964020485272452,0.9373762516264074,0.8740738461403202,0.6212876975567967,35.01633501633502
TSLA,2024-08-09,199.26,194.67,197.49,64044699,200.0,58587374,0.02884999999999991,0.5112651637586388,0.005833836250251441,-0.03693359657148355,1.0099785884539247,0.9517283386630122,0.8885926913251139,0.5871610077197235,29.150813567554437
TSLA,2024-08-12,208.49,197.06,207.83,76225787,197.49,64044699,0.023241683123196126,0.33333333260711695,-0.012549999999999955,-0.006989139179404598,0.998705409970366,0.955521257190964,0.8883241310288216,0.6696619778520732,29.78248283847489
TSLA,2024-08-13,208.44,198.75,201.38,70238414,207.83,76225787,0.054996872443824306,0.8188976370788303,0.05235708137120868,0.03583532695374814,1.0434071009719657,1.0127970215005555,0.9451930817123808,0.8184651990026877,45.954788816180844
TSLA,2024-08-14,215.88,204.82,214.14,89848530,201.38,70238414,0.04811798589730856,0.6202270375436245,-0.031034980512919294,0.05016687526074262,1.0013525071106073,0.9962648724862098,0.9257786461326284,0.7729951259784953,40.84425036390101
TSLA,2024-08-15,219.8,210.8,216.12,87153922,214.14,89848530,0.05164845428224527,0.8245931276450309,0.06336279670275097,0.07694628847314415,1.0488421300105795,1.0608184758970192,0.9924433599588451,1.000381690549964,47.54680998613036
TSLA,2024-08-16,222.98,214.09,222.72,76435222,216.12,87153922,0.0416435313714603,0.5522222216086418,0.009246287475483414,0.08060000000000002,1.0420845548526463,1.0661641375772046,1.0070055191469436,0.9704907078070644,42.39337395277989
TSLA,2024-08-19,228.22,219.56,221.1,73999382,222.72,76435222,0.03991558908045971,0.6355455560905015,0.030538589672404193,0.12775330396475765,1.0484000037658046,1.0859516704698382,1.0447656173039306,0.8630425774199476,50.04894283476899
TSLA,2024-08-20,224.6594,218.86,223.27,70144164,221.1,73999382,0.039167797376752585,0.4364896068862709,-0.007273706896551745,0.06385026223355618,1.0279322336488572,1.067404339136228,1.0433526966255018,0.8538138900798987,44.18530690130394
TSLA,2024-08-21,224.8,210.32,210.66,79508482,223.27,70144164,0.025974828682760742,0.10345897833662687,0.009814563545906901,0.10869997020558156,1.0173144393311158,1.0617293343921936,1.0517861096586065,0.8577219286670092,53.942674375691965
TSLA,2024-08-22,221.48,214.21,220.32,81397707,210.66,79508482,0.06873635241621578,0.9088397783778717,-0.056478702915752285,-0.016251050714485803,0.9629114977099654,0.9961649587886755,0.9946293039341825,0.9849519382064068,51.76484476449061
TSLA,2024-08-23,219.09,211.01,213.21,59176187,220.32,81397707,0.0329974582425562,0.806740026400632,0.04585588151523781,0.019433647973348088,1.0032147313012831,1.0319292937335773,1.0401112246752604,1.0166721321723193,62.526291189530255
TSLA,2024-08-26,215.66,206.94,209.21,62821390,213.21,59176187,0.03789690915060275,0.6856435635078647,-0.03227124183006529,-0.04269935344827582,0.9793213052105535,0.991328606300128,1.0110537322350732,0.7729217122348037,56.91191026064006
TSLA,2024-08-27,211.84,202.59,205.75,64116350,209.21,62821390,0.041680608001529555,0.4633027517622666,-0.01876084611415975,-0.05377657168701939,0.9715604595651407,0.9721067035913258,0.9952499542121275,0.8410417341104813,60.13945380592679
TSLA,2024-08-28,214.89,205.97,206.28,62288458,205.75,64116350,0.04495747266099635,0.42918918872520073,-0.016538406385928052,-0.07847001388453446,0.9712977387527734,0.9540922791560399,0.9849563770839067,0.8603253342558894,54.191435157102994
TSLA,2024-08-29,214.5701,207.03,214.11,63365208,206.28,62288458,0.043242195074655744,0.39461883363832134,0.002575941676792229,-0.02079179720877241,0.9778435109075913,0.960049147367637,0.9900006479061833,0.8480731963042766,53.83863080684596
TSLA,2024-08-30,37.030975,35.473032,36.837861,35364803,214.11,63365208,0.03521601046191208,0.7267808109616867,0.037958115183246134,-0.02818627450980383,1.0209716182192723,0.9974238690412414,1.0259936603166009,0.8743185582628817,59.53856749311294
TSLA,2024-09-02,219.9043,209.64,210.6,76714222,36.837861,35364803,0.04229189637259326,0.8760455236420991,-0.8279489000980804,-0.8272226396510483,0.2111807710655583,0.18787658389290468,0.1836535938487057,0.5108339754309502,16.347038117242548
TSLA,2024-09-03,222.22,210.57,219.41,80592967,210.6,76714222,0.0487383665717,0.4540007594731233,4.716944314437801,0.006644041871803385,1.2053876901076823,1.0798627405852594,1.0473370847775711,1.1057737294185956,51.0940652164159
TSLA,2024-09-04,235.0,222.25,230.17,119195013,219.41,80592967,0.05309694179845953,0.7570815444145212,0.04183285849952518,0.06639125151883352,1.236477891918997,1.127267614006148,1.0836994028649596,1.1537677072038515,50.631267337721496
TSLA,2024-09-05,233.6,210.51,210.73,112170404,230.17,119195013,0.05539383933614286,0.5239215682165304,0.04904060890570161,0.11581345743649402,1.2631048278305255,1.1708136244825995,1.1281162407190688,1.6426889677528809,51.648309318690565
TSLA,2024-09-06,219.87,213.67,216.27,67443518,210.73,112170404,0.10957148958382767,0.9471632737344464,-0.08445931268193074,-0.01578627808136016,1.1607298075472965,1.0771821971429474,1.0301275874023936,1.4908334167446775,48.63450297609791
TSLA,2024-09-09,226.4,218.6377,226.17,78891136,216.27,67443518,0.028667868867619257,0.011290322562438417,0.02628956484601158,4.870862045980358,0.9946375025294799,1.10377435653978,1.0523785804399346,0.8943576738718355,49.454797002773276
TSLA,2024-09-10,228.47,216.8003,228.13,83538383,226.17,78891136,0.03432064376354075,0.7858495538875708,0.04577611319184342,0.0739316239316239,1.0254817501700293,1.144395140417443,1.0956633571898289,1.0443171426779285,50.32173298931897
TSLA,2024-09-11,231.45,223.83,229.81,71802892,228.13,83538383,0.05115372813746551,0.3067773804752657,0.008666047663262184,0.03974294699421174,1.0262535201130036,1.141387415596901,1.0980437447723628,1.096185235134657,51.985072626546604
TSLA,2024-09-12,232.67,226.32,230.29,59498489,229.81,71802892,0.033157826030198755,0.6758530174857601,0.00736422215403501,-0.0015640613459616164,1.0341460341460342,1.1364142885068849,1.1019742493485594,0.9534818083297105,51.09824164268546
TSLA,2024-09-13,229.96,223.53,226.78,54304195,230.29,59498489,0.027573928524903358,0.36062992069192046,0.0020886819546581514,0.09282019645992504,1.018378483553999,1.129748735065661,1.1005369957464386,0.8048687533578633,52.00740776717026
TSLA,2024-09-16,234.57,226.5533,227.87,66758836,226.78,54304195,0.028353470323661728,0.3919129076331071,-0.015241651830300885,0.04859666158043182,0.9936206382866859,1.0176991150442478,1.0827126324976715,0.7457660019939802,52.067378522944196
TSLA,2024-09-17,235.68,226.88,227.2,77908454,227.87,66758836,0.035181024268223046,0.19708857734842278,0.004806420319252154,0.007516469912013163,0.9969113117737645,1.0147263796796444,1.0861612637394165,0.9213879996605103,52.617353282285734
TSLA,2024-09-18,244.24,232.13,243.92,102679026,227.2,77908454,0.038732394366197236,0.3284090905359,-0.002940272962654215,-0.004076622978126537,0.9947896142563158,1.0082452450053698,1.0819542584783974,1.0695414714437324,52.47454320772216
TSLA,2024-09-19,243.99,235.92,238.25,99879070,243.92,102679026,0.04964742538537231,0.8191577202153921,0.07359154929577465,0.06139854662547315,1.0549625451966158,1.0758787386918491,1.1524502229093843,1.3875284942482944,53.45347488596686
TSLA,2024-09-20,250.0,241.92,250.0,86912394,238.25,99879070,0.033871983210913,0.4052044604644308,-0.02324532633650372,0.03456511355247735,1.0233930688476143,1.0382666068183501,1.1209132904336694,1.333045980148904,88.73427476974602
TSLA,2024-09-23,257.19,249.0501,254.27,88490999,250.0,86912394,0.03232000000000005,0.9146039592641008,0.04931794333683106,0.1023899814798483,1.0528621003335468,1.0736894546516522,1.1661024663738606,1.1389047257208489,70.10614411104308
TSLA,2024-09-24,257.05,252.28,257.02,65034318,254.27,88490999,0.03201282101702919,0.023341810067271016,0.01708000000000004,0.11585553166279021,1.0475511683860124,1.0790063313699862,1.173685336559755,1.1404105177765052,68.65368150684932
TSLA,2024-09-25,261.75,251.53,254.22,67142193,257.02,65034318,0.018558867014240178,0.93920335232871,0.010815275101270191,0.13124999999999998,1.0334872050568573,1.077466766719348,1.1725049743136908,0.8376216502925008,65.71462015685356
TSLA,2024-09-26,260.6999,254.12,260.46,70737817,254.22,67142193,0.04020140036189127,0.6242661442032644,-0.010894093844836913,0.042226959658904606,1.0138303981623278,1.0549335635026684,1.1471871892152627,0.8620758045720265,81.6106992295392
TSLA,2024-09-27,264.86,255.77,261.63,80871681,260.46,70737817,0.0252626123013131,0.46885210950188516,0.024545669105499098,0.09322140608604398,1.0206352813937631,1.0674633912434068,1.1631812379939908,0.9039635076944111,81.79594186213845
TSLA,2024-09-30,263.98,248.53,258.02,87397613,261.63,80871681,0.034743722050223615,0.28492849253582936,0.004492052522460324,0.046519999999999985,1.015959925442684,1.057159250699035,1.1125616601462833,1.004264099062163,79.18038183015145
TSLA,2024-10-01,251.1585,241.5,249.02,93968030,258.02,87397613,0.05987907914115192,0.30097087359160646,-0.013798111837327575,0.01474810241082303,0.9990320207534751,1.0300240719523832,1.086258214717237,1.07815137026808,73.94648293542701
TSLA,2024-10-02,249.79,237.81,240.66,80721140,249.02,93968030,0.038786041281824765,0.15219754604524746,-0.034881016975428156,-0.03112598241381983,0.9701951922702304,0.9855113760037361,1.0418745541532521,1.1497201007565248,63.774559013337175
TSLA,2024-10-03,250.96,244.58,250.08,86719885,240.66,80721140,0.049779772292861256,0.31886477435820937,-0.03357160067464466,-0.05333962709464245,0.9476370108443128,0.9536565552495494,1.0046924053169461,1.0114476742591658,56.68084009792553
TSLA,2024-10-04,249.83,240.7,240.83,68028970,250.08,86719885,0.025511836212412008,0.5313479615496141,0.03914235851408633,-0.039852568532596055,0.9928458563930731,0.9863610188610783,1.0355129428766043,1.1042195351173694,63.948754789272044
TSLA,2024-10-07,246.21,240.56,244.5,56223160,240.83,68028970,0.03791055931569997,0.8948521348358647,-0.03698816378758797,-0.07950158620953249,0.9721784904045665,0.9533253371651607,0.9921662412995429,0.8659020794222669,57.068062827225134
TSLA,2024-10-08,247.43,239.51,241.05,66273629,244.5,56223160,0.02310838445807773,0.16637168112146547,0.015238965245193652,-0.05239903883419883,0.9978858696095796,0.971610688114956,1.0034968479117417,0.7261077492183521,59.136037177862285
TSLA,2024-10-09,242.7899,232.34,238.77,82921063,241.05,66273629,0.03285625388923466,0.3497474743058714,-0.014110429447852714,-0.03200546140872219,0.9902474694360457,0.9640187644722792,0.9867209182378609,0.8655566423295858,48.23731728288909
TSLA,2024-10-10,223.34,214.38,217.8,142551704,238.77,82921063,0.04376554843573307,0.2909118744763947,-0.00945861854387057,-0.0078534031413612,0.9824066226146492,0.9608373373252529,0.9755987938318719,1.0751717866050823,50.333247885157654
TSLA,2024-10-11,221.91,213.74,219.16,86284173,217.8,142551704,0.041138659320477534,0.26004464256691245,-0.08782510365623822,-0.12907869481765835,0.9205799061667864,0.8917604284380681,0.8921933085501859,1.7539167490339949,31.545162769371842
TSLA,2024-10-14,224.26,217.12,219.57,62942337,219.16,86284173,0.0372787004927906,0.11872705003827781,0.006244260789715267,-0.08998048415895035,0.9436139432350509,0.913208522057261,0.8991677487778809,1.041133715891047,29.182971658958834
TSLA,2024-10-15,222.8199,218.93,221.33,49632824,219.57,62942337,0.03251810356606088,0.06162464977363474,0.0018707793392954764,-0.1019631901840491,0.966119593435121,0.9298140117894166,0.9023863489251873,0.7612360988682376,27.161849005976336
TSLA,2024-10-16,222.08,217.9,220.89,50141784,221.33,49632824,0.017575114083043342,0.017995321170220385,0.008015666985471692,-0.08180875337066998,0.9910623930935047,0.9483877878950188,0.9107181065556235,0.6107106777367969,29.68499073502163
TSLA,2024-10-17,222.28,219.23,220.7,49311867,220.89,50141784,0.018923446059124483,0.16746411443190784,-0.001987981746713171,-0.07488377936926759,1.0051877133105802,0.9545890629996802,0.9132346466068427,0.6375813829564198,23.67265469061877
TSLA,2024-10-18,220.48,215.726,218.85,47328988,220.7,49311867,0.01381966470321709,0.00327868851384669,-0.0008601566390511011,0.013314967860422302,1.0016792992329686,0.966033441302635,0.9157714347362438,0.6478568144238914,22.40798166374546
TSLA,2024-10-21,218.22,215.26,217.97,43261066,218.85,47328988,0.021722641078364135,0.010517458959788993,-0.00838241957408244,-0.0014144916955648945,0.9935623876368788,0.9672415164720544,0.9140019587247823,0.6384058316173337,22.952630852092256
TSLA,2024-10-22,218.72,212.11,213.65,80886842,217.97,43261066,0.013579850438133725,0.22297297221968415,-0.004021018962759861,-0.007286969986792341,0.9910069652827032,0.9747818737170687,0.9172798488384081,0.6018955031056048,25.85160989267382
TSLA,2024-10-23,262.1199,242.65,260.48,204468053,213.65,80886842,0.03093845073718692,0.5257186073741023,-0.019819241179978866,-0.03469931776080968,0.9781971686537371,0.9673154675395823,0.9073805094751506,1.1131113907883428,27.585062240663902
TSLA,2024-10-24,269.49,255.32,269.19,161611931,260.48,204468053,0.07474623771498759,0.8115090468818508,0.2191902644512053,0.17922948073701858,1.1508858746078734,1.1678622668579626,1.104800844887624,2.5708376401015656,55.32459553553144
TSLA,2024-10-25,273.536,262.24,262.51,107639853,269.19,161611931,0.05263939968052311,0.9301340854409774,0.03343826781326773,0.21971001359311287,1.1405002796278407,1.1797317018656406,1.1396335848777033,1.922181847886072,64.60049423393738
TSLA,2024-10-28,264.98,255.51,259.52,80516151,262.51,107639853,0.04303074168603098,0.6630665716509692,-0.024815186299639684,0.199497372629655,1.0725200196110476,1.1290072855828035,1.1111463842557614,1.260187477658686,58.9933086986917
TSLA,2024-10-29,263.35,255.8201,257.55,53971226,259.52,80516151,0.03649044389642427,0.5269271377751555,-0.011390042284103497,0.19062256273799139,1.0254870194017465,1.0972943947164802,1.0981417657351162,0.9464507824270176,59.265576402127
TSLA,2024-10-30,259.75,249.25,249.85,66575292,257.55,53971226,0.029236653077072513,0.06440988583592254,-0.007590937114673129,0.20547624619705127,0.9835783845713194,1.0725395721502013,1.0878426038951987,0.649693458127804,59.45048309178744
TSLA,2024-10-31,254.0,246.63,248.98,57532507,249.85,66575292,0.04202521512907745,0.7752380944997745,-0.029897107357794668,-0.040809275184275275,0.9619827201182795,1.0280750698482062,1.0532750171259944,0.8083004176412573,68.61424091067487
TSLA,2024-11-01,248.9,238.88,242.84,68802354,248.98,57532507,0.02960077114627683,0.4156037986219778,-0.0034820892535521496,-0.07507708310115535,0.9737877519731543,1.0127107441378047,1.0498508375235867,0.7111103813129571,67.41822429906541
TSLA,2024-11-04,255.2799,246.2101,251.44,69144505,242.84,68802354,0.041261736122549866,0.17165668645543214,-0.02466061531046665,-0.07493047883890133,0.9646154090598535,0.978191690768326,1.023527130802755,0.8500011097817917,62.73951604073142
TSLA,2024-11-05,289.59,275.62,288.53,165228710,251.44,69144505,0.03607142857142852,0.45204965881050335,0.035414264536320184,-0.031134401972872938,1.005229238961828,0.999360097932838,1.0582268891647906,0.8474639469639452,65.33564225323418
TSLA,2024-11-06,299.75,285.52,296.91,117149232,288.53,165228710,0.0484178421654593,0.2763063705967717,0.14751034043907085,0.12028732284993189,1.1256281014949596,1.1136327671186346,1.202313535767713,1.9093271892954953,75.08529891707462
TSLA,2024-11-07,328.71,297.66,321.22,204736163,296.91,117149232,0.047926981240106484,0.5635980319300103,0.029043773611063157,0.1883530118070844,1.1172951004741478,1.1300869326918688,1.2224253353425065,1.3274840410938518,76.64498986084891
TSLA,2024-11-08,358.64,336.0,350.0,210503775,321.22,204736163,0.09666272336716254,0.7111111108820921,0.08187666296184029,0.2901437866495302,1.1464445301012178,1.1988728609550827,1.2949443071552103,2.2410243941850188,80.93309965552669
TSLA,2024-11-11,345.84,323.31,328.49,155701016,350.0,210503775,0.06468571428571425,0.1634275617652701,0.08959591557188211,0.4412782078734969,1.1604005039453618,1.2649809891428487,1.3747108197597007,2.1574802038342544,84.13921497646999
TSLA,2024-11-12,344.5999,322.5,330.24,125264339,328.49,155701016,0.06858656275685705,0.6324900130348476,-0.06145714285714283,0.30643493477569206,1.0361479986121187,1.1583639242403405,1.2632044453844526,1.5233858809601293,77.2701367781155
TSLA,2024-11-13,329.98,310.37,311.18,120726109,330.24,125264339,0.0669207243217054,0.25384730236161895,0.005327407227008432,0.1445603576751119,1.0149613365624577,1.1354306343476017,1.243886316082873,1.1818641162674661,71.07807590041092
TSLA,2024-11-14,324.6799,309.22,320.72,114435486,311.18,120726109,0.06301818882961634,0.8419173886578687,-0.057715600775193804,0.04806170219931959,0.9480662714105526,1.0478040830619937,1.1524971759782228,1.1023403473169466,61.94051072058238
TSLA,2024-11-15,348.5499,330.01,338.74,126533935,320.72,114435486,0.04820372910950345,0.6565372346156635,0.03065749726846205,-0.0015565655936741172,0.9774294021199174,1.0544554292684372,1.1662291004559904,1.0147312629670473,66.28798477810734
TSLA,2024-11-18,347.3799,332.75,346.0,88852452,338.74,126533935,0.05473194780657728,0.10733606971594505,0.056186081317036604,-0.032171428571428545,1.0394815173962941,1.0796597258300478,1.205478282067114,1.0839470238630908,70.44703696056165
TSLA,2024-11-19,346.5999,334.3,342.03,66340650,346.0,88852452,0.04228294797687867,0.6999364310761269,0.021432367007144095,0.05330451459709577,1.0504711940153502,1.0705346175623371,1.203888629863397,0.7465714502131808,72.2225013818401
TSLA,2024-11-20,347.9899,335.28,339.64,58011719,342.03,66340650,0.03596146536853487,0.2414653775709866,-0.011473988439306438,0.035701308139534774,1.0310369151187395,1.0410192571670323,1.1640760871414908,0.5608462939539621,73.60200737402704
TSLA,2024-11-21,361.53,337.7,352.56,89140722,339.64,58011719,0.037421681780709,0.32809070069151663,-0.006987691138204212,0.09145831994344103,1.0065614386561792,1.020473160149748,1.1405774080778026,0.5227982664023924,73.03353658536585
TSLA,2024-11-22,361.93,338.2,338.59,95738799,352.56,89140722,0.0675913319718629,0.48153587894186617,0.03804027794134971,0.09927662758792707,1.025497827187211,1.0494106441243005,1.1676201988756323,0.8304496434386106,76.94763729246488
TSLA,2024-11-25,346.96,335.66,338.23,62295857,338.59,95738799,0.07008476328302672,0.9081331643876386,-0.03962446108463815,-0.0004428175001477065,0.9849489766234975,1.0112628016928549,1.1074025801999334,0.8968904249329875,70.85427135678391
TSLA,2024-11-26,342.55,326.59,332.89,57896439,338.23,62295857,0.03340921857907327,0.24513274314589958,-0.0010632328184528687,-0.022456647398843878,0.9883697145027908,1.0072574472964,1.0921672527422848,0.5886172148760049,64.42921844152829
TSLA,2024-11-27,59.981527,57.457872,58.455963,79812231,332.89,57896439,0.047943765207726384,0.558270676341936,-0.015788073204624165,-0.026722802093383582,0.9779894353990518,0.9905730558415511,1.0620059083629494,0.5460356910001476,60.63364463884618
TSLA,2024-11-28,345.45,334.6501,345.16,37167621,58.455963,79812231,0.04317190018749666,0.45818108870594165,-0.8243985610862447,-0.8278884613119774,0.2057256801183692,0.1880909659132745,0.19236256481782946,0.7480595469122201,18.666645940258377
TSLA,2024-11-29,360.0,351.1501,357.09,77986478,345.16,37167621,0.031289546876810695,0.8407485246708369,4.904615753229487,-0.02098933514862712,1.2210912734785726,1.1019392933400147,1.1181324702173487,0.3517192859480239,49.64266100403865
TSLA,2024-12-02,355.69,348.2,351.42,58258896,357.09,77986478,0.024783387941415307,0.5322094028947095,0.03456368061188999,0.0546383531705012,1.246974175729484,1.1333866267220452,1.1357614970880265,0.7347973657269805,52.14184696352467
TSLA,2024-12-03,358.1,348.6,357.93,50810874,351.42,58258896,0.02131352797222699,0.05073431234881867,-0.015878349995799266,0.03899713212902462,1.2159727262473154,1.1134748263181344,1.1002339414919025,0.5517514006896405,51.5769064090441
TSLA,2024-12-04,375.43,359.5,369.49,81206169,357.93,50810874,0.026541502528427345,0.5189473678747929,0.018524842069318738,0.07522004265673352,1.2174026329907823,1.1284169003549929,1.108572121611406,0.5087796185857959,53.54694369125907
TSLA,2024-12-05,389.49,370.8,389.22,81453434,369.49,81206169,0.04311348074372786,0.6038920272417502,0.032296817813538964,5.320826499770434,1.0372580835331173,1.1540013675670464,1.1316560545193157,0.828034589006607,53.68889493043028
TSLA,2024-12-06,404.8,378.01,389.79,96302573,389.22,81453434,0.04801911515338368,0.631353664723728,0.053397926872175205,0.1276509444895121,1.0662685258745856,1.2018616301213536,1.179798481201572,0.8862607515727823,53.80838526586197
TSLA,2024-12-09,409.73,390.85,400.99,97541948,389.79,96302573,0.06872931578542298,0.29189996256368,0.001464467396331106,0.09157355288582723,1.0490351750679547,1.1848887379306905,1.1744437208365486,1.1172408282937454,53.33735699135683
TSLA,2024-12-10,424.88,402.38,424.77,104285759,400.99,97541948,0.0470834684156712,0.44014830485161655,0.028733420559788572,0.14105628592567296,1.0511318954399136,1.1961153156260902,1.1951360096036538,1.1711287135274553,54.44452435609448
TSLA,2024-12-11,429.3,415.0,418.1,87750425,424.77,104285759,0.05296984250300163,0.6697777774800985,0.05930322451931463,0.18674042410527192,1.0757701619847437,1.2332492273154443,1.248424670441945,1.2680675611970578,56.216790286758915
TSLA,2024-12-12,436.3,415.71,436.23,88937833,418.1,87750425,0.034202343936857234,0.4713286709990671,-0.015702615533111943,0.13155971744837483,1.0334326971085637,1.099117761490657,1.2098123047203595,1.0888348660795781,54.830283600557486
TSLA,2024-12-13,463.19,436.15,463.02,114083811,436.23,88937833,0.04719987162735261,0.7882467213267375,0.043362831858407065,0.12078002158162475,1.0537567395211318,1.1199656998790768,1.241524876736389,1.1213067111487547,57.15219059042629
TSLA,2024-12-16,483.99,457.5101,479.86,131222758,463.02,114083811,0.0583992052179172,0.8110207097592376,0.06141255759576362,0.18787039174940343,1.080252530201436,1.1572722546588818,1.2948699981389062,1.4497191132795966,58.800198794368114
TSLA,2024-12-17,488.5399,427.01,440.13,149337968,479.86,131222758,0.05518255324469634,0.14954739249410173,0.03636991922595143,0.196688196713135,1.0798026984941358,1.1620574417590932,1.3173076435660236,1.6237978564482436,60.19891140163127
TSLA,2024-12-18,456.36,420.02,436.17,118566146,440.13,149337968,0.13979937745666052,0.4284908637217857,-0.08279498186971203,0.03616074581538248,0.9836010619753814,1.0450422642226234,1.192188170879892,1.7577006736427114,89.28190706025237
TSLA,2024-12-19,447.08,417.64,421.06,132186726,436.17,118566146,0.08331613820299431,0.4323059987803221,-0.008997341694499306,0.043219325520210454,0.9669417090462488,1.0194984900474022,1.1662149848277288,1.3474981881444454,72.40852907864286
TSLA,2024-12-20,434.51,415.4112,430.6,72698055,421.06,132186726,0.06991877642141262,0.1509850542965402,-0.03464245592314926,-0.034775233248515725,0.9397653822804698,0.9769101556337177,1.1155981908790897,1.4664254701815382,65.50787878787881
TSLA,2024-12-23,462.78,435.14,462.28,59551750,430.6,72698055,0.04435392475615416,0.0209437242020724,0.022657103500688787,-0.07001857371171863,0.975170077270792,0.989673472108262,1.127135732650528,0.8169229493972234,68.84161431562917
TSLA,2024-12-24,72.594989,69.636436,70.829545,126505883,462.28,59551750,0.05979060309768969,0.9544138925635264,0.07357176033441697,-0.036635685408244155,1.055318138651472,1.0477265412876056,1.1907288673261205,0.6702285862612419,72.17476305835352
TSLA,2024-12-25,465.3299,451.02,454.13,76651210,70.829545,126505883,0.0417700410188996,0.4032745047890809,-0.8467821558362897,-0.8390713084770409,0.19448626176109543,0.1745309661757172,0.1888134444259313,1.3708416505553396,25.725784802444664
TSLA,2024-12-26,450.0,426.5,431.66,82650021,454.13,76651210,0.03151058067073311,0.77079504345188,5.411589965740991,0.041176605452002614,1.2347874065083853,1.109173585945857,1.14994809283886,0.8320319913454061,53.315961157062944
TSLA,2024-12-27,427.0,415.75,417.41,64924467,431.66,82650021,0.054440995227725525,0.7599999996765939,-0.049479224010745754,0.025174559445209764,1.166964331424045,1.0554706363336397,1.081208412008089,0.8755351158171143,52.09213820632012
TSLA,2024-12-30,427.93,402.54,403.84,76821539,417.41,64924467,0.02695191777868283,0.17688888873165007,-0.03301209285085484,-0.030631676730143977,1.1365458539834579,1.032138054321403,1.0376764550978035,0.6925547200563477,50.81797275644594
